{
    "tagnames": [
        "3370-01-MTR-PROTECT-AI001",
        "3370-01-MTR-PROTECT-AI002",
        "3370-01-MTR-PROTECT-AI003",
        "3370-01-MTR-PROTECT-AI004",
        "3370-01-MTR-PROTECT-AI005",
        "3370-01-MTR-PROTECT-AI006",
        "3370-01-G-MODE",
        "3370-01-P-MODE"
    ],
    "target_tagnames": [
        "3370-01-MTR-PROTECT-AI001",
        "3370-01-MTR-PROTECT-AI002",
        "3370-01-MTR-PROTECT-AI003",
        "3370-01-MTR-PROTECT-AI004",
        "3370-01-MTR-PROTECT-AI005",
        "3370-01-MTR-PROTECT-AI006",
        "3370-01-G-MODE",
        "3370-01-P-MODE"
    ],
    "data_params": {
        "sampling_interval_seconds": 5,
        "durations": [
            {
                "start": "2023-11-25 00:01:52.474",
                "end": "2024-01-19 22:49:03.504"
            },
            {
                "start": "2024-01-20 21:40:58.641",
                "end": "2024-02-04 12:58:38.474"
            },
            {
                "start": "2024-02-05 09:45:50.417",
                "end": "2024-05-14 03:26:31.895"
            },
            {
                "start": "2024-05-15 06:27:53.420",
                "end": "2024-06-13 02:39:37.115"
            },
            {
                "start": "2024-06-14 01:31:32.252",
                "end": "2024-06-30 00:00:00.000"
            }
        ]
    },
    "model_params": {
        "window_size": 8,
        "scaler_type": "MinMaxScaler",
        "optimizer_type": "ADAM"
    },
    "hyper_params": {
        "num_epochs": 300,
        "batch_size": 1024,
        "learning_rate": 0.001,
        "early_stop_patience": 9223372036854775807
    }
}