"Timestamp","3370-20-COMP-A-LCP-AI003"
" 2024-08-05 00:00:00","-0.01"
" 2024-08-05 09:55:05","-0.009"
" 2024-08-05 10:18:00","-0.01"
" 2024-08-05 16:27:18","-0.009"
" 2024-08-05 16:37:26","-0.01"
" 2024-08-05 21:19:48","-0.009"
" 2024-08-05 21:45:24","-0.01"
" 2024-08-05 23:50:41","2.084"
" 2024-08-05 23:58:31","0.015"
" 2024-08-06 00:08:32","-0.003"
" 2024-08-06 00:38:53","-0.004"
" 2024-08-06 00:49:49","-0.003"
" 2024-08-06 01:21:33","-0.004"
" 2024-08-06 02:09:00","-0.005"
" 2024-08-06 02:32:03","-0.004"
" 2024-08-06 02:54:19","-0.006"
" 2024-08-06 03:08:04","-0.007"
" 2024-08-06 03:33:09","2.43"
" 2024-08-06 03:56:19","0.006"
" 2024-08-06 04:07:07","0.005"
" 2024-08-06 04:50:43","0"
" 2024-08-06 05:13:21","-0.001"
" 2024-08-06 05:24:41","-0.002"
" 2024-08-06 05:49:20","-0.002"
" 2024-08-06 06:04:49","-0.003"
" 2024-08-06 06:29:46","2.4"
" 2024-08-06 06:34:00","-0.001"
" 2024-08-06 07:34:50","-0.003"
" 2024-08-06 08:21:40","-0.004"
" 2024-08-06 08:32:03","-0.004"
" 2024-08-06 09:24:17","-0.006"
" 2024-08-06 10:12:08","-0.007"
" 2024-08-06 10:22:13","-0.006"
" 2024-08-06 10:58:12","-0.007"
" 2024-08-06 11:34:22","-0.007"
" 2024-08-06 11:47:06","-0.008"
" 2024-08-06 14:44:34","-0.009"
" 2024-08-06 16:00:07","-0.01"
" 2024-08-06 16:15:55","-0.009"
" 2024-08-06 22:47:40","-0.01"
" 2024-08-06 22:59:55","-0.009"
" 2024-08-06 23:48:18","-0.01"
" 2024-08-07 00:13:40","-0.009"
" 2024-08-07 00:29:05","-0.01"
" 2024-08-07 03:02:33","2.265"
" 2024-08-07 03:19:32","2.426"
" 2024-08-07 03:53:16","0.044"
" 2024-08-07 04:03:41","0.009"
" 2024-08-07 04:59:32","0.002"
" 2024-08-07 05:09:35","0.002"
" 2024-08-07 05:48:12","-0.001"
" 2024-08-07 06:29:59","-0.002"
" 2024-08-07 07:00:09","-0.003"
" 2024-08-07 07:52:37","-0.004"
" 2024-08-07 08:16:59","-0.005"
" 2024-08-07 08:59:52","2.447"
" 2024-08-07 09:08:06","2.345"
" 2024-08-07 09:52:31","0.008"
" 2024-08-07 10:06:31","0.007"
" 2024-08-07 10:37:56","0.002"
" 2024-08-07 11:01:46","0"
" 2024-08-07 11:26:06","-0.001"
" 2024-08-07 12:08:40","-0.002"
" 2024-08-07 13:13:03","-0.003"
" 2024-08-07 13:53:36","-0.004"
" 2024-08-07 14:33:42","-0.005"
" 2024-08-07 14:59:34","-0.006"
" 2024-08-07 15:38:35","-0.007"
" 2024-08-07 16:01:15","-0.006"
" 2024-08-07 16:30:37","-0.007"
" 2024-08-07 17:12:03","-0.007"
" 2024-08-07 17:32:19","-0.008"
" 2024-08-07 17:42:21","-0.007"
" 2024-08-07 18:02:30","-0.008"
" 2024-08-07 18:12:40","-0.007"
" 2024-08-07 18:24:08","-0.007"
" 2024-08-07 19:40:10","-0.008"
" 2024-08-07 20:06:56","-0.009"
" 2024-08-07 21:52:16","-0.008"
" 2024-08-07 22:28:56","-0.009"
" 2024-08-08 03:18:59","-0.01"
" 2024-08-08 03:52:10","-0.009"
" 2024-08-08 05:42:15","-0.01"
" 2024-08-08 08:42:33","2.323"
" 2024-08-08 08:43:35","1.924"
" 2024-08-08 08:57:28","2.462"
" 2024-08-08 09:06:44","2.351"
" 2024-08-08 09:34:15","0.007"
" 2024-08-08 09:55:21","0.008"
" 2024-08-08 10:13:04","0.007"
" 2024-08-08 10:54:00","0.002"
" 2024-08-08 11:04:48","0"
" 2024-08-08 11:52:33","-0.002"
" 2024-08-08 13:12:18","-0.004"
" 2024-08-08 13:24:30","-0.004"
" 2024-08-08 13:48:55","-0.004"
" 2024-08-08 14:16:42","-0.005"
" 2024-08-08 14:36:54","-0.006"
" 2024-08-08 15:14:03","-0.007"
" 2024-08-08 15:24:05","-0.006"
" 2024-08-08 15:42:19","-0.007"
" 2024-08-08 16:21:49","-0.007"
" 2024-08-08 17:15:01","-0.008"
" 2024-08-08 17:25:03","-0.007"
" 2024-08-08 18:29:37","-0.008"
" 2024-08-08 18:49:55","-0.007"
" 2024-08-08 19:46:22","-0.008"
" 2024-08-08 19:56:25","-0.009"
" 2024-08-08 20:11:05","-0.008"
" 2024-08-08 20:56:50","-0.009"
" 2024-08-08 21:13:01","-0.008"
" 2024-08-08 21:24:49","-0.009"
" 2024-08-08 22:05:00","-0.008"
" 2024-08-08 22:15:39","-0.009"
" 2024-08-08 22:44:41","-0.009"
" 2024-08-09 02:30:02","-0.01"
" 2024-08-09 02:40:38","-0.009"
" 2024-08-09 03:13:11","-0.008"
" 2024-08-09 03:52:53","-0.009"
" 2024-08-09 04:48:52","-0.01"
" 2024-08-09 05:03:55","-0.009"
" 2024-08-09 05:21:07","-0.01"
" 2024-08-09 08:41:25","-0.009"
" 2024-08-09 08:55:49","2.451"
" 2024-08-09 09:05:51","2.397"
" 2024-08-09 09:26:34","0.002"
" 2024-08-09 09:54:13","0.006"
" 2024-08-09 10:04:46","0.007"
" 2024-08-09 10:52:37","0"
" 2024-08-09 11:14:37","-0.001"
" 2024-08-09 11:26:27","-0.002"
" 2024-08-09 11:57:04","2.474"
" 2024-08-09 12:07:06","2.416"
" 2024-08-09 12:38:51","0.007"
" 2024-08-09 12:50:26","0.009"
" 2024-08-09 13:00:28","0.008"
" 2024-08-09 13:56:09","0.002"
" 2024-08-09 14:17:53","0"
" 2024-08-09 14:47:42","-0.001"
" 2024-08-09 15:14:06","-0.002"
" 2024-08-09 15:55:58","-0.003"
" 2024-08-09 16:15:00","-0.002"
" 2024-08-09 16:37:15","-0.004"
" 2024-08-09 17:28:36","-0.005"
" 2024-08-09 18:15:18","-0.006"
" 2024-08-09 18:37:33","-0.007"
" 2024-08-09 18:53:31","-0.006"
" 2024-08-09 19:11:14","-0.007"
" 2024-08-09 19:22:35","-0.006"
" 2024-08-09 19:36:57","-0.007"
" 2024-08-09 20:12:22","-0.007"
" 2024-08-09 20:29:50","-0.007"
" 2024-08-09 20:50:59","-0.008"
" 2024-08-09 21:01:01","-0.007"
" 2024-08-09 21:12:43","-0.008"
" 2024-08-09 21:22:53","-0.007"
" 2024-08-09 21:33:41","-0.008"
" 2024-08-09 22:18:28","-0.007"
" 2024-08-09 22:51:17","-0.008"
" 2024-08-09 23:01:24","-0.007"
" 2024-08-09 23:23:41","-0.008"
" 2024-08-09 23:45:17","-0.007"
" 2024-08-10 00:22:37","-0.008"
" 2024-08-10 00:35:13","-0.007"
" 2024-08-10 00:45:47","-0.009"
" 2024-08-10 00:58:39","-0.008"
" 2024-08-10 01:42:32","-0.009"
" 2024-08-10 02:12:37","-0.008"
" 2024-08-10 02:41:01","-0.009"
" 2024-08-10 06:52:56","-0.01"
" 2024-08-10 07:44:14","-0.009"
" 2024-08-10 08:07:17","-0.008"
" 2024-08-10 08:17:19","-0.009"
" 2024-08-10 08:50:08","2.433"
" 2024-08-10 09:00:10","2.387"
" 2024-08-10 09:50:50","0.003"
" 2024-08-10 10:00:52","0.002"
" 2024-08-10 10:56:27","-0.001"
" 2024-08-10 11:41:12","-0.002"
" 2024-08-10 12:13:09","-0.003"
" 2024-08-10 12:25:53","-0.002"
" 2024-08-10 12:50:02","-0.003"
" 2024-08-10 13:00:22","-0.004"
" 2024-08-10 14:22:19","-0.005"
" 2024-08-10 14:52:34","-0.006"
" 2024-08-10 15:32:50","-0.007"
" 2024-08-10 15:47:15","-0.006"
" 2024-08-10 15:58:03","-0.007"
" 2024-08-10 16:08:13","-0.006"
" 2024-08-10 16:37:02","-0.007"
" 2024-08-10 16:51:04","2.366"
" 2024-08-10 17:01:06","2.438"
" 2024-08-10 17:14:13","0.002"
" 2024-08-10 17:59:46","0.002"
" 2024-08-10 18:19:51","0.001"
" 2024-08-10 18:51:05","-0.001"
" 2024-08-10 19:12:30","-0.002"
" 2024-08-10 20:31:30","-0.003"
" 2024-08-10 20:42:44","-0.004"
" 2024-08-10 21:20:55","-0.004"
" 2024-08-10 22:18:16","-0.006"
" 2024-08-10 22:29:27","-0.005"
" 2024-08-10 22:49:32","-0.006"
" 2024-08-10 23:11:25","-0.007"
" 2024-08-10 23:21:35","-0.006"
" 2024-08-10 23:43:06","-0.007"
" 2024-08-11 00:18:37","-0.006"
" 2024-08-11 00:42:26","-0.007"
" 2024-08-11 00:57:19","-0.007"
" 2024-08-11 01:42:06","-0.007"
" 2024-08-11 02:04:09","-0.007"
" 2024-08-11 02:14:17","-0.007"
" 2024-08-11 03:10:33","-0.008"
" 2024-08-11 03:51:02","-0.009"
" 2024-08-11 05:20:13","2.372"
" 2024-08-11 05:27:56","-0.01"
" 2024-08-11 05:38:29","-0.002"
" 2024-08-11 06:27:06","-0.003"
" 2024-08-11 07:07:22","-0.004"
" 2024-08-11 07:26:55","2.436"
" 2024-08-11 07:57:02","2.319"
" 2024-08-11 08:15:41","0.006"
" 2024-08-11 08:26:29","0.009"
" 2024-08-11 08:57:29","0.006"
" 2024-08-11 09:07:47","0.005"
" 2024-08-11 09:51:23","-0.001"
" 2024-08-11 10:02:04","0"
" 2024-08-11 10:30:14","-0.002"
" 2024-08-11 10:57:21","-0.002"
" 2024-08-11 11:27:46","-0.003"
" 2024-08-11 11:41:09","-0.002"
" 2024-08-11 11:54:37","-0.003"
" 2024-08-11 12:10:21","-0.004"
" 2024-08-11 12:29:52","-0.004"
" 2024-08-11 13:12:36","-0.005"
" 2024-08-11 13:23:32","-0.004"
" 2024-08-11 13:40:00","-0.006"
" 2024-08-11 13:54:09","-0.004"
" 2024-08-11 14:08:09","-0.006"
" 2024-08-11 14:29:55","-0.007"
" 2024-08-11 14:51:47","-0.007"
" 2024-08-11 15:03:14","-0.006"
" 2024-08-11 15:19:11","-0.007"
" 2024-08-11 15:59:42","-0.006"
" 2024-08-11 16:09:50","-0.007"
" 2024-08-11 16:32:31","-0.007"
" 2024-08-11 16:48:49","-0.007"
" 2024-08-11 17:34:52","-0.007"
" 2024-08-11 18:13:06","-0.007"
" 2024-08-11 18:25:41","-0.007"
" 2024-08-11 20:47:53","-0.008"
" 2024-08-11 22:05:42","-0.009"
" 2024-08-11 22:15:44","-0.008"
" 2024-08-11 22:46:59","-0.009"
" 2024-08-11 23:07:51","-0.008"
" 2024-08-11 23:26:21","-0.009"
" 2024-08-12 00:16:40","-0.008"
" 2024-08-12 00:28:20","-0.009"
" 2024-08-12 04:52:03","-0.01"
" 2024-08-12 05:12:30","-0.009"
" 2024-08-12 05:22:47","-0.01"
" 2024-08-12 05:32:49","-0.009"
" 2024-08-12 06:15:54","-0.008"
" 2024-08-12 06:42:45","-0.009"
" 2024-08-12 08:52:49","-0.013"
" 2024-08-12 08:58:29","2.32"
" 2024-08-12 09:02:44","2.423"
" 2024-08-12 09:55:36","0.005"
" 2024-08-12 10:05:53","0.003"
" 2024-08-12 10:59:17","-0.001"
" 2024-08-12 11:27:58","-0.002"
" 2024-08-12 11:38:55","-0.001"
" 2024-08-12 11:49:02","-0.002"
" 2024-08-12 12:09:24","2.318"
" 2024-08-12 12:09:31","2.438"
" 2024-08-12 12:52:06","0.009"
" 2024-08-12 13:13:12","0.009"
" 2024-08-12 13:49:51","0.003"
" 2024-08-12 14:10:41","0.002"
" 2024-08-12 14:21:45","0.002"
" 2024-08-12 14:45:25","-0.001"
" 2024-08-12 14:56:05","0"
" 2024-08-12 15:08:18","-0.001"
" 2024-08-12 15:40:43","-0.002"
" 2024-08-12 16:30:46","-0.003"
" 2024-08-12 16:44:24","-0.002"
" 2024-08-12 16:54:42","-0.004"
" 2024-08-12 18:34:46","-0.005"
" 2024-08-12 18:48:07","-0.006"
" 2024-08-12 18:58:09","-0.005"
" 2024-08-12 19:22:13","-0.007"
" 2024-08-12 19:34:56","-0.006"
" 2024-08-12 19:45:13","-0.007"
" 2024-08-12 20:46:34","-0.006"
" 2024-08-12 21:06:44","-0.007"
" 2024-08-12 21:27:18","-0.006"
" 2024-08-12 21:44:30","-0.007"
" 2024-08-12 22:13:59","-0.007"
" 2024-08-12 22:28:23","-0.007"
" 2024-08-12 22:51:34","-0.007"
" 2024-08-12 23:01:42","-0.007"
" 2024-08-13 00:23:07","-0.008"
" 2024-08-13 00:33:25","-0.009"
" 2024-08-13 00:50:06","-0.008"
" 2024-08-13 01:00:33","-0.009"
" 2024-08-13 01:57:24","-0.008"
" 2024-08-13 02:09:20","-0.009"
" 2024-08-13 07:29:45","-0.01"
" 2024-08-13 07:39:46","-0.009"
" 2024-08-13 08:40:45","2.236"
" 2024-08-13 08:41:47","1.938"
" 2024-08-13 08:49:14","2.406"
" 2024-08-13 08:59:16","2.403"
" 2024-08-13 09:09:18","2.323"
" 2024-08-13 09:19:20","2.334"
" 2024-08-13 09:35:56","0.008"
" 2024-08-13 09:57:17","0.008"
" 2024-08-13 10:16:12","0.006"
" 2024-08-13 10:58:01","0.002"
" 2024-08-13 11:18:36","0"
" 2024-08-13 11:34:10","-0.002"
" 2024-08-13 11:56:16","-0.002"
" 2024-08-13 12:01:11","0.227"
" 2024-08-13 12:01:19","2.503"
" 2024-08-13 12:49:49","0.007"
" 2024-08-13 13:11:02","0.005"
" 2024-08-13 13:56:34","-0.001"
" 2024-08-13 14:07:07","-0.001"
" 2024-08-13 14:57:56","-0.004"
" 2024-08-13 15:07:58","-0.003"
" 2024-08-13 15:28:18","-0.004"
" 2024-08-13 15:48:53","-0.004"
" 2024-08-13 16:05:15","-0.005"
" 2024-08-13 16:48:06","-0.007"
" 2024-08-13 17:21:18","-0.007"
" 2024-08-13 17:31:20","-0.007"
" 2024-08-13 17:41:37","-0.007"
" 2024-08-13 18:33:28","-0.007"
" 2024-08-13 19:29:03","-0.007"
" 2024-08-13 20:00:34","-0.007"
" 2024-08-13 20:12:32","-0.007"
" 2024-08-13 20:58:48","-0.007"
" 2024-08-13 21:30:46","-0.007"
" 2024-08-13 21:43:44","-0.007"
" 2024-08-13 23:24:32","-0.008"
" 2024-08-13 23:36:47","-0.007"
" 2024-08-13 23:57:08","-0.009"
" 2024-08-14 00:40:48","-0.008"
" 2024-08-14 01:15:03","-0.009"
" 2024-08-14 06:34:51","-0.01"
" 2024-08-14 06:57:22","-0.009"
" 2024-08-14 07:26:04","2.248"
" 2024-08-14 07:32:16","2.383"
" 2024-08-14 07:36:00","-0.004"
" 2024-08-14 07:52:59","-0.001"
" 2024-08-14 08:35:25","-0.002"
" 2024-08-14 08:40:44","2.464"
" 2024-08-14 08:50:46","2.397"
" 2024-08-14 09:00:49","2.335"
" 2024-08-14 09:19:44","0.005"
" 2024-08-14 09:54:52","2.5"
" 2024-08-14 10:00:16","2.399"
" 2024-08-14 10:42:53","0.008"
" 2024-08-14 11:09:24","0.006"
" 2024-08-14 11:40:43","0.002"
" 2024-08-14 12:02:44","0"
" 2024-08-14 12:38:24","-0.002"
" 2024-08-14 12:50:53","-0.001"
" 2024-08-14 13:02:34","-0.002"
" 2024-08-14 13:57:05","-0.004"
" 2024-08-14 14:10:26","-0.004"
" 2024-08-14 14:53:29","-0.005"
" 2024-08-14 15:03:32","-0.004"
" 2024-08-14 15:55:02","-0.007"
" 2024-08-14 17:01:14","-0.007"
" 2024-08-14 17:42:02","-0.008"
" 2024-08-14 17:57:03","-0.007"
" 2024-08-14 18:20:25","-0.007"
" 2024-08-14 18:31:29","-0.008"
" 2024-08-14 18:50:22","-0.007"
" 2024-08-14 19:14:08","-0.008"
" 2024-08-14 19:39:05","-0.007"
" 2024-08-14 20:02:15","-0.008"
" 2024-08-14 20:12:22","-0.007"
" 2024-08-14 21:02:20","-0.008"
" 2024-08-14 21:16:35","-0.007"
" 2024-08-14 22:20:44","-0.009"
" 2024-08-14 22:32:24","-0.008"
" 2024-08-14 23:12:57","-0.009"
" 2024-08-15 05:45:11","-0.01"
" 2024-08-15 06:07:22","-0.009"
" 2024-08-15 06:46:34","-0.01"
" 2024-08-15 06:58:03","-0.009"
" 2024-08-15 07:51:56","-0.008"
" 2024-08-15 08:22:07","-0.01"
" 2024-08-15 08:57:28","2.439"
" 2024-08-15 09:07:30","2.403"
" 2024-08-15 09:53:57","0.003"
" 2024-08-15 10:04:14","0.002"
" 2024-08-15 10:54:33","-0.002"
" 2024-08-15 11:18:52","-0.003"
" 2024-08-15 11:29:10","-0.004"
" 2024-08-15 12:05:02","-0.004"
" 2024-08-15 12:41:36","-0.006"
" 2024-08-15 13:01:55","-0.007"
" 2024-08-15 13:12:59","-0.006"
" 2024-08-15 13:59:41","-0.008"
" 2024-08-15 15:24:48","-0.007"
" 2024-08-15 15:40:37","-0.008"
" 2024-08-15 15:52:23","-0.007"
" 2024-08-15 16:03:54","-0.007"
" 2024-08-15 17:22:24","-0.008"
" 2024-08-15 17:32:26","-0.007"
" 2024-08-15 17:54:17","-0.008"
" 2024-08-15 18:04:19","-0.007"
" 2024-08-15 18:14:37","-0.008"
" 2024-08-15 18:35:26","-0.008"
" 2024-08-15 20:29:29","-0.009"
" 2024-08-15 20:40:10","-0.008"
" 2024-08-15 20:52:51","-0.009"
" 2024-08-15 21:43:58","-0.008"
" 2024-08-15 22:39:54","-0.009"
" 2024-08-16 04:36:37","-0.01"
" 2024-08-16 05:37:37","-0.009"
" 2024-08-16 05:41:26","-0.01"
" 2024-08-16 05:47:44","-0.008"
" 2024-08-16 06:08:04","-0.009"
" 2024-08-16 06:18:22","-0.01"
" 2024-08-16 06:59:37","-0.008"
" 2024-08-16 07:29:49","-0.009"
" 2024-08-16 08:01:15","-0.01"
" 2024-08-16 08:52:17","2.377"
" 2024-08-16 09:02:19","2.439"
" 2024-08-16 09:26:52","0.002"
" 2024-08-16 09:47:34","0.006"
" 2024-08-16 10:00:10","0.003"
" 2024-08-16 10:42:20","-0.001"
" 2024-08-16 10:52:45","-0.001"
" 2024-08-16 11:03:23","-0.001"
" 2024-08-16 11:54:51","-0.004"
" 2024-08-16 12:16:35","-0.005"
" 2024-08-16 12:26:43","-0.004"
" 2024-08-16 12:58:08","-0.006"
" 2024-08-16 13:08:10","-0.005"
" 2024-08-16 13:46:23","-0.007"
" 2024-08-16 13:58:36","2.451"
" 2024-08-16 14:08:38","2.393"
" 2024-08-16 14:34:21","0.006"
" 2024-08-16 14:54:56","0.006"
" 2024-08-16 15:16:01","0.003"
" 2024-08-16 15:46:38","0"
" 2024-08-16 16:07:44","-0.001"
" 2024-08-16 16:22:54","-0.002"
" 2024-08-16 16:48:13","-0.002"
" 2024-08-16 17:08:57","-0.003"
" 2024-08-16 17:24:47","-0.004"
" 2024-08-16 18:13:39","-0.005"
" 2024-08-16 18:23:49","-0.004"
" 2024-08-16 18:46:59","-0.005"
" 2024-08-16 19:01:24","-0.006"
" 2024-08-16 19:25:10","-0.007"
" 2024-08-16 20:05:03","-0.008"
" 2024-08-16 20:33:45","-0.007"
" 2024-08-16 20:43:53","-0.007"
" 2024-08-16 21:10:10","-0.008"
" 2024-08-16 21:21:06","-0.007"
" 2024-08-16 21:42:05","-0.007"
" 2024-08-16 22:13:05","-0.008"
" 2024-08-16 22:23:07","-0.007"
" 2024-08-16 22:54:16","-0.007"
" 2024-08-16 23:14:35","-0.008"
" 2024-08-16 23:44:49","-0.007"
" 2024-08-16 23:54:51","-0.008"
" 2024-08-17 00:54:57","-0.009"
" 2024-08-17 01:15:16","-0.008"
" 2024-08-17 01:29:03","-0.009"
" 2024-08-17 06:45:27","-0.01"
" 2024-08-17 07:05:39","-0.009"
" 2024-08-17 07:45:14","-0.008"
" 2024-08-17 08:06:45","-0.009"
" 2024-08-17 08:27:27","2.429"
" 2024-08-17 08:57:33","2.296"
" 2024-08-17 08:59:59","0.007"
" 2024-08-17 09:11:18","0.009"
" 2024-08-17 09:57:30","0.004"
" 2024-08-17 10:07:40","0.003"
" 2024-08-17 10:52:56","-0.001"
" 2024-08-17 11:27:07","-0.001"
" 2024-08-17 11:37:11","-0.002"
" 2024-08-17 12:46:09","-0.003"
" 2024-08-17 13:02:13","-0.002"
" 2024-08-17 13:14:57","-0.004"
" 2024-08-17 13:36:33","-0.004"
" 2024-08-17 14:30:49","-0.005"
" 2024-08-17 14:41:54","-0.004"
" 2024-08-17 14:51:56","-0.005"
" 2024-08-17 15:29:45","-0.006"
" 2024-08-17 15:51:21","-0.007"
" 2024-08-17 17:30:07","-0.007"
" 2024-08-17 17:40:17","-0.008"
" 2024-08-17 17:58:38","-0.007"
" 2024-08-17 18:19:00","-0.007"
" 2024-08-17 19:45:03","-0.008"
" 2024-08-17 19:56:35","-0.007"
" 2024-08-17 20:52:33","-0.008"
" 2024-08-17 21:02:41","-0.007"
" 2024-08-17 21:12:46","-0.008"
" 2024-08-17 22:37:22","-0.009"
" 2024-08-17 22:57:35","-0.008"
" 2024-08-17 23:17:45","-0.009"
" 2024-08-18 02:26:36","2.305"
" 2024-08-18 02:27:14","1.962"
" 2024-08-18 02:42:09","2.525"
" 2024-08-18 02:53:51","2.355"
" 2024-08-18 03:03:53","2.31"
" 2024-08-18 03:15:13","0.007"
" 2024-08-18 03:56:44","0.007"
" 2024-08-18 04:06:56","0.005"
" 2024-08-18 04:59:32","0.001"
" 2024-08-18 05:09:34","-0.001"
" 2024-08-18 05:22:25","0"
" 2024-08-18 05:54:19","-0.002"
" 2024-08-18 06:53:59","-0.003"
" 2024-08-18 07:06:13","-0.004"
" 2024-08-18 07:36:49","-0.008"
" 2024-08-18 07:42:06","2.498"
" 2024-08-18 07:52:07","2.414"
" 2024-08-18 08:02:09","2.325"
" 2024-08-18 08:52:58","0.003"
" 2024-08-18 09:09:02","0.002"
" 2024-08-18 09:12:08","2.609"
" 2024-08-18 09:51:07","0.008"
" 2024-08-18 10:14:53","0.007"
" 2024-08-18 10:57:13","0.002"
" 2024-08-18 11:09:04","0.001"
" 2024-08-18 11:40:19","-0.001"
" 2024-08-18 11:50:21","0"
" 2024-08-18 12:06:16","-0.001"
" 2024-08-18 12:46:24","-0.002"
" 2024-08-18 13:31:50","-0.003"
" 2024-08-18 13:57:19","-0.004"
" 2024-08-18 14:49:07","-0.004"
" 2024-08-18 16:01:19","-0.006"
" 2024-08-18 16:40:32","-0.005"
" 2024-08-18 16:52:45","-0.007"
" 2024-08-18 17:03:41","-0.006"
" 2024-08-18 17:14:14","-0.007"
" 2024-08-18 17:59:36","-0.007"
" 2024-08-18 18:54:49","-0.007"
" 2024-08-18 19:08:49","-0.007"
" 2024-08-18 19:32:07","-0.007"
" 2024-08-18 19:54:28","-0.007"
" 2024-08-18 20:14:09","-0.007"
" 2024-08-18 20:33:34","-0.007"
" 2024-08-18 23:13:21","-0.008"
" 2024-08-18 23:26:58","-0.007"
" 2024-08-18 23:47:49","-0.007"
" 2024-08-19 00:03:59","-0.008"
" 2024-08-19 00:24:21","-0.009"
" 2024-08-19 00:48:38","-0.009"
" 2024-08-19 02:00:57","2.262"
" 2024-08-19 02:09:19","-0.014"
" 2024-08-19 02:50:52","-0.001"
" 2024-08-19 03:04:50","-0.002"
" 2024-08-19 03:45:32","-0.003"
" 2024-08-19 04:05:44","-0.002"
" 2024-08-19 04:26:17","-0.004"
" 2024-08-19 04:46:35","-0.004"
" 2024-08-19 05:13:07","-0.005"
" 2024-08-19 05:46:26","-0.006"
" 2024-08-19 06:08:56","-0.007"
" 2024-08-19 06:19:52","-0.006"
" 2024-08-19 06:54:05","-0.006"
" 2024-08-19 07:04:13","-0.007"
" 2024-08-19 07:48:15","-0.008"
" 2024-08-19 07:58:25","-0.007"
" 2024-08-19 08:10:15","-0.008"
" 2024-08-19 08:40:36","2.474"
" 2024-08-19 08:56:25","0.002"
" 2024-08-19 09:07:52","0.004"
" 2024-08-19 09:50:34","0"
" 2024-08-19 09:57:38","2.504"
" 2024-08-19 10:07:40","2.426"
" 2024-08-19 10:27:21","0.005"
" 2024-08-19 10:49:21","0.005"
" 2024-08-19 11:00:16","0.005"
" 2024-08-19 11:36:10","0"
" 2024-08-19 12:06:45","-0.001"
" 2024-08-19 12:17:50","-0.002"
" 2024-08-19 13:26:01","-0.003"
" 2024-08-19 13:51:29","-0.004"
" 2024-08-19 14:39:43","-0.004"
" 2024-08-19 15:49:57","-0.005"
" 2024-08-19 16:28:48","-0.006"
" 2024-08-19 17:08:33","-0.007"
" 2024-08-19 18:33:18","-0.007"
" 2024-08-19 18:52:34","-0.007"
" 2024-08-19 19:25:23","-0.007"
" 2024-08-19 19:56:17","-0.008"
" 2024-08-19 20:06:24","-0.007"
" 2024-08-19 20:16:28","-0.007"
" 2024-08-19 20:27:53","-0.007"
" 2024-08-19 21:56:29","-0.008"
" 2024-08-19 22:36:31","-0.009"
" 2024-08-19 22:49:00","-0.008"
" 2024-08-19 22:59:07","-0.009"
" 2024-08-19 23:29:38","-0.008"
" 2024-08-19 23:53:10","-0.009"
" 2024-08-20 01:08:33","-0.008"
" 2024-08-20 01:36:57","-0.009"
" 2024-08-20 06:37:12","-0.01"
" 2024-08-20 06:58:02","2.352"
" 2024-08-20 07:03:03","-0.007"
" 2024-08-20 07:29:56","-0.001"
" 2024-08-20 07:53:21","-0.002"
" 2024-08-20 08:03:46","-0.001"
" 2024-08-20 08:15:57","-0.002"
" 2024-08-20 08:50:04","2.451"
" 2024-08-20 09:00:06","2.39"
" 2024-08-20 09:28:47","0.005"
" 2024-08-20 09:49:06","0.009"
" 2024-08-20 10:02:35","0.007"
" 2024-08-20 10:59:58","0.001"
" 2024-08-20 11:11:17","-0.001"
" 2024-08-20 11:22:05","0"
" 2024-08-20 11:34:18","-0.001"
" 2024-08-20 12:18:56","-0.002"
" 2024-08-20 13:18:06","-0.003"
" 2024-08-20 14:01:03","-0.004"
" 2024-08-20 14:25:13","-0.004"
" 2024-08-20 14:38:42","-0.004"
" 2024-08-20 15:48:42","-0.006"
" 2024-08-20 16:25:06","-0.007"
" 2024-08-20 16:57:16","-0.006"
" 2024-08-20 17:07:17","-0.007"
" 2024-08-20 17:19:00","-0.006"
" 2024-08-20 17:30:25","-0.007"
" 2024-08-20 18:09:56","-0.007"
" 2024-08-20 18:29:27","-0.007"
" 2024-08-20 18:54:17","-0.007"
" 2024-08-20 19:27:22","-0.007"
" 2024-08-20 19:37:30","-0.007"
" 2024-08-20 21:29:31","-0.008"
" 2024-08-20 22:22:47","-0.009"
" 2024-08-20 23:24:37","-0.008"
" 2024-08-20 23:40:09","-0.009"
" 2024-08-21 01:02:56","-0.008"
" 2024-08-21 01:13:04","-0.009"
" 2024-08-21 06:34:43","-0.01"
" 2024-08-21 06:41:48","2.197"
" 2024-08-21 06:58:47","-0.003"
" 2024-08-21 07:09:12","-0.002"
" 2024-08-21 08:14:03","-0.004"
" 2024-08-21 08:29:07","-0.004"
" 2024-08-21 08:58:29","2.529"
" 2024-08-21 08:58:36","2.213"
" 2024-08-21 09:00:32","2.317"
" 2024-08-21 09:12:07","2.427"
" 2024-08-21 09:41:51","0.004"
" 2024-08-21 09:53:49","0.009"
" 2024-08-21 10:10:25","0.006"
" 2024-08-21 10:50:58","0.002"
" 2024-08-21 11:02:25","0.001"
" 2024-08-21 11:27:39","-0.001"
" 2024-08-21 11:51:34","-0.001"
" 2024-08-21 12:02:55","-0.002"
" 2024-08-21 13:00:13","-0.003"
" 2024-08-21 13:10:15","-0.002"
" 2024-08-21 13:31:06","-0.004"
" 2024-08-21 14:12:22","-0.004"
" 2024-08-21 14:59:38","-0.005"
" 2024-08-21 15:09:41","-0.006"
" 2024-08-21 15:36:35","-0.007"
" 2024-08-21 15:59:53","-0.007"
" 2024-08-21 16:11:20","-0.005"
" 2024-08-21 16:38:07","-0.007"
" 2024-08-21 17:07:35","-0.006"
" 2024-08-21 17:20:48","-0.007"
" 2024-08-21 19:04:11","-0.007"
" 2024-08-21 19:18:13","-0.007"
" 2024-08-21 19:34:08","-0.007"
" 2024-08-21 21:39:31","-0.007"
" 2024-08-21 21:52:13","-0.007"
" 2024-08-21 23:46:57","-0.009"
" 2024-08-21 23:57:07","-0.008"
" 2024-08-22 00:09:19","-0.009"
" 2024-08-22 00:31:50","-0.008"
" 2024-08-22 01:00:18","-0.009"
" 2024-08-22 08:47:32","2.242"
" 2024-08-22 08:48:42","1.927"
" 2024-08-22 08:58:05","2.45"
" 2024-08-22 09:08:07","2.4"
" 2024-08-22 09:38:21","0.007"
" 2024-08-22 09:53:37","0.009"
" 2024-08-22 10:04:20","0.007"
" 2024-08-22 10:59:37","0.002"
" 2024-08-22 11:21:44","0.001"
" 2024-08-22 11:41:58","-0.001"
" 2024-08-22 11:52:31","0"
" 2024-08-22 12:04:26","-0.001"
" 2024-08-22 12:14:29","-0.002"
" 2024-08-22 12:34:55","-0.002"
" 2024-08-22 13:56:00","-0.004"
" 2024-08-22 14:30:59","-0.004"
" 2024-08-22 14:46:07","-0.004"
" 2024-08-22 15:23:34","-0.005"
" 2024-08-22 15:42:50","-0.004"
" 2024-08-22 15:53:09","-0.006"
" 2024-08-22 17:04:16","-0.007"
" 2024-08-22 17:40:24","-0.006"
" 2024-08-22 17:50:26","-0.007"
" 2024-08-22 19:00:33","-0.007"
" 2024-08-22 19:14:03","-0.007"
" 2024-08-22 19:50:42","-0.007"
" 2024-08-22 20:37:45","-0.007"
" 2024-08-22 20:48:04","-0.007"
" 2024-08-22 20:59:31","-0.007"
" 2024-08-22 21:12:05","-0.007"
" 2024-08-22 22:09:30","-0.007"
" 2024-08-22 22:57:34","-0.008"
" 2024-08-22 23:08:31","-0.009"
" 2024-08-23 00:08:04","-0.008"
" 2024-08-23 00:33:30","-0.009"
" 2024-08-23 01:43:53","-0.008"
" 2024-08-23 01:58:00","-0.009"
" 2024-08-23 07:08:25","-0.01"
" 2024-08-23 07:30:17","2.542"
" 2024-08-23 07:50:44","2.323"
" 2024-08-23 08:00:46","2.294"
" 2024-08-23 08:56:43","0.005"
" 2024-08-23 09:07:08","0.003"
" 2024-08-23 09:50:05","-0.001"
" 2024-08-23 10:20:17","-0.001"
" 2024-08-23 10:32:56","-0.002"
" 2024-08-23 11:23:30","-0.003"
" 2024-08-23 11:47:33","-0.004"
" 2024-08-23 12:03:53","2.436"
" 2024-08-23 12:48:32","0.008"
" 2024-08-23 12:59:13","0.009"
" 2024-08-23 13:25:59","0.006"
" 2024-08-23 13:57:14","0.002"
" 2024-08-23 14:08:10","0.002"
" 2024-08-23 14:43:12","-0.001"
" 2024-08-23 15:28:46","-0.001"
" 2024-08-23 15:38:47","-0.002"
" 2024-08-23 16:43:20","-0.004"
" 2024-08-23 17:05:52","-0.004"
" 2024-08-23 18:09:55","-0.006"
" 2024-08-23 18:42:33","-0.005"
" 2024-08-23 19:12:34","-0.006"
" 2024-08-23 19:26:12","-0.007"
" 2024-08-23 19:55:00","-0.007"
" 2024-08-23 20:05:02","-0.006"
" 2024-08-23 20:43:57","-0.007"
" 2024-08-23 20:58:30","-0.006"
" 2024-08-23 21:17:17","-0.007"
" 2024-08-23 21:38:08","-0.007"
" 2024-08-23 21:49:13","-0.006"
" 2024-08-23 22:02:17","-0.007"
" 2024-08-23 22:37:48","-0.007"
" 2024-08-23 23:03:16","-0.007"
" 2024-08-23 23:25:47","-0.007"
" 2024-08-24 00:05:17","-0.007"
" 2024-08-24 00:15:25","-0.007"
" 2024-08-24 02:01:42","-0.008"
" 2024-08-24 02:35:22","-0.009"
" 2024-08-24 03:26:05","-0.008"
" 2024-08-24 03:37:30","-0.009"
" 2024-08-24 08:50:43","2.123"
" 2024-08-24 08:52:16","1.898"
" 2024-08-24 08:55:52","2.342"
" 2024-08-24 09:00:53","2.444"
" 2024-08-24 09:55:17","0.01"
" 2024-08-24 10:06:13","0.009"
" 2024-08-24 10:40:41","0.003"
" 2024-08-24 11:02:26","0.002"
" 2024-08-24 11:44:07","-0.001"
" 2024-08-24 12:11:24","-0.002"
" 2024-08-24 12:23:13","-0.001"
" 2024-08-24 12:34:15","-0.002"
" 2024-08-24 13:07:21","-0.003"
" 2024-08-24 13:23:10","-0.002"
" 2024-08-24 13:33:35","-0.004"
" 2024-08-24 13:54:56","-0.004"
" 2024-08-24 14:17:40","-0.004"
" 2024-08-24 15:00:33","-0.005"
" 2024-08-24 15:39:40","-0.007"
" 2024-08-24 15:49:57","-0.006"
" 2024-08-24 16:12:13","-0.007"
" 2024-08-24 16:26:53","-0.006"
" 2024-08-24 16:36:56","-0.007"
" 2024-08-24 17:03:19","-0.006"
" 2024-08-24 17:13:37","-0.007"
" 2024-08-24 17:45:29","-0.007"
" 2024-08-24 18:15:54","-0.007"
" 2024-08-24 18:25:56","-0.007"
" 2024-08-24 19:13:56","-0.007"
" 2024-08-24 19:58:57","-0.007"
" 2024-08-24 20:10:22","-0.007"
" 2024-08-24 22:42:42","-0.008"
" 2024-08-24 23:02:54","-0.009"
" 2024-08-24 23:35:57","-0.007"
" 2024-08-24 23:56:38","-0.008"
" 2024-08-25 00:06:58","-0.009"
" 2024-08-25 02:46:43","-0.008"
" 2024-08-25 03:02:31","-0.009"
" 2024-08-25 06:54:49","2.284"
" 2024-08-25 06:55:52","1.891"
" 2024-08-25 06:59:13","2.28"
" 2024-08-25 07:00:14","2.381"
" 2024-08-25 07:09:39","2.486"
" 2024-08-25 07:14:25","-0.002"
" 2024-08-25 07:55:57","0.001"
" 2024-08-25 08:06:06","0.002"
" 2024-08-25 08:16:08","-0.001"
" 2024-08-25 08:37:22","2.532"
" 2024-08-25 08:58:03","2.353"
" 2024-08-25 09:08:05","2.317"
" 2024-08-25 09:59:49","0.005"
" 2024-08-25 10:09:59","0.004"
" 2024-08-25 10:41:22","0"
" 2024-08-25 10:51:32","0.001"
" 2024-08-25 11:02:04","0"
" 2024-08-25 11:41:43","-0.002"
" 2024-08-25 11:53:18","-0.001"
" 2024-08-25 12:04:04","-0.002"
" 2024-08-25 12:46:09","-0.003"
" 2024-08-25 13:00:10","-0.004"
" 2024-08-25 13:10:20","-0.003"
" 2024-08-25 13:58:57","-0.005"
" 2024-08-25 14:23:24","-0.004"
" 2024-08-25 14:41:32","-0.006"
" 2024-08-25 15:08:17","-0.007"
" 2024-08-25 15:35:10","-0.006"
" 2024-08-25 15:45:50","-0.007"
" 2024-08-25 16:17:44","-0.006"
" 2024-08-25 16:59:32","-0.007"
" 2024-08-25 17:10:52","-0.007"
" 2024-08-25 17:57:47","-0.007"
" 2024-08-25 18:30:44","-0.007"
" 2024-08-25 18:41:02","-0.007"
" 2024-08-25 19:08:39","-0.007"
" 2024-08-25 19:18:43","-0.007"
" 2024-08-25 22:14:32","-0.009"
" 2024-08-25 22:49:01","-0.007"
" 2024-08-25 22:59:09","-0.008"
" 2024-08-25 23:12:18","-0.007"
" 2024-08-25 23:34:02","-0.009"
" 2024-08-26 00:06:27","-0.008"
" 2024-08-26 00:19:17","-0.009"
" 2024-08-26 01:21:44","2.39"
" 2024-08-26 01:29:26","-0.007"
" 2024-08-26 01:48:42","-0.002"
" 2024-08-26 02:47:46","-0.003"
" 2024-08-26 03:07:11","-0.002"
" 2024-08-26 03:57:03","-0.004"
" 2024-08-26 04:25:07","-0.005"
" 2024-08-26 04:57:24","-0.006"
" 2024-08-26 05:09:29","-0.007"
" 2024-08-26 05:34:18","-0.006"
" 2024-08-26 05:45:06","-0.007"
" 2024-08-26 06:03:38","-0.006"
" 2024-08-26 06:34:15","-0.007"
" 2024-08-26 06:48:37","-0.007"
" 2024-08-26 07:36:02","-0.007"
" 2024-08-26 07:56:15","-0.007"
" 2024-08-26 08:08:41","-0.007"
" 2024-08-26 08:53:08","2.439"
" 2024-08-26 09:03:11","2.385"
" 2024-08-26 09:22:28","0.004"
" 2024-08-26 09:33:02","0.007"
" 2024-08-26 10:01:44","0.005"
" 2024-08-26 10:45:53","-0.001"
" 2024-08-26 10:58:22","0"
" 2024-08-26 11:16:55","-0.002"
" 2024-08-26 11:39:57","-0.001"
" 2024-08-26 11:51:45","-0.002"
" 2024-08-26 12:33:37","-0.003"
" 2024-08-26 12:49:35","-0.002"
" 2024-08-26 13:00:31","-0.003"
" 2024-08-26 13:10:41","-0.004"
" 2024-08-26 14:31:56","-0.005"
" 2024-08-26 14:42:13","-0.006"
" 2024-08-26 15:09:14","-0.007"
" 2024-08-26 15:19:16","-0.006"
" 2024-08-26 15:29:18","-0.007"
" 2024-08-26 16:06:44","-0.007"
" 2024-08-26 16:43:00","-0.006"
" 2024-08-26 16:54:33","-0.007"
" 2024-08-26 17:04:37","-0.007"
" 2024-08-26 17:56:58","-0.006"
" 2024-08-26 18:17:54","-0.007"
" 2024-08-26 18:38:15","-0.007"
" 2024-08-26 19:32:15","-0.007"
" 2024-08-26 20:03:19","-0.007"
" 2024-08-26 22:33:52","-0.008"
" 2024-08-26 22:53:56","-0.009"
" 2024-08-26 23:08:27","-0.007"
" 2024-08-26 23:44:36","-0.009"
" 2024-08-26 23:56:10","-0.007"
" 2024-08-27 00:06:19","-0.009"
" 2024-08-27 00:26:47","-0.008"
" 2024-08-27 00:38:50","-0.009"
" 2024-08-27 01:02:24","-0.007"
" 2024-08-27 01:18:42","-0.009"
" 2024-08-27 08:47:10","2.269"
" 2024-08-27 08:48:12","1.93"
" 2024-08-27 08:59:24","2.465"
" 2024-08-27 09:09:26","2.371"
" 2024-08-27 09:15:05","0"
" 2024-08-27 09:59:36","0.002"
" 2024-08-27 10:12:35","0.002"
" 2024-08-27 10:34:35","-0.001"
" 2024-08-27 10:45:55","0"
" 2024-08-27 11:05:35","-0.001"
" 2024-08-27 11:19:08","-0.002"
" 2024-08-27 12:17:42","-0.003"
" 2024-08-27 12:52:58","-0.004"
" 2024-08-27 13:58:05","-0.005"
" 2024-08-27 14:24:28","-0.006"
" 2024-08-27 14:36:42","-0.004"
" 2024-08-27 14:53:34","-0.007"
" 2024-08-27 15:04:23","-0.006"
" 2024-08-27 15:14:48","-0.007"
" 2024-08-27 15:56:37","-0.006"
" 2024-08-27 16:07:04","-0.007"
" 2024-08-27 17:07:18","-0.006"
" 2024-08-27 17:45:29","-0.007"
" 2024-08-27 18:01:24","-0.007"
" 2024-08-27 19:20:55","-0.007"
" 2024-08-27 20:11:08","-0.007"
" 2024-08-27 20:27:18","-0.007"
" 2024-08-27 21:47:29","-0.009"
" 2024-08-27 21:57:32","-0.008"
" 2024-08-27 22:19:01","-0.007"
" 2024-08-27 23:13:05","-0.008"
" 2024-08-27 23:25:03","-0.009"
" 2024-08-27 23:51:26","-0.007"
" 2024-08-28 00:01:36","-0.009"
" 2024-08-28 00:12:40","-0.008"
" 2024-08-28 00:33:21","-0.009"
" 2024-08-28 01:33:22","-0.008"
" 2024-08-28 01:44:58","-0.009"
" 2024-08-28 01:55:00","-0.008"
" 2024-08-28 02:07:11","-0.009"
" 2024-08-28 07:36:32","2.17"
" 2024-08-28 07:37:33","1.947"
" 2024-08-28 07:45:24","2.456"
" 2024-08-28 07:55:27","2.404"
" 2024-08-28 08:05:29","2.335"
" 2024-08-28 08:26:12","0.007"
" 2024-08-28 08:47:58","0.007"
" 2024-08-28 09:10:06","0.005"
" 2024-08-28 09:48:04","0.002"
" 2024-08-28 09:58:53","0.002"
" 2024-08-28 10:12:16","-0.001"
" 2024-08-28 10:32:36","-0.001"
" 2024-08-28 10:44:19","-0.001"
" 2024-08-28 11:04:47","-0.001"
" 2024-08-28 11:15:05","-0.002"
" 2024-08-28 11:49:35","2.454"
" 2024-08-28 11:59:45","2.443"
" 2024-08-28 12:28:35","0.008"
" 2024-08-28 12:39:00","0.009"
" 2024-08-28 13:05:13","0.007"
" 2024-08-28 13:46:35","0.002"
" 2024-08-28 14:08:59","0.001"
" 2024-08-28 14:55:01","-0.001"
" 2024-08-28 15:08:11","-0.002"
" 2024-08-28 16:03:24","-0.003"
" 2024-08-28 16:18:12","-0.002"
" 2024-08-28 16:40:21","-0.004"
" 2024-08-28 17:51:25","-0.005"
" 2024-08-28 18:06:41","-0.004"
" 2024-08-28 18:23:49","-0.005"
" 2024-08-28 19:28:19","-0.006"
" 2024-08-28 19:50:21","-0.005"
" 2024-08-28 20:00:29","-0.006"
" 2024-08-28 21:31:28","-0.007"
" 2024-08-28 22:08:04","-0.007"
" 2024-08-28 22:24:54","-0.007"
" 2024-08-28 22:44:05","-0.007"
" 2024-08-29 00:57:34","-0.008"
" 2024-08-29 01:38:14","-0.009"
" 2024-08-29 02:45:03","-0.008"
" 2024-08-29 02:55:20","-0.009"
" 2024-08-29 08:24:57","2.352"
" 2024-08-29 08:26:21","1.886"
" 2024-08-29 08:40:46","2.428"
" 2024-08-29 08:59:25","2.309"
" 2024-08-29 09:09:26","2.278"
" 2024-08-29 09:56:40","0.004"
" 2024-08-29 10:07:21","0.003"
" 2024-08-29 10:58:55","0"
" 2024-08-29 11:09:05","-0.001"
" 2024-08-29 11:50:47","-0.002"
" 2024-08-29 11:59:32","2.461"
" 2024-08-29 12:09:34","2.428"
" 2024-08-29 12:43:08","0.009"
" 2024-08-29 13:05:08","0.009"
" 2024-08-29 13:57:39","0.002"
" 2024-08-29 14:09:52","0.001"
" 2024-08-29 14:32:15","-0.001"
" 2024-08-29 15:03:46","-0.001"
" 2024-08-29 15:13:56","-0.001"
" 2024-08-29 15:36:50","-0.002"
" 2024-08-29 15:49:04","-0.001"
" 2024-08-29 16:10:15","-0.002"
" 2024-08-29 16:44:31","-0.004"
" 2024-08-29 17:05:29","-0.003"
" 2024-08-29 17:20:47","-0.004"
" 2024-08-29 18:40:35","-0.004"
" 2024-08-29 18:50:52","-0.006"
" 2024-08-29 19:01:10","-0.005"
" 2024-08-29 19:12:29","-0.004"
" 2024-08-29 19:52:15","-0.005"
" 2024-08-29 20:03:57","-0.004"
" 2024-08-29 20:30:25","-0.006"
" 2024-08-29 20:59:30","-0.006"
" 2024-08-29 21:20:53","-0.007"
" 2024-08-29 21:37:12","-0.006"
" 2024-08-29 21:58:33","-0.007"
" 2024-08-29 22:52:54","-0.007"
" 2024-08-29 23:33:00","-0.007"
" 2024-08-29 23:52:11","-0.007"
" 2024-08-30 00:00:00","-0.007"
" 2024-08-30 01:28:27","-0.009"
" 2024-08-30 01:38:29","-0.007"
" 2024-08-30 02:10:33","-0.009"
" 2024-08-30 02:23:48","-0.008"
" 2024-08-30 02:44:13","-0.009"
" 2024-08-30 03:34:41","-0.008"
" 2024-08-30 03:50:28","-0.009"
" 2024-08-30 05:12:20","-0.008"
" 2024-08-30 05:34:03","-0.009"
" 2024-08-30 08:16:57","2.361"
" 2024-08-30 08:17:36","1.979"
" 2024-08-30 08:26:52","2.431"
" 2024-08-30 08:56:58","2.3"
" 2024-08-30 09:06:06","0.016"
" 2024-08-30 09:58:52","0.004"
" 2024-08-30 10:19:28","0.002"
" 2024-08-30 10:52:24","-0.001"
" 2024-08-30 11:04:14","0"
" 2024-08-30 11:42:19","-0.002"
" 2024-08-30 12:33:55","-0.003"
" 2024-08-30 12:45:06","-0.002"
" 2024-08-30 13:03:28","-0.003"
" 2024-08-30 13:14:27","-0.004"
" 2024-08-30 13:37:11","-0.004"
" 2024-08-30 14:36:41","-0.004"
" 2024-08-30 14:48:52","-0.004"
" 2024-08-30 15:37:46","-0.005"
" 2024-08-30 16:26:34","-0.007"
" 2024-08-30 16:43:08","-0.006"
" 2024-08-30 17:02:03","-0.007"
" 2024-08-30 17:36:18","-0.006"
" 2024-08-30 18:16:09","-0.007"
" 2024-08-30 18:27:38","-0.007"
" 2024-08-30 18:42:10","-0.007"
" 2024-08-30 19:19:44","-0.007"
" 2024-08-30 19:29:54","-0.007"
" 2024-08-30 20:14:48","-0.007"
" 2024-08-30 20:27:40","-0.007"
" 2024-08-30 20:45:54","-0.007"
" 2024-08-30 21:16:01","-0.007"
" 2024-08-30 21:38:45","-0.007"
" 2024-08-30 23:15:33","-0.008"
" 2024-08-30 23:37:56","-0.009"
" 2024-08-30 23:48:37","-0.007"
" 2024-08-31 00:00:00","-0.007"
" 2024-08-31 00:03:46","-0.008"
" 2024-08-31 00:13:50","-0.007"
" 2024-08-31 00:34:48","-0.009"
" 2024-08-31 00:44:50","-0.008"
" 2024-08-31 01:30:13","-0.009"
" 2024-08-31 02:10:39","-0.007"
" 2024-08-31 02:27:59","-0.009"
" 2024-08-31 03:29:08","-0.008"
" 2024-08-31 03:57:47","-0.009"
" 2024-08-31 07:02:59","2.214"
" 2024-08-31 07:19:11","2.425"
" 2024-08-31 07:52:38","0.008"
" 2024-08-31 08:02:41","0.009"
" 2024-08-31 08:58:00","0.004"
" 2024-08-31 09:08:02","0.002"
" 2024-08-31 09:52:50","-0.001"
" 2024-08-31 10:33:37","-0.001"
" 2024-08-31 10:58:01","-0.002"
" 2024-08-31 11:48:29","-0.003"
" 2024-08-31 12:02:30","-0.004"
" 2024-08-31 12:47:14","-0.004"
" 2024-08-31 12:57:31","-0.004"
" 2024-08-31 13:07:41","-0.004"
" 2024-08-31 13:19:23","-0.004"
" 2024-08-31 13:39:27","-0.005"
" 2024-08-31 13:53:28","2.42"
" 2024-08-31 14:03:30","2.337"
" 2024-08-31 14:17:00","0.006"
" 2024-08-31 14:49:31","0.006"
" 2024-08-31 15:01:13","0.005"
" 2024-08-31 15:55:21","0.001"
" 2024-08-31 16:12:19","-0.001"
" 2024-08-31 16:32:30","-0.001"
" 2024-08-31 16:53:20","-0.001"
" 2024-08-31 17:20:11","-0.002"
" 2024-08-31 18:11:24","-0.004"
" 2024-08-31 18:26:41","-0.004"
" 2024-08-31 18:59:29","-0.004"
" 2024-08-31 19:50:23","-0.005"
" 2024-08-31 20:01:35","-0.004"
" 2024-08-31 20:52:37","-0.006"
" 2024-08-31 21:02:47","-0.005"
" 2024-08-31 21:40:50","-0.007"
" 2024-08-31 21:52:32","-0.005"
" 2024-08-31 22:09:53","-0.006"
" 2024-08-31 22:56:12","-0.007"
" 2024-09-01 00:00:00","-0.007"
" 2024-09-01 00:10:39","-0.007"
" 2024-09-01 00:27:29","-0.007"
" 2024-09-01 00:38:02","-0.007"
" 2024-09-01 02:34:32","-0.008"
" 2024-09-01 02:45:05","-0.007"
" 2024-09-01 03:21:28","-0.009"
" 2024-09-01 03:51:49","2.394"
" 2024-09-01 04:01:51","2.427"
" 2024-09-01 04:36:56","0.007"
" 2024-09-01 04:46:58","0.009"
" 2024-09-01 05:02:08","1.983"
" 2024-09-01 05:02:16","2.444"
" 2024-09-01 05:46:14","0.01"
" 2024-09-01 06:10:56","0.009"
" 2024-09-01 06:53:14","0.003"
" 2024-09-01 07:04:33","0.002"
" 2024-09-01 07:14:35","0.002"
" 2024-09-01 07:51:21","-0.001"
" 2024-09-01 08:02:55","-0.001"
" 2024-09-01 08:33:39","-0.002"
" 2024-09-01 08:34:02","2.493"
" 2024-09-01 08:54:05","2.352"
" 2024-09-01 09:04:07","2.32"
" 2024-09-01 09:45:54","0.006"
" 2024-09-01 10:06:36","0.003"
" 2024-09-01 10:47:23","0"
" 2024-09-01 11:07:50","-0.001"
" 2024-09-01 11:54:29","-0.002"
" 2024-09-01 12:46:42","-0.003"
" 2024-09-01 13:01:22","-0.004"
" 2024-09-01 13:16:17","-0.004"
" 2024-09-01 13:37:22","-0.004"
" 2024-09-01 14:04:51","-0.004"
" 2024-09-01 14:45:07","-0.005"
" 2024-09-01 15:24:49","-0.006"
" 2024-09-01 15:46:28","-0.007"
" 2024-09-01 15:56:37","-0.006"
" 2024-09-01 16:20:24","-0.007"
" 2024-09-01 16:30:42","-0.005"
" 2024-09-01 17:14:31","-0.006"
" 2024-09-01 17:34:03","-0.007"
" 2024-09-01 18:23:18","-0.007"
" 2024-09-01 18:53:57","-0.007"
" 2024-09-01 19:11:01","-0.007"
" 2024-09-01 19:51:17","-0.007"
" 2024-09-01 20:01:25","-0.007"
" 2024-09-01 21:03:09","-0.009"
" 2024-09-01 21:25:47","-0.007"
" 2024-09-01 21:35:55","-0.008"
" 2024-09-01 22:12:58","-0.007"
" 2024-09-01 22:53:04","-0.009"
" 2024-09-01 23:24:43","-0.008"
" 2024-09-01 23:41:41","-0.007"
" 2024-09-01 23:51:59","-0.008"
" 2024-09-02 00:00:00","-0.008"
" 2024-09-02 00:13:11","-0.009"
" 2024-09-02 00:28:22","-0.008"
" 2024-09-02 00:41:58","-0.009"
" 2024-09-02 02:19:11","-0.008"
" 2024-09-02 02:29:19","-0.009"
" 2024-09-02 03:34:40","2.29"
" 2024-09-02 03:36:13","1.876"
" 2024-09-02 03:47:32","2.482"
" 2024-09-02 03:56:16","2.368"
" 2024-09-02 04:03:05","0.006"
" 2024-09-02 04:50:16","0.002"
" 2024-09-02 05:01:50","0.002"
" 2024-09-02 05:22:48","-0.001"
" 2024-09-02 06:03:33","-0.001"
" 2024-09-02 06:56:33","-0.003"
" 2024-09-02 07:27:01","-0.004"
" 2024-09-02 07:58:46","-0.004"
" 2024-09-02 08:46:51","-0.005"
" 2024-09-02 08:53:32","2.387"
" 2024-09-02 09:03:34","2.435"
" 2024-09-02 09:44:42","0.007"
" 2024-09-02 10:11:42","0.005"
" 2024-09-02 10:43:51","0.002"
" 2024-09-02 11:09:19","-0.001"
" 2024-09-02 11:30:48","-0.001"
" 2024-09-02 12:20:16","-0.002"
" 2024-09-02 13:04:16","-0.003"
" 2024-09-02 13:34:37","-0.004"
" 2024-09-02 14:10:06","-0.004"
" 2024-09-02 14:21:55","2.454"
" 2024-09-02 14:58:04","0.007"
" 2024-09-02 15:26:36","0.006"
" 2024-09-02 15:59:23","0.002"
" 2024-09-02 16:11:52","0.002"
" 2024-09-02 16:59:10","-0.001"
" 2024-09-02 17:09:27","-0.001"
" 2024-09-02 17:43:30","-0.002"
" 2024-09-02 19:07:22","-0.003"
" 2024-09-02 19:19:35","-0.004"
" 2024-09-02 19:54:10","-0.004"
" 2024-09-02 20:25:09","-0.005"
" 2024-09-02 20:35:11","-0.004"
" 2024-09-02 20:55:22","-0.005"
" 2024-09-02 21:15:33","-0.004"
" 2024-09-02 21:57:26","-0.006"
" 2024-09-02 22:07:30","-0.005"
" 2024-09-02 22:23:32","-0.006"
" 2024-09-02 23:07:08","-0.007"
" 2024-09-02 23:18:12","-0.006"
" 2024-09-02 23:46:46","-0.007"
" 2024-09-02 23:59:53","-0.007"
" 2024-09-03 00:00:00","-0.007"
" 2024-09-03 00:09:55","-0.007"
" 2024-09-03 00:51:17","-0.007"
" 2024-09-03 03:10:03","-0.008"
" 2024-09-03 03:20:12","-0.007"
" 2024-09-03 03:52:21","-0.009"
" 2024-09-03 04:02:30","-0.008"
" 2024-09-03 04:18:25","-0.009"
" 2024-09-03 04:56:53","-0.008"
" 2024-09-03 05:36:04","-0.009"
" 2024-09-03 08:44:59","2.278"
" 2024-09-03 08:46:08","1.901"
" 2024-09-03 08:55:00","2.455"
" 2024-09-03 09:05:02","2.397"
" 2024-09-03 09:59:33","0.002"
" 2024-09-03 10:12:01","0.002"
" 2024-09-03 10:32:13","-0.001"
" 2024-09-03 10:52:40","0"
" 2024-09-03 11:08:06","-0.002"
" 2024-09-03 12:28:56","-0.003"
" 2024-09-03 12:39:15","-0.004"
" 2024-09-03 13:06:21","-0.004"
" 2024-09-03 13:50:36","-0.005"
" 2024-09-03 14:02:35","-0.006"
" 2024-09-03 14:58:22","-0.005"
" 2024-09-03 15:10:35","-0.007"
" 2024-09-03 17:26:07","-0.007"
" 2024-09-03 17:37:08","-0.007"
" 2024-09-03 18:52:05","-0.007"
" 2024-09-03 19:12:16","-0.007"
" 2024-09-03 19:24:00","-0.007"
" 2024-09-03 19:34:09","-0.007"
" 2024-09-03 19:59:50","-0.007"
" 2024-09-03 21:52:55","-0.008"
" 2024-09-03 22:13:53","-0.007"
" 2024-09-03 22:24:03","-0.008"
" 2024-09-03 22:54:47","-0.008"
" 2024-09-03 23:30:49","-0.007"
" 2024-09-04 00:00:00","-0.007"
" 2024-09-04 00:04:46","-0.008"
" 2024-09-04 00:28:48","-0.009"
" 2024-09-04 01:31:36","-0.008"
" 2024-09-04 01:57:12","-0.009"
" 2024-09-04 08:45:42","2.252"
" 2024-09-04 08:47:22","1.87"
" 2024-09-04 08:55:36","2.448"
" 2024-09-04 09:05:38","2.396"
" 2024-09-04 09:14:16","0.002"
" 2024-09-04 09:56:12","0.003"
" 2024-09-04 10:18:42","0.002"
" 2024-09-04 10:29:00","0"
" 2024-09-04 10:35:52","246"
" 2024-09-05 00:00:00","246"
" 2024-09-05 14:05:38","-0.004"
" 2024-09-05 14:07:16","246"
" 2024-09-05 14:58:22","-0.004"
" 2024-09-05 15:08:24","-0.004"
" 2024-09-05 15:52:38","-0.005"
" 2024-09-05 16:03:41","-0.004"
" 2024-09-05 16:31:58","-0.007"
" 2024-09-05 16:55:53","-0.007"
" 2024-09-05 18:03:46","-0.006"
" 2024-09-05 18:18:54","-0.007"
" 2024-09-05 19:19:15","-0.007"
" 2024-09-05 19:30:33","-0.007"
" 2024-09-05 19:51:31","-0.007"
" 2024-09-05 20:32:16","-0.007"
" 2024-09-05 22:59:13","-0.008"
" 2024-09-05 23:30:43","-0.007"
" 2024-09-05 23:41:00","-0.008"
" 2024-09-06 00:00:00","-0.008"
" 2024-09-06 00:23:33","-0.007"
" 2024-09-06 00:44:15","-0.008"
" 2024-09-06 01:11:21","-0.009"
" 2024-09-06 01:24:52","-0.008"
" 2024-09-06 01:35:00","-0.009"
" 2024-09-06 02:06:48","-0.008"
" 2024-09-06 02:16:49","-0.009"
" 2024-09-06 02:39:40","-0.009"
" 2024-09-06 03:12:44","-0.008"
" 2024-09-06 03:22:52","-0.009"
" 2024-09-06 08:43:32","2.263"
" 2024-09-06 08:44:41","1.912"
" 2024-09-06 08:59:28","2.445"
" 2024-09-06 09:09:06","2.344"
" 2024-09-06 09:33:16","0.005"
" 2024-09-06 09:56:09","0.007"
" 2024-09-06 10:21:21","0.005"
" 2024-09-06 10:58:46","0.002"
" 2024-09-06 11:19:12","0.001"
" 2024-09-06 11:33:44","-0.001"
" 2024-09-06 11:54:49","-0.001"
" 2024-09-06 12:04:51","-0.001"
" 2024-09-06 12:33:37","-0.002"
" 2024-09-06 13:38:49","-0.004"
" 2024-09-06 14:23:48","-0.004"
" 2024-09-06 14:34:05","-0.004"
" 2024-09-06 15:36:50","-0.004"
" 2024-09-06 15:47:07","-0.004"
" 2024-09-06 15:57:09","-0.005"
" 2024-09-06 16:23:07","-0.004"
" 2024-09-06 16:33:09","-0.004"
" 2024-09-06 16:43:18","-0.004"
" 2024-09-06 17:09:53","-0.006"
" 2024-09-06 17:31:15","-0.007"
" 2024-09-06 17:51:26","-0.007"
" 2024-09-06 18:41:57","-0.007"
" 2024-09-06 18:54:02","-0.006"
" 2024-09-06 19:12:47","-0.007"
" 2024-09-06 19:44:39","-0.007"
" 2024-09-06 20:34:06","-0.007"
" 2024-09-06 23:37:05","-0.008"
" 2024-09-06 23:59:11","-0.007"
" 2024-09-07 00:00:00","-0.008"
" 2024-09-07 00:19:22","-0.008"
" 2024-09-07 01:02:48","-0.009"
" 2024-09-07 01:46:09","-0.008"
" 2024-09-07 01:56:16","-0.009"
" 2024-09-07 02:06:20","-0.008"
" 2024-09-07 02:16:21","-0.009"
" 2024-09-07 02:27:25","-0.008"
" 2024-09-07 03:10:11","-0.009"
" 2024-09-07 07:25:48","2.277"
" 2024-09-07 07:43:48","-0.004"
" 2024-09-07 08:03:34","-0.003"
" 2024-09-07 08:52:34","2.443"
" 2024-09-07 09:02:36","2.345"
" 2024-09-07 09:50:40","0.008"
" 2024-09-07 10:04:16","0.007"
" 2024-09-07 10:37:13","0.002"
" 2024-09-07 10:59:04","0.001"
" 2024-09-07 11:56:33","-0.002"
" 2024-09-07 12:02:27","2.565"
" 2024-09-07 12:46:25","0.007"
" 2024-09-07 13:02:00","0.009"
" 2024-09-07 13:50:43","0.004"
" 2024-09-07 14:00:53","0.002"
" 2024-09-07 14:31:44","0"
" 2024-09-07 15:05:01","-0.001"
" 2024-09-07 15:36:00","-0.001"
" 2024-09-07 15:46:09","-0.002"
" 2024-09-07 15:57:59","-0.001"
" 2024-09-07 16:08:08","-0.002"
" 2024-09-07 16:21:00","-0.001"
" 2024-09-07 16:51:28","-0.004"
" 2024-09-07 17:54:05","-0.004"
" 2024-09-07 18:47:10","-0.004"
" 2024-09-07 18:57:27","-0.004"
" 2024-09-07 19:18:09","-0.005"
" 2024-09-07 19:29:28","-0.004"
" 2024-09-07 19:50:10","-0.006"
" 2024-09-07 20:00:11","-0.004"
" 2024-09-07 20:10:13","-0.005"
" 2024-09-07 21:07:34","-0.007"
" 2024-09-07 21:39:49","-0.006"
" 2024-09-07 21:50:23","-0.007"
" 2024-09-07 23:14:18","-0.007"
" 2024-09-08 00:00:00","-0.007"
" 2024-09-08 01:13:30","-0.008"
" 2024-09-08 01:23:32","-0.007"
" 2024-09-08 01:44:21","-0.008"
" 2024-09-08 02:14:34","-0.007"
" 2024-09-08 02:27:02","-0.008"
" 2024-09-08 03:13:58","-0.007"
" 2024-09-08 03:24:07","-0.008"
" 2024-09-08 04:24:15","-0.009"
" 2024-09-08 05:24:20","-0.008"
" 2024-09-08 05:50:55","-0.009"
" 2024-09-08 08:54:23","2.286"
" 2024-09-08 08:54:47","1.972"
" 2024-09-08 08:59:09","2.3"
" 2024-09-08 09:00:26","2.4"
" 2024-09-08 09:10:29","2.448"
" 2024-09-08 09:54:42","0.009"
" 2024-09-08 10:04:44","0.009"
" 2024-09-08 10:44:55","0.003"
" 2024-09-08 11:08:04","0.002"
" 2024-09-08 11:40:52","-0.001"
" 2024-09-08 12:31:40","-0.002"
" 2024-09-08 12:42:04","-0.001"
" 2024-09-08 12:58:07","-0.002"
" 2024-09-08 13:54:03","-0.003"
" 2024-09-08 14:08:42","-0.004"
" 2024-09-08 14:56:23","-0.004"
" 2024-09-08 15:16:27","-0.004"
" 2024-09-08 15:47:02","-0.005"
" 2024-09-08 15:57:04","-0.004"
" 2024-09-08 16:07:05","-0.005"
" 2024-09-08 16:17:07","-0.004"
" 2024-09-08 16:38:51","-0.006"
" 2024-09-08 17:24:52","-0.007"
" 2024-09-08 17:35:00","-0.006"
" 2024-09-08 18:12:55","-0.007"
" 2024-09-08 18:34:31","-0.006"
" 2024-09-08 18:58:49","-0.007"
" 2024-09-08 19:18:54","-0.007"
" 2024-09-08 19:51:25","-0.006"
" 2024-09-08 20:01:33","-0.007"
" 2024-09-08 20:39:13","-0.007"
" 2024-09-08 21:11:45","-0.007"
" 2024-09-08 21:32:21","-0.007"
" 2024-09-08 21:55:59","-0.007"
" 2024-09-08 22:49:06","-0.007"
" 2024-09-08 23:04:45","-0.007"
" 2024-09-08 23:25:21","-0.008"
" 2024-09-08 23:56:13","-0.007"
" 2024-09-09 00:00:00","-0.007"
" 2024-09-09 00:16:39","-0.009"
" 2024-09-09 00:58:41","-0.007"
" 2024-09-09 01:20:17","-0.009"
" 2024-09-09 01:30:34","-0.008"
" 2024-09-09 02:01:31","-0.009"
" 2024-09-09 02:59:55","2.175"
" 2024-09-09 03:00:18","1.985"
" 2024-09-09 03:15:59","2.427"
" 2024-09-09 03:48:46","0.008"
" 2024-09-09 03:59:03","0.009"
" 2024-09-09 04:09:28","0.008"
" 2024-09-09 04:42:45","0.005"
" 2024-09-09 04:48:32","2.553"
" 2024-09-09 04:52:24","2.447"
" 2024-09-09 05:02:25","2.369"
" 2024-09-09 05:40:59","0.011"
" 2024-09-09 06:02:13","0.009"
" 2024-09-09 06:42:58","0.003"
" 2024-09-09 07:06:06","0.002"
" 2024-09-09 07:53:02","-0.001"
" 2024-09-09 08:03:19","-0.001"
" 2024-09-09 08:44:34","2.466"
" 2024-09-09 08:54:43","2.422"
" 2024-09-09 09:04:45","2.352"
" 2024-09-09 09:44:21","0.009"
" 2024-09-09 10:07:29","0.006"
" 2024-09-09 10:53:38","0.002"
" 2024-09-09 11:05:21","0.001"
" 2024-09-09 11:44:03","-0.001"
" 2024-09-09 11:55:06","0"
" 2024-09-09 12:06:10","-0.001"
" 2024-09-09 12:16:27","-0.002"
" 2024-09-09 12:57:43","-0.001"
" 2024-09-09 13:24:18","-0.003"
" 2024-09-09 13:50:01","-0.004"
" 2024-09-09 14:12:15","-0.004"
" 2024-09-09 15:44:26","-0.004"
" 2024-09-09 15:54:27","-0.004"
" 2024-09-09 16:14:30","-0.006"
" 2024-09-09 16:25:26","-0.004"
" 2024-09-09 16:45:52","-0.005"
" 2024-09-09 17:00:30","-0.006"
" 2024-09-09 17:14:08","-0.007"
" 2024-09-09 17:24:12","-0.005"
" 2024-09-09 17:44:31","-0.007"
" 2024-09-09 18:45:12","-0.006"
" 2024-09-09 18:57:23","-0.007"
" 2024-09-09 19:17:28","-0.007"
" 2024-09-09 19:51:32","-0.007"
" 2024-09-09 20:14:23","-0.007"
" 2024-09-09 21:04:01","-0.007"
" 2024-09-09 21:14:04","-0.007"
" 2024-09-09 21:43:37","-0.007"
" 2024-09-10 00:00:00","-0.007"
" 2024-09-10 00:04:33","-0.008"
" 2024-09-10 01:05:23","-0.009"
" 2024-09-10 01:16:03","-0.007"
" 2024-09-10 01:47:33","-0.008"
" 2024-09-10 02:36:24","2.144"
" 2024-09-10 02:36:47","2.015"
" 2024-09-10 02:45:01","2.422"
" 2024-09-10 02:58:16","2.361"
" 2024-09-10 03:05:05","2.316"
" 2024-09-10 03:54:56","0.006"
" 2024-09-10 04:16:39","0.003"
" 2024-09-10 04:48:55","0.001"
" 2024-09-10 05:07:03","-0.001"
" 2024-09-10 05:27:37","-0.001"
" 2024-09-10 05:58:20","-0.001"
" 2024-09-10 06:20:58","-0.002"
" 2024-09-10 06:47:50","-0.003"
" 2024-09-10 07:00:49","-0.004"
" 2024-09-10 07:26:32","-0.004"
" 2024-09-10 07:47:53","-0.004"
" 2024-09-10 08:18:53","-0.004"
" 2024-09-10 08:47:56","2.419"
" 2024-09-10 08:57:58","2.413"
" 2024-09-10 09:07:59","2.319"
" 2024-09-10 09:32:02","0.005"
" 2024-09-10 09:53:07","0.009"
" 2024-09-10 10:03:08","0.007"
" 2024-09-10 10:52:00","0.002"
" 2024-09-10 11:02:01","0.002"
" 2024-09-10 11:56:33","-0.001"
" 2024-09-10 11:58:28","2.572"
" 2024-09-10 11:58:44","2.455"
" 2024-09-10 12:08:45","2.42"
" 2024-09-10 12:56:25","0.009"
" 2024-09-10 13:07:46","0.008"
" 2024-09-10 13:54:58","0.003"
" 2024-09-10 14:05:46","0.002"
" 2024-09-10 14:36:35","0"
" 2024-09-10 15:07:14","-0.001"
" 2024-09-10 16:20:46","-0.003"
" 2024-09-10 16:33:30","-0.002"
" 2024-09-10 16:57:01","-0.004"
" 2024-09-10 17:20:16","-0.004"
" 2024-09-10 17:31:29","-0.004"
" 2024-09-10 18:06:19","-0.004"
" 2024-09-10 18:46:56","-0.005"
" 2024-09-10 18:58:31","-0.004"
" 2024-09-10 19:10:13","-0.005"
" 2024-09-10 19:20:14","-0.004"
" 2024-09-10 19:42:06","-0.005"
" 2024-09-10 20:20:24","-0.006"
" 2024-09-10 20:51:01","-0.004"
" 2024-09-10 21:02:28","-0.005"
" 2024-09-10 21:14:31","-0.006"
" 2024-09-10 22:10:36","-0.007"
" 2024-09-10 22:28:46","-0.006"
" 2024-09-10 23:03:28","-0.007"
" 2024-09-10 23:23:34","-0.007"
" 2024-09-10 23:47:53","-0.007"
" 2024-09-11 00:00:00","-0.007"
" 2024-09-11 00:50:47","-0.007"
" 2024-09-11 01:06:42","-0.007"
" 2024-09-11 02:16:43","-0.008"
" 2024-09-11 02:26:45","-0.007"
" 2024-09-11 02:37:25","-0.008"
" 2024-09-11 03:18:21","-0.007"
" 2024-09-11 03:28:23","-0.009"
" 2024-09-11 03:58:29","-0.009"
" 2024-09-11 04:08:54","-0.007"
" 2024-09-11 04:49:41","-0.009"
" 2024-09-11 05:00:14","-0.008"
" 2024-09-11 06:57:07","-0.009"
" 2024-09-11 08:39:41","2.082"
" 2024-09-11 08:40:27","1.965"
" 2024-09-11 08:48:18","2.429"
" 2024-09-11 08:58:20","2.417"
" 2024-09-11 09:04:16","0.002"
" 2024-09-11 09:18:48","0.005"
" 2024-09-11 09:49:40","0.002"
" 2024-09-11 10:10:46","0"
" 2024-09-11 10:22:13","-0.001"
" 2024-09-11 11:04:55","-0.001"
" 2024-09-11 11:57:41","-0.003"
" 2024-09-11 12:07:51","-0.002"
" 2024-09-11 12:31:06","-0.004"
" 2024-09-11 12:41:52","-0.004"
" 2024-09-11 13:39:43","-0.004"
" 2024-09-11 13:51:10","-0.005"
" 2024-09-11 14:02:16","-0.006"
" 2024-09-11 15:08:25","-0.005"
" 2024-09-11 15:18:33","-0.006"
" 2024-09-11 16:06:48","-0.007"
" 2024-09-11 16:47:06","-0.007"
" 2024-09-11 17:03:24","-0.007"
" 2024-09-11 18:33:08","-0.007"
" 2024-09-11 18:48:04","-0.007"
" 2024-09-11 19:00:25","-0.006"
" 2024-09-11 19:55:29","-0.007"
" 2024-09-11 21:04:27","-0.007"
" 2024-09-11 21:15:16","-0.007"
" 2024-09-11 21:42:38","-0.007"
" 2024-09-11 22:02:45","-0.008"
" 2024-09-11 22:38:08","-0.007"
" 2024-09-11 22:58:59","-0.008"
" 2024-09-11 23:09:01","-0.007"
" 2024-09-11 23:29:06","-0.009"
" 2024-09-11 23:49:10","-0.007"
" 2024-09-12 00:00:00","-0.007"
" 2024-09-12 00:30:37","-0.008"
" 2024-09-12 01:16:47","-0.009"
" 2024-09-12 01:37:01","-0.007"
" 2024-09-12 02:20:08","-0.009"
" 2024-09-12 02:31:12","-0.008"
" 2024-09-12 03:19:02","-0.009"
" 2024-09-12 08:55:35","2.357"
" 2024-09-12 08:56:14","1.984"
" 2024-09-12 08:59:42","2.207"
" 2024-09-12 09:00:36","2.317"
" 2024-09-12 09:04:20","2.422"
" 2024-09-12 09:28:30","0.003"
" 2024-09-12 09:47:46","0.007"
" 2024-09-12 10:01:02","0.005"
" 2024-09-12 10:58:07","0.001"
" 2024-09-12 11:09:09","0"
" 2024-09-12 11:50:13","-0.002"
" 2024-09-12 12:00:46","-0.001"
" 2024-09-12 12:44:43","-0.003"
" 2024-09-12 12:59:23","-0.002"
" 2024-09-12 13:14:39","-0.003"
" 2024-09-12 13:36:40","-0.004"
" 2024-09-12 13:57:53","-0.004"
" 2024-09-12 14:08:18","-0.004"
" 2024-09-12 14:48:49","-0.004"
" 2024-09-12 14:59:06","-0.004"
" 2024-09-12 15:09:08","-0.004"
" 2024-09-12 15:19:17","-0.004"
" 2024-09-12 16:00:40","-0.005"
" 2024-09-12 16:31:24","-0.004"
" 2024-09-12 16:48:07","-0.007"
" 2024-09-12 16:58:40","-0.005"
" 2024-09-12 17:08:47","-0.006"
" 2024-09-12 18:08:41","-0.007"
" 2024-09-12 18:30:50","-0.006"
" 2024-09-12 18:52:32","-0.007"
" 2024-09-12 19:56:04","-0.007"
" 2024-09-12 21:58:31","-0.008"
" 2024-09-12 22:20:15","-0.007"
" 2024-09-12 22:30:24","-0.008"
" 2024-09-12 22:50:28","-0.008"
" 2024-09-12 23:11:03","-0.007"
" 2024-09-12 23:41:09","-0.009"
" 2024-09-12 23:52:05","-0.008"
" 2024-09-13 00:00:00","-0.008"
" 2024-09-13 00:14:27","-0.009"
" 2024-09-13 00:54:57","-0.007"
" 2024-09-13 01:04:59","-0.008"
" 2024-09-13 01:25:11","-0.009"
" 2024-09-13 01:37:08","-0.008"
" 2024-09-13 02:40:01","-0.007"
" 2024-09-13 02:53:54","-0.008"
" 2024-09-13 04:24:32","-0.009"
" 2024-09-13 04:37:33","-0.008"
" 2024-09-13 05:08:30","-0.009"
" 2024-09-13 07:54:18","-0.008"
" 2024-09-13 08:39:19","-0.009"
" 2024-09-13 08:49:59","-0.008"
" 2024-09-13 10:32:34","-0.009"
" 2024-09-13 10:45:35","-0.008"
" 2024-09-13 10:57:00","-0.009"
" 2024-09-13 11:07:19","-0.008"
" 2024-09-13 11:17:21","-0.009"
" 2024-09-13 12:35:26","-0.008"
" 2024-09-13 12:58:02","-0.009"
" 2024-09-13 15:39:12","-0.008"
" 2024-09-13 15:50:53","-0.009"
" 2024-09-13 16:03:44","-0.008"
" 2024-09-13 16:16:26","-0.009"
" 2024-09-13 16:37:45","-0.008"
" 2024-09-13 17:17:26","-0.009"
" 2024-09-13 17:39:00","-0.008"
" 2024-09-13 17:53:45","-0.009"
" 2024-09-13 18:04:56","-0.008"
" 2024-09-13 18:25:52","-0.009"
" 2024-09-13 18:46:01","-0.009"
" 2024-09-13 19:06:03","-0.008"
" 2024-09-13 19:36:21","-0.009"
" 2024-09-13 20:17:49","-0.008"
" 2024-09-13 20:28:12","-0.007"
" 2024-09-13 21:02:29","-0.009"
" 2024-09-13 21:37:01","-0.008"
" 2024-09-13 21:49:05","-0.009"
" 2024-09-13 23:10:59","-0.008"
" 2024-09-13 23:22:33","-0.009"
" 2024-09-14 00:08:27","-0.007"
" 2024-09-14 00:18:51","-0.009"
" 2024-09-14 00:59:17","-0.008"
" 2024-09-14 01:19:43","-0.009"
" 2024-09-14 01:30:38","-0.008"
" 2024-09-14 01:40:39","-0.009"
" 2024-09-14 02:00:56","-0.008"
" 2024-09-14 02:31:44","-0.009"
" 2024-09-14 02:52:17","-0.009"
" 2024-09-14 03:02:33","-0.008"
" 2024-09-14 04:03:32","-0.009"
" 2024-09-14 04:24:04","-0.008"
" 2024-09-14 04:55:32","-0.009"
" 2024-09-14 05:56:00","-0.008"
" 2024-09-14 06:06:01","-0.009"
" 2024-09-14 06:16:02","-0.008"
" 2024-09-14 06:46:43","-0.008"
" 2024-09-14 07:06:44","-0.009"
" 2024-09-14 07:16:45","-0.008"
" 2024-09-14 07:57:43","-0.009"
" 2024-09-14 08:07:44","-0.008"
" 2024-09-14 09:10:53","-0.009"
" 2024-09-14 09:31:41","-0.008"
" 2024-09-14 09:43:45","-0.009"
" 2024-09-14 11:35:53","-0.007"
" 2024-09-14 11:46:32","-0.009"
" 2024-09-14 11:56:41","-0.008"
" 2024-09-14 12:16:58","-0.007"
" 2024-09-14 12:27:07","-0.008"
" 2024-09-14 13:34:54","-0.007"
" 2024-09-14 13:55:19","-0.009"
" 2024-09-14 14:38:34","-0.007"
" 2024-09-14 14:58:35","-0.008"
" 2024-09-14 15:10:55","-0.009"
" 2024-09-14 15:51:44","-0.007"
" 2024-09-14 16:01:45","-0.008"
" 2024-09-14 16:11:54","-0.007"
" 2024-09-14 16:32:49","-0.009"
" 2024-09-14 17:36:13","-0.008"
" 2024-09-14 17:46:28","-0.009"
" 2024-09-14 17:56:30","-0.008"
" 2024-09-14 18:06:39","-0.007"
" 2024-09-14 18:28:54","-0.009"
" 2024-09-14 20:09:27","-0.008"
" 2024-09-14 20:19:46","-0.009"
" 2024-09-14 20:53:59","-0.008"
" 2024-09-14 21:04:47","-0.009"
" 2024-09-14 21:22:45","-0.008"
" 2024-09-14 21:53:23","-0.009"
" 2024-09-14 22:06:36","-0.008"
" 2024-09-14 22:39:10","-0.009"
" 2024-09-14 22:49:12","-0.008"
" 2024-09-14 23:19:10","-0.009"
" 2024-09-15 00:11:53","-0.008"
" 2024-09-15 00:22:18","-0.009"
" 2024-09-15 01:24:26","-0.008"
" 2024-09-15 02:04:42","-0.009"
" 2024-09-15 02:14:44","-0.008"
" 2024-09-15 02:55:14","-0.008"
" 2024-09-15 03:36:31","-0.009"
" 2024-09-15 03:56:35","-0.008"
" 2024-09-15 04:06:37","-0.009"
" 2024-09-15 04:16:38","-0.008"
" 2024-09-15 04:47:22","-0.009"
" 2024-09-15 05:02:18","-0.008"
" 2024-09-15 05:34:19","-0.009"
" 2024-09-15 05:54:30","-0.008"
" 2024-09-15 06:14:57","-0.009"
" 2024-09-15 06:25:45","-0.008"
" 2024-09-15 07:38:09","2.254"
" 2024-09-15 07:52:56","0.001"
" 2024-09-15 08:02:58","0"
" 2024-09-15 08:17:46","0.002"
" 2024-09-15 08:58:01","-0.001"
" 2024-09-15 09:18:28","-0.001"
" 2024-09-15 09:28:30","-0.002"
" 2024-09-15 09:40:20","-0.001"
" 2024-09-15 10:03:19","-0.002"
" 2024-09-15 10:51:34","-0.004"
" 2024-09-15 11:21:40","-0.004"
" 2024-09-15 11:41:59","-0.004"
" 2024-09-15 11:52:01","-0.004"
" 2024-09-15 12:02:18","-0.004"
" 2024-09-15 12:22:22","-0.006"
" 2024-09-15 12:52:41","-0.006"
" 2024-09-15 13:04:02","-0.005"
" 2024-09-15 13:56:41","-0.007"
" 2024-09-15 14:34:39","-0.007"
" 2024-09-15 14:54:23","-0.007"
" 2024-09-15 15:22:53","-0.007"
" 2024-09-15 15:37:53","-0.007"
" 2024-09-15 16:08:07","-0.007"
" 2024-09-15 18:12:29","-0.008"
" 2024-09-15 18:22:36","-0.007"
" 2024-09-15 21:52:58","-0.008"
" 2024-09-15 21:57:47","-0.007"
" 2024-09-15 22:16:01","-0.009"
" 2024-09-15 23:10:23","-0.008"
" 2024-09-15 23:20:32","-0.009"
" 2024-09-15 23:50:58","-0.008"
" 2024-09-16 00:01:07","-0.009"
" 2024-09-16 00:32:12","-0.008"
" 2024-09-16 01:32:57","-0.009"
" 2024-09-16 01:42:58","-0.008"
" 2024-09-16 02:13:48","-0.009"
" 2024-09-16 02:23:49","-0.008"
" 2024-09-16 02:44:15","-0.008"
" 2024-09-16 03:24:35","-0.009"
" 2024-09-16 03:34:51","-0.008"
" 2024-09-16 04:36:22","-0.009"
" 2024-09-16 04:46:54","-0.008"
" 2024-09-16 07:23:21","2.202"
" 2024-09-16 07:37:53","-0.007"
" 2024-09-16 07:50:11","0.001"
" 2024-09-16 08:01:45","0"
" 2024-09-16 08:11:47","0.001"
" 2024-09-16 08:45:33","-0.001"
" 2024-09-16 08:55:34","-0.001"
" 2024-09-16 09:05:59","-0.001"
" 2024-09-16 09:16:00","-0.002"
" 2024-09-16 09:26:08","-0.001"
" 2024-09-16 10:11:51","-0.002"
" 2024-09-16 10:51:17","-0.004"
" 2024-09-16 12:38:02","-0.005"
" 2024-09-16 12:48:11","-0.004"
" 2024-09-16 12:58:19","-0.006"
" 2024-09-16 13:22:44","-0.005"
" 2024-09-16 13:39:07","-0.006"
" 2024-09-16 14:23:34","-0.007"
" 2024-09-16 16:08:15","-0.007"
" 2024-09-16 23:10:42","-0.009"
" 2024-09-16 23:47:12","-0.007"
" 2024-09-17 00:17:30","-0.009"
" 2024-09-17 00:58:04","-0.008"
" 2024-09-17 01:08:14","-0.009"
" 2024-09-17 02:28:38","-0.008"
" 2024-09-17 02:38:39","-0.007"
" 2024-09-17 02:48:40","-0.009"
" 2024-09-17 04:00:20","-0.008"
" 2024-09-17 04:10:21","-0.009"
" 2024-09-17 05:24:05","-0.008"
" 2024-09-17 05:34:06","-0.009"
" 2024-09-17 05:55:24","-0.009"
" 2024-09-17 06:15:43","-0.008"
" 2024-09-17 06:30:36","-0.009"
" 2024-09-17 06:50:54","-0.009"
" 2024-09-17 07:11:26","-0.008"
" 2024-09-17 07:21:43","-0.009"
" 2024-09-17 08:02:49","-0.008"
" 2024-09-17 08:32:52","-0.009"
" 2024-09-17 08:52:55","-0.008"
" 2024-09-17 09:03:04","-0.009"
" 2024-09-17 09:13:05","-0.008"
" 2024-09-17 09:39:40","-0.008"
" 2024-09-17 10:22:26","-0.009"
" 2024-09-17 10:55:26","-0.008"
" 2024-09-17 11:08:56","-0.009"
" 2024-09-17 12:03:46","-0.008"
" 2024-09-17 12:35:54","-0.009"
" 2024-09-17 13:03:45","-0.008"
" 2024-09-17 13:24:50","-0.009"
" 2024-09-17 13:57:50","-0.009"
" 2024-09-17 14:58:10","-0.008"
" 2024-09-17 15:14:00","-0.009"
" 2024-09-17 15:47:29","-0.008"
" 2024-09-17 15:59:04","-0.009"
" 2024-09-17 16:09:12","-0.008"
" 2024-09-17 16:45:42","-0.009"
" 2024-09-17 17:19:05","-0.008"
" 2024-09-17 17:29:37","-0.009"
" 2024-09-17 18:17:23","-0.008"
" 2024-09-17 18:31:24","-0.009"
" 2024-09-17 18:44:13","-0.008"
" 2024-09-17 18:57:43","-0.007"
" 2024-09-17 19:10:03","-0.009"
" 2024-09-17 19:34:21","-0.007"
" 2024-09-17 20:06:04","-0.008"
" 2024-09-17 20:16:21","-0.009"
" 2024-09-17 20:30:28","-0.008"
" 2024-09-17 21:16:02","-0.007"
" 2024-09-17 21:51:11","-0.008"
" 2024-09-17 22:01:20","-0.007"
" 2024-09-17 22:11:28","-0.009"
" 2024-09-17 22:54:23","-0.008"
" 2024-09-17 23:34:39","-0.009"
" 2024-09-17 23:44:41","-0.007"
" 2024-09-18 00:06:39","-0.009"
" 2024-09-18 01:10:41","-0.008"
" 2024-09-18 01:21:37","-0.009"
" 2024-09-18 01:51:42","-0.009"
" 2024-09-18 02:01:44","-0.008"
" 2024-09-18 02:11:46","-0.009"
" 2024-09-18 02:53:49","-0.009"
" 2024-09-18 03:03:58","-0.008"
" 2024-09-18 03:19:37","-0.007"
" 2024-09-18 04:34:19","-0.008"
" 2024-09-18 05:06:06","-0.007"
" 2024-09-18 05:22:39","-0.008"
" 2024-09-18 05:52:53","-0.008"
" 2024-09-18 06:28:16","-0.007"
" 2024-09-18 06:41:22","-0.008"
" 2024-09-18 07:32:42","-0.009"
" 2024-09-18 07:55:19","-0.007"
" 2024-09-18 08:06:16","-0.009"
" 2024-09-18 09:10:17","-0.007"
" 2024-09-18 09:31:31","-0.009"
" 2024-09-18 10:35:33","-0.008"
" 2024-09-18 10:45:35","-0.009"
" 2024-09-18 11:05:39","-0.008"
" 2024-09-18 11:15:41","-0.009"
" 2024-09-18 11:58:48","-0.009"
" 2024-09-18 12:19:23","-0.008"
" 2024-09-18 12:29:39","-0.009"
" 2024-09-18 12:49:43","-0.009"
" 2024-09-18 13:10:10","-0.008"
" 2024-09-18 13:30:14","-0.009"
" 2024-09-18 13:40:40","-0.008"
" 2024-09-18 14:00:44","-0.009"
" 2024-09-18 14:10:46","-0.008"
" 2024-09-18 14:51:09","-0.008"
" 2024-09-18 15:21:54","-0.009"
" 2024-09-18 16:02:02","-0.008"
" 2024-09-18 16:12:04","-0.009"
" 2024-09-18 16:52:20","-0.009"
" 2024-09-18 17:02:29","-0.008"
" 2024-09-18 17:12:47","-0.009"
" 2024-09-18 17:43:00","-0.009"
" 2024-09-18 18:03:20","-0.008"
" 2024-09-18 18:23:55","-0.009"
" 2024-09-18 19:34:38","-0.008"
" 2024-09-18 20:00:09","-0.009"
" 2024-09-18 20:10:16","-0.008"
" 2024-09-18 23:05:38","-0.007"
" 2024-09-18 23:36:46","-0.008"
" 2024-09-19 01:13:22","-0.007"
" 2024-09-19 01:45:24","-0.009"
" 2024-09-19 01:55:32","-0.008"
" 2024-09-19 02:07:16","-0.009"
" 2024-09-19 03:43:05","-0.008"
" 2024-09-19 04:04:10","-0.009"
" 2024-09-19 04:36:18","-0.008"
" 2024-09-19 05:06:35","-0.007"
" 2024-09-19 05:20:22","-0.008"
" 2024-09-19 06:24:45","-0.009"
" 2024-09-19 09:06:33","-0.008"
" 2024-09-19 09:16:50","-0.009"
" 2024-09-19 09:57:43","-0.008"
" 2024-09-19 11:09:53","-0.007"
" 2024-09-19 11:20:18","-0.009"
" 2024-09-19 11:50:33","-0.009"
" 2024-09-19 12:51:38","-0.007"
" 2024-09-19 13:01:47","-0.008"
" 2024-09-19 13:19:30","-0.007"
" 2024-09-19 16:14:53","-0.008"
" 2024-09-19 16:38:25","-0.007"
" 2024-09-19 16:48:50","-0.008"
" 2024-09-19 17:03:59","-0.007"
" 2024-09-19 17:15:51","-0.008"
" 2024-09-19 17:59:43","-0.008"
" 2024-09-19 18:10:08","-0.009"
" 2024-09-19 18:31:13","-0.007"
" 2024-09-19 20:55:30","-0.009"
" 2024-09-19 21:06:46","-0.008"
" 2024-09-19 21:56:47","-0.008"
" 2024-09-19 22:17:14","-0.009"
" 2024-09-19 22:27:16","-0.008"
" 2024-09-19 22:47:27","-0.008"
" 2024-09-20 00:08:51","-0.009"
" 2024-09-20 00:18:53","-0.008"
" 2024-09-20 00:39:12","-0.008"
" 2024-09-20 00:59:31","-0.009"
" 2024-09-20 01:09:41","-0.008"
" 2024-09-20 01:49:48","-0.008"
" 2024-09-20 02:10:15","-0.009"
" 2024-09-20 02:20:17","-0.008"
" 2024-09-20 02:50:30","-0.008"
" 2024-09-20 03:00:32","-0.009"
" 2024-09-20 03:20:43","-0.008"
" 2024-09-20 04:11:55","-0.009"
" 2024-09-20 04:21:57","-0.008"
" 2024-09-20 04:52:02","-0.009"
" 2024-09-20 05:02:04","-0.008"
" 2024-09-20 05:43:29","-0.009"
" 2024-09-20 05:54:01","-0.008"
" 2024-09-20 06:04:03","-0.009"
" 2024-09-20 06:25:39","-0.008"
" 2024-09-20 06:45:51","-0.008"
" 2024-09-20 09:27:29","-0.009"
" 2024-09-20 10:21:38","-0.008"
" 2024-09-20 10:34:29","-0.009"
" 2024-09-20 11:16:19","-0.008"
" 2024-09-20 11:28:09","-0.009"
" 2024-09-20 12:02:43","-0.008"
" 2024-09-20 13:11:09","-0.007"
" 2024-09-20 13:22:19","-0.008"
" 2024-09-20 13:38:18","-0.007"
" 2024-09-20 14:54:27","-0.008"
" 2024-09-20 15:04:29","-0.007"
" 2024-09-20 15:14:54","-0.008"
" 2024-09-20 15:56:18","-0.008"
" 2024-09-20 16:07:37","-0.007"
" 2024-09-20 16:43:28","-0.008"
" 2024-09-20 17:04:35","-0.007"
" 2024-09-20 17:14:37","-0.008"
" 2024-09-20 17:55:38","-0.007"
" 2024-09-20 18:06:26","-0.008"
" 2024-09-20 18:59:25","-0.009"
" 2024-09-20 19:09:26","-0.008"
" 2024-09-20 19:30:09","-0.007"
" 2024-09-20 19:41:51","-0.009"
" 2024-09-20 20:02:41","-0.008"
" 2024-09-20 20:12:58","-0.009"
" 2024-09-20 21:04:09","-0.008"
" 2024-09-20 21:24:13","-0.009"
" 2024-09-20 21:54:42","-0.008"
" 2024-09-20 22:04:43","-0.009"
" 2024-09-20 22:14:45","-0.008"
" 2024-09-20 22:45:14","-0.008"
" 2024-09-20 23:05:25","-0.009"
" 2024-09-20 23:35:46","-0.008"
" 2024-09-21 00:05:59","-0.009"
" 2024-09-21 00:16:47","-0.008"
" 2024-09-21 00:36:50","-0.008"
" 2024-09-21 01:07:19","-0.009"
" 2024-09-21 01:37:32","-0.008"
" 2024-09-21 01:57:44","-0.009"
" 2024-09-21 02:08:01","-0.008"
" 2024-09-21 02:18:10","-0.009"
" 2024-09-21 02:28:28","-0.008"
" 2024-09-21 04:14:42","-0.009"
" 2024-09-21 04:24:44","-0.008"
" 2024-09-21 04:46:05","-0.008"
" 2024-09-21 05:16:49","-0.009"
" 2024-09-21 05:26:51","-0.008"
" 2024-09-21 07:50:04","-0.009"
" 2024-09-21 08:01:56","-0.008"
" 2024-09-21 09:20:30","-0.009"
" 2024-09-21 09:40:34","-0.008"
" 2024-09-21 09:50:51","-0.009"
" 2024-09-21 10:00:53","-0.008"
" 2024-09-21 10:31:07","-0.009"
" 2024-09-21 10:41:24","-0.008"
" 2024-09-21 13:05:57","-0.009"
" 2024-09-21 13:26:31","-0.008"
" 2024-09-21 13:57:00","-0.008"
" 2024-09-21 14:07:09","-0.009"
" 2024-09-21 14:17:19","-0.008"
" 2024-09-21 14:48:26","-0.008"
" 2024-09-21 15:50:32","-0.009"
" 2024-09-21 16:00:50","-0.008"
" 2024-09-21 16:11:07","-0.009"
" 2024-09-21 16:31:11","-0.009"
" 2024-09-21 17:01:48","-0.008"
" 2024-09-21 17:52:36","-0.009"
" 2024-09-21 18:02:38","-0.008"
" 2024-09-21 18:32:43","-0.009"
" 2024-09-21 18:54:19","-0.007"
" 2024-09-21 19:04:29","-0.009"
" 2024-09-21 19:20:55","-0.008"
" 2024-09-21 19:57:26","-0.008"
" 2024-09-21 21:49:28","-0.009"
" 2024-09-21 22:01:11","-0.007"
" 2024-09-21 22:23:33","-0.009"
" 2024-09-21 22:33:43","-0.007"
" 2024-09-21 23:03:08","-0.008"
" 2024-09-21 23:25:10","-0.007"
" 2024-09-21 23:48:57","-0.009"
" 2024-09-22 02:25:19","-0.008"
" 2024-09-22 02:55:47","-0.009"
" 2024-09-22 03:06:04","-0.008"
" 2024-09-22 03:16:06","-0.009"
" 2024-09-22 03:56:37","-0.008"
" 2024-09-22 04:16:41","-0.009"
" 2024-09-22 04:27:14","-0.008"
" 2024-09-22 04:57:43","-0.009"
" 2024-09-22 05:07:45","-0.008"
" 2024-09-22 05:59:11","-0.009"
" 2024-09-22 06:09:44","-0.008"
" 2024-09-22 06:41:53","-0.009"
" 2024-09-22 06:52:33","-0.008"
" 2024-09-22 07:37:19","-0.009"
" 2024-09-22 07:47:44","-0.008"
" 2024-09-22 08:32:13","-0.009"
" 2024-09-22 08:42:46","-0.008"
" 2024-09-22 09:03:05","-0.009"
" 2024-09-22 09:24:26","-0.008"
" 2024-09-22 09:38:04","-0.009"
" 2024-09-22 12:59:20","-0.008"
" 2024-09-22 13:10:47","-0.009"
" 2024-09-22 14:47:38","-0.008"
" 2024-09-22 14:59:04","-0.009"
" 2024-09-22 16:19:42","-0.008"
" 2024-09-22 16:39:53","-0.009"
" 2024-09-22 17:00:36","-0.008"
" 2024-09-22 18:11:50","-0.009"
" 2024-09-22 18:22:15","-0.008"
" 2024-09-22 18:53:00","-0.009"
" 2024-09-22 20:27:08","-0.008"
" 2024-09-22 20:38:04","-0.009"
" 2024-09-22 21:19:36","-0.008"
" 2024-09-22 21:29:38","-0.009"
" 2024-09-22 22:20:03","-0.008"
" 2024-09-22 22:30:12","-0.009"
" 2024-09-22 22:50:31","-0.009"
" 2024-09-22 23:00:41","-0.008"
" 2024-09-22 23:10:50","-0.009"
" 2024-09-22 23:31:02","-0.008"
" 2024-09-23 01:39:39","-0.009"
" 2024-09-23 01:49:41","-0.008"
" 2024-09-23 02:44:34","-0.009"
" 2024-09-23 02:55:00","-0.008"
" 2024-09-23 03:05:02","-0.009"
" 2024-09-23 03:17:46","-0.008"
" 2024-09-23 04:15:37","-0.009"
" 2024-09-23 08:30:25","-0.008"
" 2024-09-23 08:51:07","-0.009"
" 2024-09-23 09:01:17","-0.008"
" 2024-09-23 10:03:00","-0.009"
" 2024-09-23 10:14:58","-0.008"
" 2024-09-23 10:55:13","-0.008"
" 2024-09-23 11:16:11","-0.009"
" 2024-09-23 11:26:29","-0.008"
" 2024-09-23 11:47:03","-0.008"
" 2024-09-23 12:07:30","-0.009"
" 2024-09-23 12:17:40","-0.008"
" 2024-09-23 12:57:50","-0.008"
" 2024-09-23 13:07:56","-0.009"
" 2024-09-23 13:28:15","-0.008"
" 2024-09-23 14:55:27","-0.009"
" 2024-09-23 15:25:33","-0.008"
" 2024-09-23 16:36:38","-0.009"
" 2024-09-23 16:51:19","-0.008"
" 2024-09-23 17:01:27","-0.009"
" 2024-09-23 17:24:06","-0.008"
" 2024-09-23 17:46:21","-0.009"
" 2024-09-23 18:02:03","-0.008"
" 2024-09-23 19:06:21","-0.009"
" 2024-09-23 19:16:30","-0.008"
" 2024-09-23 19:47:14","-0.009"
" 2024-09-23 20:07:26","-0.008"
" 2024-09-23 20:17:27","-0.009"
" 2024-09-23 20:27:29","-0.008"
" 2024-09-23 22:30:09","-0.009"
" 2024-09-24 00:02:30","-0.008"
" 2024-09-24 00:12:38","-0.009"
" 2024-09-24 08:05:32","-0.01"
" 2024-09-24 08:15:40","-0.009"
" 2024-09-24 08:50:02","-0.01"
" 2024-09-24 09:11:44","-0.009"
" 2024-09-24 09:53:11","-0.008"
" 2024-09-24 10:03:19","-0.009"
" 2024-09-24 11:06:06","-0.008"
" 2024-09-24 11:16:14","-0.009"
" 2024-09-24 11:47:39","-0.008"
" 2024-09-24 12:19:17","-0.007"
" 2024-09-24 12:29:19","-0.008"
" 2024-09-24 13:11:29","-0.009"
" 2024-09-24 13:21:31","-0.008"
" 2024-09-24 14:13:34","-0.009"
" 2024-09-24 18:58:43","-0.008"
" 2024-09-24 21:58:26","-0.009"
" 2024-09-24 22:08:59","-0.008"
" 2024-09-24 23:56:55","-0.009"
" 2024-09-25 02:53:32","2.332"
" 2024-09-25 02:54:42","1.902"
" 2024-09-25 02:59:12","2.347"
" 2024-09-25 03:03:42","2.451"
" 2024-09-25 03:21:20","0"
" 2024-09-25 03:52:59","0.003"
" 2024-09-25 04:04:03","0.002"
" 2024-09-25 04:39:57","-0.001"
" 2024-09-25 04:50:00","0"
" 2024-09-25 05:00:33","-0.001"
" 2024-09-25 05:22:19","-0.002"
" 2024-09-25 06:30:05","-0.003"
" 2024-09-25 06:43:08","-0.004"
" 2024-09-25 07:11:57","-0.004"
" 2024-09-25 07:37:34","-0.005"
" 2024-09-25 07:59:57","-0.006"
" 2024-09-25 08:34:42","-0.004"
" 2024-09-25 08:55:33","-0.004"
" 2024-09-25 09:08:33","-0.005"
" 2024-09-25 09:18:35","-0.004"
" 2024-09-25 09:37:28","-0.006"
" 2024-09-25 09:48:26","-0.005"
" 2024-09-25 10:01:09","-0.006"
" 2024-09-25 10:57:24","-0.007"
" 2024-09-25 11:16:49","-0.006"
" 2024-09-25 11:59:14","-0.007"
" 2024-09-25 12:15:56","-0.007"
" 2024-09-25 12:49:33","-0.006"
" 2024-09-25 12:59:41","-0.007"
" 2024-09-25 13:12:59","-0.007"
" 2024-09-25 15:08:19","-0.009"
" 2024-09-25 15:28:54","-0.007"
" 2024-09-25 15:51:17","-0.007"
" 2024-09-25 16:01:19","-0.009"
" 2024-09-25 16:42:45","-0.007"
" 2024-09-25 17:05:01","-0.009"
" 2024-09-25 17:46:19","-0.007"
" 2024-09-25 17:56:22","-0.008"
" 2024-09-25 18:06:24","-0.007"
" 2024-09-25 18:36:47","-0.008"
" 2024-09-25 19:17:03","-0.007"
" 2024-09-25 19:47:26","-0.009"
" 2024-09-25 20:18:12","-0.008"
" 2024-09-25 20:49:28","-0.009"
" 2024-09-25 21:20:29","-0.008"
" 2024-09-25 21:30:32","-0.009"
" 2024-09-25 21:41:05","-0.008"
" 2024-09-25 22:01:17","-0.009"
" 2024-09-25 22:51:59","-0.007"
" 2024-09-25 23:02:25","-0.008"
" 2024-09-25 23:12:27","-0.007"
" 2024-09-25 23:22:29","-0.009"
" 2024-09-25 23:53:46","-0.008"
" 2024-09-26 00:24:24","-0.009"
" 2024-09-26 00:34:57","-0.008"
" 2024-09-26 00:55:32","-0.008"
" 2024-09-26 01:27:04","-0.009"
" 2024-09-26 01:41:38","-0.008"
" 2024-09-26 02:35:41","2.344"
" 2024-09-26 02:35:56","-0.012"
" 2024-09-26 02:46:06","-0.008"
" 2024-09-26 03:29:04","-0.007"
" 2024-09-26 03:39:29","-0.008"
" 2024-09-26 05:03:02","-0.007"
" 2024-09-26 05:23:39","-0.008"
" 2024-09-26 05:34:19","-0.007"
" 2024-09-26 06:18:33","-0.008"
" 2024-09-26 06:40:32","-0.009"
" 2024-09-26 06:57:13","-0.008"
" 2024-09-26 07:26:23","-0.009"
" 2024-09-26 07:54:50","-0.008"
" 2024-09-26 08:35:34","-0.009"
" 2024-09-26 08:56:49","-0.008"
" 2024-09-26 09:48:55","-0.007"
" 2024-09-26 09:59:58","-0.009"
" 2024-09-26 10:10:08","-0.008"
" 2024-09-26 10:50:47","-0.009"
" 2024-09-26 11:22:41","-0.008"
" 2024-09-26 11:53:11","-0.009"
" 2024-09-26 12:13:14","-0.008"
" 2024-09-26 12:58:38","-0.009"
" 2024-09-26 13:08:40","-0.007"
" 2024-09-26 13:39:01","-0.009"
" 2024-09-26 13:59:20","-0.008"
" 2024-09-26 14:19:25","-0.009"
" 2024-09-26 14:29:27","-0.008"
" 2024-09-26 14:50:01","-0.008"
" 2024-09-26 17:36:42","-0.009"
" 2024-09-26 17:57:09","-0.008"
" 2024-09-26 18:17:43","-0.009"
" 2024-09-26 18:27:45","-0.008"
" 2024-09-26 18:57:59","-0.009"
" 2024-09-26 19:08:00","-0.008"
" 2024-09-26 19:18:25","-0.009"
" 2024-09-26 19:38:37","-0.008"
" 2024-09-26 20:09:22","-0.009"
" 2024-09-27 00:54:10","-0.008"
" 2024-09-27 01:14:15","-0.009"
" 2024-09-27 01:24:56","-0.008"
" 2024-09-27 01:56:34","-0.008"
" 2024-09-27 04:00:25","-0.009"
" 2024-09-27 04:11:06","-0.008"
" 2024-09-27 05:01:29","-0.009"
" 2024-09-27 05:55:47","-0.007"
" 2024-09-27 06:30:00","-0.009"
" 2024-09-27 06:40:25","-0.007"
" 2024-09-27 07:39:43","-0.009"
" 2024-09-27 07:49:45","-0.008"
" 2024-09-27 08:00:18","-0.009"
" 2024-09-27 08:56:53","2.435"
" 2024-09-27 09:06:55","2.366"
" 2024-09-27 09:50:54","0.002"
" 2024-09-27 10:03:15","0.002"
" 2024-09-27 10:48:00","-0.001"
" 2024-09-27 10:58:09","-0.001"
" 2024-09-27 11:08:58","-0.002"
" 2024-09-27 11:14:45","2.499"
" 2024-09-27 11:51:17","0.009"
" 2024-09-27 12:09:40","0.006"
" 2024-09-27 12:55:05","0.002"
" 2024-09-27 13:15:55","0"
" 2024-09-27 13:51:56","-0.001"
" 2024-09-27 14:03:30","-0.001"
" 2024-09-27 14:34:30","-0.002"
" 2024-09-27 14:54:41","-0.001"
" 2024-09-27 15:11:01","-0.003"
" 2024-09-27 15:44:58","-0.004"
" 2024-09-27 15:55:00","-0.003"
" 2024-09-27 16:21:45","-0.004"
" 2024-09-27 16:43:06","-0.004"
" 2024-09-27 17:03:25","-0.004"
" 2024-09-27 17:23:44","-0.004"
" 2024-09-27 17:33:46","-0.005"
" 2024-09-27 17:53:50","-0.004"
" 2024-09-27 18:03:52","-0.004"
" 2024-09-27 18:35:05","-0.005"
" 2024-09-27 19:05:43","-0.004"
" 2024-09-27 19:46:22","-0.006"
" 2024-09-27 20:05:24","-0.007"
" 2024-09-27 20:15:49","-0.004"
" 2024-09-27 20:43:20","-0.007"
" 2024-09-27 21:04:33","-0.006"
" 2024-09-27 21:47:52","-0.007"
" 2024-09-27 21:57:56","-0.006"
" 2024-09-27 22:09:05","-0.007"
" 2024-09-27 22:23:31","-0.007"
" 2024-09-27 22:45:31","-0.007"
" 2024-09-27 23:17:47","-0.007"
" 2024-09-28 00:36:16","-0.008"
" 2024-09-28 01:06:45","-0.007"
" 2024-09-28 01:16:54","-0.008"
" 2024-09-28 01:58:27","-0.008"
" 2024-09-28 02:09:15","-0.007"
" 2024-09-28 02:19:17","-0.009"
" 2024-09-28 02:55:56","-0.008"
" 2024-09-28 03:11:20","-0.009"
" 2024-09-28 03:32:04","-0.007"
" 2024-09-28 03:42:06","-0.009"
" 2024-09-28 04:05:07","-0.008"
" 2024-09-28 04:18:05","-0.009"
" 2024-09-28 07:35:18","2.265"
" 2024-09-28 07:36:27","1.908"
" 2024-09-28 07:51:45","2.433"
" 2024-09-28 08:01:47","2.333"
" 2024-09-28 08:48:20","0.01"
" 2024-09-28 09:04:40","0.009"
" 2024-09-28 09:55:28","0.002"
" 2024-09-28 10:06:01","0.002"
" 2024-09-28 10:16:18","0.002"
" 2024-09-28 10:59:39","-0.001"
" 2024-09-28 11:11:14","-0.001"
" 2024-09-28 12:48:43","-0.003"
" 2024-09-28 13:00:46","-0.002"
" 2024-09-28 13:25:54","-0.004"
" 2024-09-28 14:21:12","-0.004"
" 2024-09-28 14:31:37","-0.004"
" 2024-09-28 15:22:25","-0.004"
" 2024-09-28 15:32:27","-0.006"
" 2024-09-28 15:52:55","-0.004"
" 2024-09-28 16:08:35","-0.006"
" 2024-09-28 18:23:14","-0.007"
" 2024-09-28 20:46:17","-0.007"
" 2024-09-28 20:56:19","-0.007"
" 2024-09-28 21:06:27","-0.007"
" 2024-09-28 22:20:19","-0.007"
" 2024-09-28 22:34:03","-0.007"
" 2024-09-28 23:34:39","-0.008"
" 2024-09-29 00:11:11","-0.007"
" 2024-09-29 00:21:20","-0.009"
" 2024-09-29 00:31:38","-0.008"
" 2024-09-29 01:02:14","-0.009"
" 2024-09-29 01:52:55","-0.007"
" 2024-09-29 02:03:12","-0.008"
" 2024-09-29 02:18:36","-0.009"
" 2024-09-29 02:50:01","-0.008"
" 2024-09-29 03:03:29","-0.009"
" 2024-09-29 13:50:10","-0.008"
" 2024-09-29 14:00:35","-0.009"
" 2024-09-29 14:57:33","-0.008"
" 2024-09-29 16:06:21","-0.009"
" 2024-09-29 16:16:31","-0.008"
" 2024-09-29 17:23:04","-0.009"
" 2024-09-29 17:35:04","-0.008"
" 2024-09-29 17:55:22","-0.008"
" 2024-09-29 19:38:05","-0.009"
" 2024-09-29 20:00:12","-0.008"
" 2024-09-29 20:30:24","-0.009"
" 2024-09-29 20:40:26","-0.008"
" 2024-09-29 21:31:36","-0.009"
" 2024-09-29 21:52:02","-0.008"
" 2024-09-29 22:13:00","-0.009"
" 2024-09-29 22:23:25","-0.008"
" 2024-09-29 22:53:52","-0.009"
" 2024-09-29 23:04:02","-0.008"
" 2024-09-30 00:16:30","-0.009"
" 2024-09-30 01:14:38","-0.008"
" 2024-09-30 01:50:53","-0.007"
" 2024-09-30 02:01:01","-0.008"
" 2024-09-30 02:51:18","-0.009"
" 2024-09-30 03:11:30","-0.008"
" 2024-09-30 03:38:35","-0.009"
" 2024-09-30 08:06:31","-0.01"
" 2024-09-30 08:30:03","-0.009"
" 2024-09-30 09:27:30","-0.008"
" 2024-09-30 09:37:38","-0.009"
" 2024-09-30 11:22:20","-0.008"
" 2024-09-30 11:32:28","-0.009"
" 2024-09-30 11:55:59","-0.009"
" 2024-09-30 12:11:03","-0.008"
" 2024-09-30 12:21:10","-0.009"
" 2024-09-30 12:36:15","-0.008"
" 2024-09-30 13:07:42","-0.009"
" 2024-09-30 13:18:01","-0.008"
" 2024-09-30 13:45:00","-0.009"
" 2024-09-30 13:59:33","-0.008"
" 2024-09-30 14:09:56","-0.009"
" 2024-09-30 14:54:18","-0.008"
" 2024-09-30 15:23:05","-0.009"
" 2024-09-30 15:33:09","-0.008"
" 2024-09-30 16:17:06","-0.009"
" 2024-09-30 16:39:07","-0.007"
" 2024-09-30 16:51:41","-0.008"
" 2024-09-30 17:24:15","-0.007"
" 2024-09-30 17:36:49","-0.009"
" 2024-09-30 18:47:43","-0.008"
" 2024-09-30 19:08:32","-0.009"
" 2024-09-30 19:29:14","-0.007"
" 2024-09-30 19:50:04","-0.009"
" 2024-09-30 20:10:23","-0.008"
" 2024-09-30 20:20:25","-0.009"
" 2024-09-30 20:30:27","-0.008"
" 2024-09-30 21:01:50","-0.009"
" 2024-09-30 21:13:40","-0.008"
" 2024-09-30 22:17:20","-0.009"
" 2024-09-30 22:27:45","-0.008"
" 2024-10-01 00:06:02","-0.007"
" 2024-10-01 00:27:28","-0.008"
" 2024-10-01 00:42:25","-0.007"
" 2024-10-01 01:00:00","-0.008"
" 2024-10-01 01:23:27","-0.007"
" 2024-10-01 01:33:29","-0.008"
" 2024-10-01 02:11:54","-0.009"
" 2024-10-01 05:58:18","-0.01"
" 2024-10-01 06:08:25","-0.009"
" 2024-10-01 07:24:13","-0.01"
" 2024-10-01 07:41:35","-0.009"
" 2024-10-01 08:29:08","-0.008"
" 2024-10-01 08:59:15","-0.009"
" 2024-10-01 09:23:41","-0.008"
" 2024-10-01 09:33:49","-0.009"
" 2024-10-01 16:36:05","-0.01"
" 2024-10-01 18:21:46","-0.009"
" 2024-10-01 18:45:50","-0.008"
" 2024-10-01 19:23:55","-0.009"
" 2024-10-01 23:15:55","-0.008"
" 2024-10-01 23:43:37","-0.009"
" 2024-10-01 23:55:58","-0.008"
" 2024-10-02 00:13:11","-0.009"
" 2024-10-02 01:57:28","-0.01"
" 2024-10-02 02:14:48","-0.009"
" 2024-10-02 06:45:35","-0.01"
" 2024-10-02 06:57:00","-0.009"
" 2024-10-02 07:09:16","-0.01"
" 2024-10-02 09:09:50","-0.009"
" 2024-10-02 09:59:34","2.153"
" 2024-10-02 09:59:49","2.043"
" 2024-10-02 10:00:35","1.912"
" 2024-10-02 10:09:36","2.47"
" 2024-10-02 10:42:17","0.003"
" 2024-10-02 10:53:14","0.009"
" 2024-10-02 11:03:47","0.007"
" 2024-10-02 11:25:17","0.004"
" 2024-10-02 11:36:53","2.549"
" 2024-10-02 11:59:25","2.321"
" 2024-10-02 12:09:27","2.306"
" 2024-10-02 12:52:20","0.007"
" 2024-10-02 13:03:24","0.006"
" 2024-10-02 13:57:35","0.001"
" 2024-10-02 14:10:35","-0.001"
" 2024-10-02 14:53:03","-0.002"
" 2024-10-02 15:03:36","-0.001"
" 2024-10-02 15:32:00","-0.002"
" 2024-10-02 16:24:49","-0.003"
" 2024-10-02 16:35:53","-0.004"
" 2024-10-02 17:05:12","-0.004"
" 2024-10-02 17:25:35","-0.005"
" 2024-10-02 17:50:46","-0.004"
" 2024-10-02 18:17:35","-0.005"
" 2024-10-02 18:51:49","-0.006"
" 2024-10-02 20:10:35","-0.007"
" 2024-10-02 20:30:29","-0.006"
" 2024-10-02 20:50:03","-0.007"
" 2024-10-02 22:00:39","-0.006"
" 2024-10-02 22:20:49","-0.007"
" 2024-10-02 23:27:36","-0.008"
" 2024-10-02 23:38:27","-0.009"
" 2024-10-02 23:59:24","-0.009"
" 2024-10-03 00:17:09","-0.008"
" 2024-10-03 00:47:01","-0.009"
" 2024-10-03 01:17:11","-0.008"
" 2024-10-03 01:28:07","-0.009"
" 2024-10-03 01:57:49","-0.009"
" 2024-10-03 03:19:33","-0.008"
" 2024-10-03 03:32:17","-0.009"
" 2024-10-03 08:10:04","-0.008"
" 2024-10-03 08:33:53","-0.009"
" 2024-10-03 10:29:38","-0.01"
" 2024-10-03 10:40:18","-0.008"
" 2024-10-03 10:50:59","-0.009"
" 2024-10-03 11:04:04","-0.008"
" 2024-10-03 11:34:04","-0.009"
" 2024-10-03 12:10:21","-0.008"
" 2024-10-03 12:28:05","-0.009"
" 2024-10-03 16:40:22","-0.008"
" 2024-10-03 16:50:30","-0.009"
" 2024-10-04 00:01:17","-0.01"
" 2024-10-04 00:15:16","-0.009"
" 2024-10-04 00:29:35","-0.01"
" 2024-10-04 01:43:46","-0.009"
" 2024-10-04 02:15:33","-0.01"
" 2024-10-04 02:59:40","-0.008"
" 2024-10-04 03:11:45","-0.01"
" 2024-10-04 03:55:07","-0.008"
" 2024-10-04 04:05:14","-0.009"
" 2024-10-04 07:05:21","-0.01"
" 2024-10-04 07:07:54","-0.009"
" 2024-10-04 07:54:51","-0.01"
" 2024-10-04 08:05:30","-0.009"
" 2024-10-04 08:17:21","-0.01"
" 2024-10-04 08:45:00","-0.009"
" 2024-10-04 10:29:20","-0.01"
" 2024-10-04 10:56:28","-0.008"
" 2024-10-04 11:10:04","-0.009"
" 2024-10-04 14:45:31","-0.008"
" 2024-10-04 16:43:21","-0.009"
" 2024-10-04 18:03:22","-0.008"
" 2024-10-04 19:33:01","-0.009"
" 2024-10-04 19:50:16","-0.008"
" 2024-10-04 20:10:10","-0.009"
" 2024-10-04 20:21:00","-0.01"
" 2024-10-04 20:31:08","-0.009"
" 2024-10-04 23:40:46","-0.008"
" 2024-10-05 00:00:00","-0.008"
"",""