"Timestamp","3370-20-COMP-B-LCP-AI002"
" 2024-08-05 00:00:00","33.488"
" 2024-08-05 00:11:45","33.428"
" 2024-08-05 00:53:03","33.339"
" 2024-08-05 01:16:52","33.309"
" 2024-08-05 01:43:37","33.279"
" 2024-08-05 02:51:09","33.25"
" 2024-08-05 03:01:25","33.279"
" 2024-08-05 03:19:04","33.22"
" 2024-08-05 03:59:41","33.22"
" 2024-08-05 05:05:17","33.19"
" 2024-08-05 05:15:27","33.22"
" 2024-08-05 05:45:56","33.22"
" 2024-08-05 06:11:17","33.19"
" 2024-08-05 07:00:17","33.16"
" 2024-08-05 08:48:19","37.148"
" 2024-08-05 08:55:23","79.28"
" 2024-08-05 09:04:26","82.315"
" 2024-08-05 09:40:17","97.52"
" 2024-08-05 09:59:51","66.337"
" 2024-08-05 10:02:47","63.272"
" 2024-08-05 10:57:28","40.748"
" 2024-08-05 11:07:38","39.32"
" 2024-08-05 11:58:35","35.749"
" 2024-08-05 12:08:59","35.422"
" 2024-08-05 12:55:02","34.589"
" 2024-08-05 14:35:45","34.023"
" 2024-08-05 15:53:28","33.875"
" 2024-08-05 16:03:38","33.845"
" 2024-08-05 16:56:26","33.666"
" 2024-08-05 17:06:26","33.607"
" 2024-08-05 17:49:12","33.815"
" 2024-08-05 18:07:03","33.845"
" 2024-08-05 18:33:17","33.875"
" 2024-08-05 18:45:08","33.845"
" 2024-08-05 20:24:45","33.875"
" 2024-08-05 20:46:22","33.845"
" 2024-08-05 21:25:41","33.875"
" 2024-08-05 21:56:52","33.755"
" 2024-08-05 22:07:35","33.666"
" 2024-08-05 22:59:13","33.488"
" 2024-08-05 23:21:30","33.458"
" 2024-08-05 23:52:57","33.398"
" 2024-08-06 00:03:31","33.428"
" 2024-08-06 00:14:20","33.398"
" 2024-08-06 00:49:23","33.398"
" 2024-08-06 01:10:15","33.369"
" 2024-08-06 01:30:49","33.398"
" 2024-08-06 01:47:47","33.339"
" 2024-08-06 02:37:50","33.309"
" 2024-08-06 02:58:49","33.339"
" 2024-08-06 03:08:50","33.309"
" 2024-08-06 03:19:47","33.279"
" 2024-08-06 03:43:34","89.188"
" 2024-08-06 03:58:45","70.621"
" 2024-08-06 04:01:04","67.587"
" 2024-08-06 04:53:48","41.135"
" 2024-08-06 05:03:50","39.528"
" 2024-08-06 05:54:08","35.511"
" 2024-08-06 06:04:18","35.124"
" 2024-08-06 06:58:11","34.053"
" 2024-08-06 07:10:32","33.934"
" 2024-08-06 07:48:44","33.696"
" 2024-08-06 08:06:42","33.666"
" 2024-08-06 08:27:11","33.577"
" 2024-08-06 08:58:26","83.237"
" 2024-08-06 09:04:21","86.272"
" 2024-08-06 09:20:48","95.348"
" 2024-08-06 09:55:17","55.209"
" 2024-08-06 10:00:18","52.203"
" 2024-08-06 10:54:59","38.248"
" 2024-08-06 11:05:09","37.296"
" 2024-08-06 11:57:55","34.886"
" 2024-08-06 12:07:57","34.678"
" 2024-08-06 12:50:32","34.172"
" 2024-08-06 13:01:13","34.053"
" 2024-08-06 13:55:45","33.845"
" 2024-08-06 14:07:42","33.815"
" 2024-08-06 14:54:13","33.726"
" 2024-08-06 15:22:09","33.696"
" 2024-08-06 15:42:44","33.666"
" 2024-08-06 16:29:20","33.577"
" 2024-08-06 16:52:06","33.547"
" 2024-08-06 17:08:01","33.517"
" 2024-08-06 17:55:24","33.607"
" 2024-08-06 18:23:58","33.696"
" 2024-08-06 18:44:10","33.755"
" 2024-08-06 19:02:24","33.785"
" 2024-08-06 19:53:46","33.904"
" 2024-08-06 20:04:20","33.875"
" 2024-08-06 20:14:22","33.934"
" 2024-08-06 20:51:09","33.815"
" 2024-08-06 21:04:45","33.845"
" 2024-08-06 21:17:33","33.815"
" 2024-08-06 21:58:37","33.904"
" 2024-08-06 22:54:23","33.845"
" 2024-08-06 23:09:18","33.755"
" 2024-08-06 23:50:37","33.517"
" 2024-08-07 00:05:26","33.488"
" 2024-08-07 00:50:08","33.398"
" 2024-08-07 01:40:20","33.339"
" 2024-08-07 02:50:43","33.309"
" 2024-08-07 03:10:55","33.369"
" 2024-08-07 03:54:10","33.964"
" 2024-08-07 04:26:51","33.904"
" 2024-08-07 04:37:47","33.934"
" 2024-08-07 04:48:13","33.904"
" 2024-08-07 05:01:13","33.845"
" 2024-08-07 05:52:50","33.875"
" 2024-08-07 06:31:24","33.845"
" 2024-08-07 06:53:20","33.785"
" 2024-08-07 07:05:41","33.696"
" 2024-08-07 07:41:12","33.547"
" 2024-08-07 08:03:21","33.488"
" 2024-08-07 08:52:00","33.25"
" 2024-08-07 09:02:03","33.458"
" 2024-08-07 09:41:58","33.875"
" 2024-08-07 09:54:50","33.845"
" 2024-08-07 10:26:42","33.875"
" 2024-08-07 10:52:13","33.845"
" 2024-08-07 11:02:17","33.875"
" 2024-08-07 11:21:10","33.845"
" 2024-08-07 12:17:51","33.815"
" 2024-08-07 12:47:49","33.845"
" 2024-08-07 12:59:03","33.815"
" 2024-08-07 13:19:17","33.845"
" 2024-08-07 13:41:33","33.785"
" 2024-08-07 14:02:01","33.815"
" 2024-08-07 14:23:52","33.785"
" 2024-08-07 15:05:29","33.726"
" 2024-08-07 15:15:33","33.755"
" 2024-08-07 15:46:39","33.726"
" 2024-08-07 16:40:39","33.636"
" 2024-08-07 16:52:52","33.577"
" 2024-08-07 17:03:33","33.547"
" 2024-08-07 17:46:36","33.517"
" 2024-08-07 17:57:29","33.547"
" 2024-08-07 18:07:39","33.488"
" 2024-08-07 18:42:54","33.458"
" 2024-08-07 19:18:02","33.398"
" 2024-08-07 20:04:21","33.369"
" 2024-08-07 20:56:03","33.458"
" 2024-08-07 21:07:30","33.517"
" 2024-08-07 21:42:30","33.636"
" 2024-08-07 22:08:34","33.666"
" 2024-08-07 22:44:10","33.755"
" 2024-08-07 23:01:15","33.785"
" 2024-08-07 23:38:36","33.875"
" 2024-08-07 23:50:26","33.845"
" 2024-08-08 00:00:42","33.875"
" 2024-08-08 00:29:18","33.845"
" 2024-08-08 00:39:20","33.875"
" 2024-08-08 01:09:57","33.845"
" 2024-08-08 01:49:19","33.696"
" 2024-08-08 02:02:50","33.607"
" 2024-08-08 02:52:28","33.428"
" 2024-08-08 03:13:04","33.398"
" 2024-08-08 04:09:40","33.369"
" 2024-08-08 04:40:47","33.398"
" 2024-08-08 04:54:40","33.339"
" 2024-08-08 05:10:06","33.369"
" 2024-08-08 05:41:37","33.309"
" 2024-08-08 05:51:38","33.339"
" 2024-08-08 06:01:40","33.309"
" 2024-08-08 06:13:07","33.339"
" 2024-08-08 06:23:09","33.309"
" 2024-08-08 07:18:34","33.279"
" 2024-08-08 07:28:36","33.309"
" 2024-08-08 07:48:40","33.309"
" 2024-08-08 08:17:57","33.279"
" 2024-08-08 08:58:38","33.398"
" 2024-08-08 09:10:43","33.517"
" 2024-08-08 09:56:38","33.785"
" 2024-08-08 10:33:25","33.815"
" 2024-08-08 10:54:38","33.785"
" 2024-08-08 11:37:19","33.815"
" 2024-08-08 11:47:32","33.785"
" 2024-08-08 12:08:39","33.815"
" 2024-08-08 12:49:09","33.785"
" 2024-08-08 14:19:40","33.755"
" 2024-08-08 14:43:04","33.726"
" 2024-08-08 15:04:24","33.755"
" 2024-08-08 15:18:15","33.726"
" 2024-08-08 16:23:37","33.666"
" 2024-08-08 16:48:17","33.577"
" 2024-08-08 17:00:54","33.547"
" 2024-08-08 17:32:52","33.488"
" 2024-08-08 18:12:46","33.517"
" 2024-08-08 18:26:01","33.547"
" 2024-08-08 19:10:01","33.517"
" 2024-08-08 19:20:18","33.547"
" 2024-08-08 20:04:39","33.577"
" 2024-08-08 20:43:59","33.726"
" 2024-08-08 21:04:24","33.755"
" 2024-08-08 21:27:17","33.845"
" 2024-08-08 21:38:36","33.785"
" 2024-08-08 22:56:32","33.755"
" 2024-08-08 23:08:53","33.666"
" 2024-08-08 23:49:06","33.488"
" 2024-08-09 00:11:20","33.458"
" 2024-08-09 00:34:13","33.398"
" 2024-08-09 01:29:12","33.369"
" 2024-08-09 01:56:19","33.339"
" 2024-08-09 03:27:56","33.309"
" 2024-08-09 03:43:55","33.279"
" 2024-08-09 03:54:03","33.309"
" 2024-08-09 04:05:24","33.279"
" 2024-08-09 04:15:26","33.309"
" 2024-08-09 04:26:14","33.279"
" 2024-08-09 05:01:58","33.309"
" 2024-08-09 06:58:08","33.339"
" 2024-08-09 07:10:29","33.369"
" 2024-08-09 07:59:04","33.339"
" 2024-08-09 08:41:48","33.309"
" 2024-08-09 08:53:15","33.398"
" 2024-08-09 09:03:17","33.488"
" 2024-08-09 09:48:39","33.696"
" 2024-08-09 10:02:56","33.726"
" 2024-08-09 10:31:16","33.785"
" 2024-08-09 10:52:43","33.785"
" 2024-08-09 11:12:56","33.815"
" 2024-08-09 11:29:55","33.785"
" 2024-08-09 11:51:01","33.845"
" 2024-08-09 12:26:08","33.904"
" 2024-08-09 12:39:45","33.964"
" 2024-08-09 13:27:50","33.994"
" 2024-08-09 13:48:26","34.023"
" 2024-08-09 14:01:26","33.934"
" 2024-08-09 14:21:29","33.815"
" 2024-08-09 14:54:48","33.934"
" 2024-08-09 15:15:37","33.904"
" 2024-08-09 15:46:39","33.934"
" 2024-08-09 16:01:38","33.904"
" 2024-08-09 16:48:59","33.726"
" 2024-08-09 17:30:01","33.785"
" 2024-08-09 17:40:03","33.875"
" 2024-08-09 17:52:25","33.845"
" 2024-08-09 18:07:20","33.815"
" 2024-08-09 18:59:57","33.696"
" 2024-08-09 19:28:38","33.666"
" 2024-08-09 19:38:55","33.696"
" 2024-08-09 20:00:31","33.666"
" 2024-08-09 21:21:28","33.726"
" 2024-08-09 21:59:33","33.875"
" 2024-08-09 22:10:06","33.904"
" 2024-08-09 22:28:22","33.964"
" 2024-08-09 23:14:08","33.994"
" 2024-08-09 23:53:48","34.053"
" 2024-08-10 00:08:51","34.023"
" 2024-08-10 00:58:54","33.964"
" 2024-08-10 01:13:34","33.904"
" 2024-08-10 01:50:30","33.815"
" 2024-08-10 02:00:40","33.755"
" 2024-08-10 02:45:57","33.577"
" 2024-08-10 02:56:45","33.607"
" 2024-08-10 03:06:53","33.577"
" 2024-08-10 03:37:32","33.517"
" 2024-08-10 03:48:05","33.547"
" 2024-08-10 04:15:11","33.517"
" 2024-08-10 04:29:20","33.488"
" 2024-08-10 05:09:23","33.458"
" 2024-08-10 05:21:13","33.488"
" 2024-08-10 05:32:09","33.428"
" 2024-08-10 06:12:40","33.458"
" 2024-08-10 06:45:52","33.398"
" 2024-08-10 07:08:30","33.428"
" 2024-08-10 07:22:44","33.398"
" 2024-08-10 08:33:01","33.369"
" 2024-08-10 08:57:28","86.927"
" 2024-08-10 09:01:04","89.932"
" 2024-08-10 09:04:25","93.056"
" 2024-08-10 09:54:49","47.115"
" 2024-08-10 10:04:51","44.14"
" 2024-08-10 10:55:33","37.267"
" 2024-08-10 11:05:36","36.701"
" 2024-08-10 11:58:44","35.065"
" 2024-08-10 12:10:42","34.886"
" 2024-08-10 12:56:38","34.529"
" 2024-08-10 13:06:56","34.47"
" 2024-08-10 13:44:45","34.321"
" 2024-08-10 14:00:58","34.232"
" 2024-08-10 14:47:48","34.113"
" 2024-08-10 15:08:15","34.083"
" 2024-08-10 15:34:54","34.053"
" 2024-08-10 16:05:08","34.083"
" 2024-08-10 16:46:57","33.875"
" 2024-08-10 16:59:26","81.333"
" 2024-08-10 17:02:23","84.368"
" 2024-08-10 17:13:58","93.443"
" 2024-08-10 17:52:42","50.269"
" 2024-08-10 18:00:25","47.234"
" 2024-08-10 18:50:58","38.07"
" 2024-08-10 19:01:25","37.326"
" 2024-08-10 19:54:36","35.362"
" 2024-08-10 20:05:25","35.184"
" 2024-08-10 20:49:02","34.737"
" 2024-08-10 21:01:32","34.618"
" 2024-08-10 21:48:46","34.38"
" 2024-08-10 22:23:32","34.41"
" 2024-08-10 22:44:00","34.261"
" 2024-08-10 23:04:05","34.232"
" 2024-08-10 23:38:35","34.113"
" 2024-08-10 23:59:03","34.142"
" 2024-08-11 00:09:29","34.083"
" 2024-08-11 00:58:33","33.875"
" 2024-08-11 01:12:39","33.815"
" 2024-08-11 01:47:55","33.755"
" 2024-08-11 02:02:13","33.696"
" 2024-08-11 02:52:55","33.636"
" 2024-08-11 03:41:15","33.607"
" 2024-08-11 04:13:42","33.577"
" 2024-08-11 04:26:49","33.607"
" 2024-08-11 04:36:57","33.577"
" 2024-08-11 05:03:22","33.547"
" 2024-08-11 05:14:41","33.577"
" 2024-08-11 05:24:43","33.517"
" 2024-08-11 05:40:38","33.577"
" 2024-08-11 06:43:57","33.517"
" 2024-08-11 06:54:38","33.547"
" 2024-08-11 07:22:56","37.743"
" 2024-08-11 07:55:37","90.111"
" 2024-08-11 08:00:15","93.175"
" 2024-08-11 08:16:50","96.776"
" 2024-08-11 08:55:18","50.686"
" 2024-08-11 09:02:38","47.651"
" 2024-08-11 09:52:41","38.338"
" 2024-08-11 10:02:43","37.564"
" 2024-08-11 10:55:12","35.571"
" 2024-08-11 11:05:53","35.392"
" 2024-08-11 11:54:08","34.886"
" 2024-08-11 12:04:10","34.827"
" 2024-08-11 12:51:15","34.618"
" 2024-08-11 13:03:20","34.589"
" 2024-08-11 13:42:11","34.41"
" 2024-08-11 14:02:39","34.321"
" 2024-08-11 14:48:09","34.232"
" 2024-08-11 15:09:24","34.202"
" 2024-08-11 15:20:20","34.172"
" 2024-08-11 15:51:20","34.172"
" 2024-08-11 16:01:22","34.142"
" 2024-08-11 16:53:44","33.934"
" 2024-08-11 17:21:22","33.875"
" 2024-08-11 17:43:00","33.845"
" 2024-08-11 17:54:35","33.934"
" 2024-08-11 18:06:09","33.994"
" 2024-08-11 18:50:55","34.142"
" 2024-08-11 19:02:23","34.172"
" 2024-08-11 19:13:11","34.202"
" 2024-08-11 19:56:10","34.172"
" 2024-08-11 20:06:19","34.142"
" 2024-08-11 20:26:47","34.083"
" 2024-08-11 21:04:44","34.053"
" 2024-08-11 21:59:17","34.232"
" 2024-08-11 22:57:18","34.142"
" 2024-08-11 23:09:16","34.023"
" 2024-08-11 23:56:36","33.755"
" 2024-08-12 00:13:41","33.726"
" 2024-08-12 00:29:01","33.666"
" 2024-08-12 01:06:10","33.636"
" 2024-08-12 01:25:12","33.607"
" 2024-08-12 02:03:49","33.577"
" 2024-08-12 03:34:44","33.547"
" 2024-08-12 04:05:29","33.577"
" 2024-08-12 04:15:54","33.517"
" 2024-08-12 04:36:14","33.547"
" 2024-08-12 05:28:02","33.517"
" 2024-08-12 05:38:36","33.488"
" 2024-08-12 06:48:11","33.458"
" 2024-08-12 06:58:29","33.488"
" 2024-08-12 07:52:53","33.547"
" 2024-08-12 08:28:52","33.517"
" 2024-08-12 08:49:06","33.547"
" 2024-08-12 09:00:55","33.577"
" 2024-08-12 09:53:46","33.785"
" 2024-08-12 10:19:56","33.726"
" 2024-08-12 10:41:32","33.755"
" 2024-08-12 10:51:49","33.726"
" 2024-08-12 11:02:22","33.755"
" 2024-08-12 11:20:44","33.726"
" 2024-08-12 12:25:05","33.815"
" 2024-08-12 12:59:26","34.113"
" 2024-08-12 13:13:56","34.083"
" 2024-08-12 13:45:27","34.023"
" 2024-08-12 14:05:00","33.994"
" 2024-08-12 15:14:14","34.023"
" 2024-08-12 15:46:24","33.994"
" 2024-08-12 16:06:58","34.023"
" 2024-08-12 16:54:50","33.815"
" 2024-08-12 17:17:37","33.726"
" 2024-08-12 17:57:43","33.845"
" 2024-08-12 18:08:00","33.934"
" 2024-08-12 18:53:01","34.053"
" 2024-08-12 19:05:29","34.083"
" 2024-08-12 19:45:59","34.142"
" 2024-08-12 19:58:13","34.083"
" 2024-08-12 20:08:23","34.053"
" 2024-08-12 20:30:30","33.994"
" 2024-08-12 21:52:15","33.964"
" 2024-08-12 22:04:07","33.994"
" 2024-08-12 22:41:55","33.934"
" 2024-08-12 22:52:51","33.964"
" 2024-08-12 23:02:53","33.934"
" 2024-08-12 23:54:48","33.785"
" 2024-08-13 00:08:59","33.755"
" 2024-08-13 00:26:05","33.666"
" 2024-08-13 01:06:52","33.607"
" 2024-08-13 01:46:51","33.577"
" 2024-08-13 01:56:53","33.607"
" 2024-08-13 02:19:07","33.577"
" 2024-08-13 04:00:36","33.517"
" 2024-08-13 04:42:08","33.547"
" 2024-08-13 04:57:56","33.517"
" 2024-08-13 05:09:24","33.488"
" 2024-08-13 05:19:34","33.517"
" 2024-08-13 05:40:48","33.488"
" 2024-08-13 07:25:30","33.458"
" 2024-08-13 07:55:36","33.488"
" 2024-08-13 08:17:59","33.428"
" 2024-08-13 08:59:39","68.539"
" 2024-08-13 09:00:41","71.752"
" 2024-08-13 09:31:02","96.389"
" 2024-08-13 09:58:42","61.844"
" 2024-08-13 10:02:18","58.749"
" 2024-08-13 10:56:05","39.915"
" 2024-08-13 11:06:07","38.695"
" 2024-08-13 11:57:04","34.499"
" 2024-08-13 12:07:06","33.964"
" 2024-08-13 12:50:19","33.369"
" 2024-08-13 13:03:42","33.279"
" 2024-08-13 13:31:58","33.25"
" 2024-08-13 13:57:20","33.517"
" 2024-08-13 14:07:22","33.547"
" 2024-08-13 14:17:30","33.577"
" 2024-08-13 14:40:57","33.488"
" 2024-08-13 15:05:08","33.398"
" 2024-08-13 15:30:44","33.309"
" 2024-08-13 15:59:04","33.398"
" 2024-08-13 16:19:08","33.339"
" 2024-08-13 16:50:54","33.309"
" 2024-08-13 17:06:28","33.279"
" 2024-08-13 17:26:42","33.22"
" 2024-08-13 17:47:32","33.22"
" 2024-08-13 18:00:39","33.25"
" 2024-08-13 18:10:47","33.22"
" 2024-08-13 18:55:36","33.636"
" 2024-08-13 19:10:16","33.755"
" 2024-08-13 19:53:37","33.994"
" 2024-08-13 20:03:39","34.023"
" 2024-08-13 20:56:24","34.142"
" 2024-08-13 21:06:26","34.113"
" 2024-08-13 21:26:31","34.142"
" 2024-08-13 21:58:33","34.142"
" 2024-08-13 22:24:09","34.172"
" 2024-08-13 22:44:30","34.142"
" 2024-08-13 23:17:20","34.023"
" 2024-08-13 23:58:40","33.845"
" 2024-08-14 00:12:56","33.785"
" 2024-08-14 00:58:52","33.696"
" 2024-08-14 01:27:48","33.666"
" 2024-08-14 01:47:48","33.636"
" 2024-08-14 02:13:57","33.607"
" 2024-08-14 02:24:46","33.636"
" 2024-08-14 02:56:34","33.577"
" 2024-08-14 03:30:10","33.607"
" 2024-08-14 03:40:56","33.577"
" 2024-08-14 04:26:25","33.547"
" 2024-08-14 05:03:36","33.517"
" 2024-08-14 05:14:56","33.547"
" 2024-08-14 06:32:53","33.517"
" 2024-08-14 07:03:56","33.547"
" 2024-08-14 07:50:17","33.607"
" 2024-08-14 08:31:44","33.517"
" 2024-08-14 08:52:19","33.339"
" 2024-08-14 09:06:44","33.279"
" 2024-08-14 09:49:43","33.131"
" 2024-08-14 10:17:16","33.16"
" 2024-08-14 10:47:00","33.25"
" 2024-08-14 10:57:41","33.22"
" 2024-08-14 11:11:02","33.25"
" 2024-08-14 11:42:00","33.279"
" 2024-08-14 11:52:41","33.22"
" 2024-08-14 12:04:47","33.19"
" 2024-08-14 12:45:06","33.071"
" 2024-08-14 12:55:08","33.101"
" 2024-08-14 13:07:38","33.041"
" 2024-08-14 13:57:28","33.16"
" 2024-08-14 14:17:41","33.19"
" 2024-08-14 14:50:32","33.279"
" 2024-08-14 15:03:56","33.22"
" 2024-08-14 15:14:52","33.25"
" 2024-08-14 15:48:59","33.16"
" 2024-08-14 16:13:35","33.131"
" 2024-08-14 16:50:10","33.25"
" 2024-08-14 17:01:53","33.309"
" 2024-08-14 17:54:07","33.636"
" 2024-08-14 18:04:36","33.696"
" 2024-08-14 18:49:23","33.904"
" 2024-08-14 19:11:02","33.964"
" 2024-08-14 19:42:00","33.994"
" 2024-08-14 20:01:49","34.023"
" 2024-08-14 20:20:06","34.053"
" 2024-08-14 21:02:18","34.083"
" 2024-08-14 21:33:11","34.053"
" 2024-08-14 22:15:20","34.023"
" 2024-08-14 22:50:51","33.904"
" 2024-08-14 23:01:39","33.875"
" 2024-08-14 23:51:49","33.726"
" 2024-08-15 00:07:54","33.696"
" 2024-08-15 00:21:33","33.666"
" 2024-08-15 01:00:25","33.636"
" 2024-08-15 01:49:23","33.577"
" 2024-08-15 02:04:27","33.607"
" 2024-08-15 02:19:05","33.577"
" 2024-08-15 03:00:42","33.547"
" 2024-08-15 03:10:52","33.577"
" 2024-08-15 03:32:56","33.517"
" 2024-08-15 03:43:40","33.547"
" 2024-08-15 04:17:13","33.517"
" 2024-08-15 04:41:32","33.577"
" 2024-08-15 05:02:14","33.547"
" 2024-08-15 05:12:39","33.577"
" 2024-08-15 05:33:37","33.517"
" 2024-08-15 05:44:10","33.547"
" 2024-08-15 06:42:27","33.517"
" 2024-08-15 07:09:07","33.488"
" 2024-08-15 07:19:15","33.517"
" 2024-08-15 08:06:43","33.458"
" 2024-08-15 08:39:17","33.16"
" 2024-08-15 08:56:34","78.328"
" 2024-08-15 09:05:50","81.393"
" 2024-08-15 09:22:49","93.533"
" 2024-08-15 09:59:52","47.056"
" 2024-08-15 10:06:49","44.051"
" 2024-08-15 10:56:36","35.184"
" 2024-08-15 11:06:54","34.618"
" 2024-08-15 11:49:45","33.607"
" 2024-08-15 12:00:10","33.488"
" 2024-08-15 12:49:58","33.25"
" 2024-08-15 13:06:02","33.19"
" 2024-08-15 13:47:43","33.25"
" 2024-08-15 14:07:47","33.22"
" 2024-08-15 14:53:42","33.458"
" 2024-08-15 15:09:09","33.547"
" 2024-08-15 15:48:51","33.666"
" 2024-08-15 16:09:12","33.696"
" 2024-08-15 16:20:13","33.726"
" 2024-08-15 16:47:01","33.696"
" 2024-08-15 17:06:41","33.666"
" 2024-08-15 17:50:50","33.726"
" 2024-08-15 18:28:52","33.785"
" 2024-08-15 19:14:39","33.845"
" 2024-08-15 19:40:22","33.875"
" 2024-08-15 19:55:48","33.845"
" 2024-08-15 20:05:56","33.875"
" 2024-08-15 20:57:08","33.934"
" 2024-08-15 21:18:05","33.904"
" 2024-08-15 21:28:53","33.934"
" 2024-08-15 21:56:56","33.904"
" 2024-08-15 22:17:17","33.875"
" 2024-08-15 22:40:48","33.904"
" 2024-08-15 23:05:02","33.875"
" 2024-08-15 23:43:28","33.904"
" 2024-08-15 23:53:47","33.875"
" 2024-08-16 00:37:22","33.904"
" 2024-08-16 00:50:07","33.845"
" 2024-08-16 01:11:59","33.755"
" 2024-08-16 01:43:15","33.666"
" 2024-08-16 01:55:20","33.696"
" 2024-08-16 02:05:28","33.666"
" 2024-08-16 02:56:39","33.607"
" 2024-08-16 03:28:18","33.577"
" 2024-08-16 03:49:33","33.547"
" 2024-08-16 04:21:11","33.517"
" 2024-08-16 04:41:22","33.547"
" 2024-08-16 06:11:33","33.577"
" 2024-08-16 07:24:17","33.547"
" 2024-08-16 07:34:44","33.577"
" 2024-08-16 07:55:12","33.517"
" 2024-08-16 08:05:14","33.458"
" 2024-08-16 08:48:10","33.101"
" 2024-08-16 09:08:52","33.071"
" 2024-08-16 09:20:34","33.041"
" 2024-08-16 10:00:17","33.012"
" 2024-08-16 10:20:44","32.982"
" 2024-08-16 10:45:48","33.012"
" 2024-08-16 11:02:23","32.982"
" 2024-08-16 11:30:48","32.952"
" 2024-08-16 11:57:55","32.952"
" 2024-08-16 12:18:00","32.922"
" 2024-08-16 12:28:02","32.952"
" 2024-08-16 13:01:05","32.922"
" 2024-08-16 13:51:23","33.101"
" 2024-08-16 14:27:32","33.16"
" 2024-08-16 14:57:44","33.131"
" 2024-08-16 15:08:18","33.101"
" 2024-08-16 15:55:15","33.131"
" 2024-08-16 16:05:17","33.101"
" 2024-08-16 16:44:44","33.131"
" 2024-08-16 16:57:53","33.101"
" 2024-08-16 17:21:33","33.131"
" 2024-08-16 17:57:43","33.071"
" 2024-08-16 19:06:55","33.101"
" 2024-08-16 19:51:02","33.041"
" 2024-08-16 20:21:32","33.071"
" 2024-08-16 20:32:03","33.041"
" 2024-08-16 20:58:42","33.131"
" 2024-08-16 21:09:08","33.16"
" 2024-08-16 21:53:08","33.458"
" 2024-08-16 22:06:52","33.488"
" 2024-08-16 22:31:21","33.577"
" 2024-08-16 23:23:33","33.607"
" 2024-08-16 23:53:49","33.636"
" 2024-08-17 00:04:08","33.607"
" 2024-08-17 00:27:41","33.666"
" 2024-08-17 00:58:02","33.636"
" 2024-08-17 01:13:43","33.607"
" 2024-08-17 01:50:22","33.577"
" 2024-08-17 02:10:35","33.547"
" 2024-08-17 02:20:53","33.517"
" 2024-08-17 02:31:10","33.547"
" 2024-08-17 03:08:28","33.488"
" 2024-08-17 03:18:30","33.517"
" 2024-08-17 03:31:50","33.488"
" 2024-08-17 04:42:14","33.458"
" 2024-08-17 05:31:21","33.488"
" 2024-08-17 05:53:53","33.428"
" 2024-08-17 06:14:28","33.458"
" 2024-08-17 06:24:29","33.428"
" 2024-08-17 06:44:33","33.458"
" 2024-08-17 07:47:04","33.428"
" 2024-08-17 07:57:13","33.458"
" 2024-08-17 08:22:03","33.517"
" 2024-08-17 08:56:31","33.875"
" 2024-08-17 09:11:57","33.964"
" 2024-08-17 10:22:19","33.994"
" 2024-08-17 11:17:07","33.964"
" 2024-08-17 11:50:24","33.994"
" 2024-08-17 12:20:32","33.964"
" 2024-08-17 12:51:25","33.994"
" 2024-08-17 13:03:38","33.964"
" 2024-08-17 13:57:15","33.994"
" 2024-08-17 14:04:43","33.964"
" 2024-08-17 15:14:57","33.994"
" 2024-08-17 15:27:33","33.964"
" 2024-08-17 15:54:03","33.994"
" 2024-08-17 16:14:44","33.964"
" 2024-08-17 16:53:43","33.755"
" 2024-08-17 17:11:26","33.726"
" 2024-08-17 17:52:07","33.875"
" 2024-08-17 18:04:44","33.904"
" 2024-08-17 18:59:14","33.994"
" 2024-08-17 19:20:11","34.023"
" 2024-08-17 19:48:06","34.053"
" 2024-08-17 20:32:46","33.994"
" 2024-08-17 20:42:55","34.023"
" 2024-08-17 20:53:12","33.994"
" 2024-08-17 21:15:56","34.023"
" 2024-08-17 21:55:21","34.083"
" 2024-08-17 22:05:46","34.053"
" 2024-08-17 22:53:51","33.815"
" 2024-08-17 23:08:39","33.755"
" 2024-08-17 23:35:25","33.666"
" 2024-08-18 00:17:50","33.607"
" 2024-08-18 01:23:31","33.577"
" 2024-08-18 01:44:24","33.547"
" 2024-08-18 01:55:13","33.577"
" 2024-08-18 02:05:22","33.547"
" 2024-08-18 02:15:24","33.517"
" 2024-08-18 02:47:02","33.726"
" 2024-08-18 03:00:10","33.875"
" 2024-08-18 03:31:26","34.083"
" 2024-08-18 04:21:35","34.113"
" 2024-08-18 04:37:07","34.083"
" 2024-08-18 05:19:59","34.023"
" 2024-08-18 05:56:07","33.845"
" 2024-08-18 06:07:42","33.815"
" 2024-08-18 06:53:05","33.755"
" 2024-08-18 07:03:13","33.726"
" 2024-08-18 07:14:19","33.696"
" 2024-08-18 07:59:20","80.53"
" 2024-08-18 08:00:37","83.714"
" 2024-08-18 08:09:29","89.754"
" 2024-08-18 08:55:55","46.788"
" 2024-08-18 09:06:05","43.813"
" 2024-08-18 09:36:43","94.574"
" 2024-08-18 09:57:56","66.843"
" 2024-08-18 10:00:46","63.778"
" 2024-08-18 10:54:31","41.462"
" 2024-08-18 11:04:33","40.063"
" 2024-08-18 11:55:30","36.314"
" 2024-08-18 12:05:47","35.987"
" 2024-08-18 12:58:08","35.005"
" 2024-08-18 13:08:10","34.946"
" 2024-08-18 13:55:46","34.648"
" 2024-08-18 14:06:49","34.618"
" 2024-08-18 14:43:14","34.499"
" 2024-08-18 15:00:57","34.47"
" 2024-08-18 15:26:35","34.38"
" 2024-08-18 15:37:23","34.41"
" 2024-08-18 16:09:08","34.38"
" 2024-08-18 16:51:05","34.142"
" 2024-08-18 17:02:24","34.053"
" 2024-08-18 17:57:19","34.232"
" 2024-08-18 18:27:07","34.261"
" 2024-08-18 18:39:46","34.291"
" 2024-08-18 18:49:56","34.261"
" 2024-08-18 19:03:40","34.291"
" 2024-08-18 19:52:34","34.351"
" 2024-08-18 20:13:01","34.321"
" 2024-08-18 20:45:01","34.261"
" 2024-08-18 21:11:08","34.232"
" 2024-08-18 21:56:57","34.291"
" 2024-08-18 22:11:29","34.321"
" 2024-08-18 23:24:16","34.291"
" 2024-08-18 23:44:51","34.261"
" 2024-08-19 00:01:11","34.202"
" 2024-08-19 00:52:08","34.083"
" 2024-08-19 01:49:13","34.053"
" 2024-08-19 02:18:19","33.994"
" 2024-08-19 02:45:43","33.934"
" 2024-08-19 03:01:16","33.904"
" 2024-08-19 03:47:28","33.845"
" 2024-08-19 04:09:12","33.785"
" 2024-08-19 04:54:59","33.755"
" 2024-08-19 05:11:40","33.726"
" 2024-08-19 05:43:44","33.696"
" 2024-08-19 05:54:01","33.726"
" 2024-08-19 06:13:09","33.696"
" 2024-08-19 06:53:09","33.666"
" 2024-08-19 07:45:48","33.636"
" 2024-08-19 07:55:58","33.666"
" 2024-08-19 08:14:12","33.636"
" 2024-08-19 08:55:39","91.777"
" 2024-08-19 08:58:52","88.564"
" 2024-08-19 09:00:24","85.469"
" 2024-08-19 09:54:10","39.885"
" 2024-08-19 10:01:30","43.426"
" 2024-08-19 10:23:45","94.217"
" 2024-08-19 10:57:11","50.567"
" 2024-08-19 11:01:57","47.532"
" 2024-08-19 11:57:31","35.243"
" 2024-08-19 12:07:56","34.797"
" 2024-08-19 12:50:31","33.904"
" 2024-08-19 13:00:41","33.815"
" 2024-08-19 13:27:57","33.696"
" 2024-08-19 13:53:33","33.904"
" 2024-08-19 14:05:31","33.994"
" 2024-08-19 14:21:12","34.053"
" 2024-08-19 14:43:04","33.964"
" 2024-08-19 15:03:15","33.904"
" 2024-08-19 15:20:30","33.845"
" 2024-08-19 15:53:02","33.934"
" 2024-08-19 16:08:59","33.964"
" 2024-08-19 16:27:05","33.994"
" 2024-08-19 16:43:04","33.934"
" 2024-08-19 17:13:34","33.904"
" 2024-08-19 17:37:45","33.964"
" 2024-08-19 18:23:40","33.994"
" 2024-08-19 18:43:51","33.964"
" 2024-08-19 18:54:16","33.994"
" 2024-08-19 19:04:19","33.964"
" 2024-08-19 19:14:29","33.994"
" 2024-08-19 19:49:57","33.964"
" 2024-08-19 21:50:21","33.934"
" 2024-08-19 22:00:31","33.964"
" 2024-08-19 22:47:04","33.904"
" 2024-08-19 23:39:55","33.934"
" 2024-08-19 23:48:32","33.904"
" 2024-08-19 23:50:28","33.934"
" 2024-08-20 00:01:47","33.875"
" 2024-08-20 00:39:14","33.785"
" 2024-08-20 01:18:02","33.726"
" 2024-08-20 02:10:53","33.696"
" 2024-08-20 04:02:40","33.666"
" 2024-08-20 05:35:12","33.636"
" 2024-08-20 05:46:16","33.666"
" 2024-08-20 05:57:10","33.636"
" 2024-08-20 06:57:00","33.607"
" 2024-08-20 07:16:16","33.666"
" 2024-08-20 08:46:05","36.701"
" 2024-08-20 08:59:05","81.452"
" 2024-08-20 09:03:42","84.606"
" 2024-08-20 09:22:13","96.806"
" 2024-08-20 09:59:23","56.518"
" 2024-08-20 10:04:24","53.513"
" 2024-08-20 10:58:48","39.349"
" 2024-08-20 11:08:58","38.338"
" 2024-08-20 11:59:54","35.809"
" 2024-08-20 12:10:04","35.571"
" 2024-08-20 12:59:58","34.946"
" 2024-08-20 13:10:15","34.886"
" 2024-08-20 13:53:05","34.678"
" 2024-08-20 14:03:06","34.648"
" 2024-08-20 14:50:03","34.559"
" 2024-08-20 15:10:36","34.529"
" 2024-08-20 15:55:22","34.44"
" 2024-08-20 16:08:30","34.351"
" 2024-08-20 16:51:51","34.142"
" 2024-08-20 17:01:53","34.113"
" 2024-08-20 17:13:12","34.083"
" 2024-08-20 18:00:54","34.053"
" 2024-08-20 18:49:31","33.994"
" 2024-08-20 19:10:47","33.964"
" 2024-08-20 20:11:58","33.934"
" 2024-08-20 20:26:10","33.904"
" 2024-08-20 20:53:56","33.934"
" 2024-08-20 21:05:23","33.875"
" 2024-08-20 21:25:54","33.904"
" 2024-08-20 21:56:28","33.875"
" 2024-08-20 22:20:07","33.934"
" 2024-08-20 22:42:08","33.904"
" 2024-08-20 23:25:51","33.875"
" 2024-08-20 23:37:22","33.845"
" 2024-08-21 00:00:46","33.815"
" 2024-08-21 00:50:04","33.755"
" 2024-08-21 01:00:14","33.785"
" 2024-08-21 01:10:55","33.726"
" 2024-08-21 01:38:25","33.726"
" 2024-08-21 02:23:14","33.696"
" 2024-08-21 02:33:17","33.726"
" 2024-08-21 02:56:01","33.696"
" 2024-08-21 03:16:15","33.666"
" 2024-08-21 04:59:06","33.696"
" 2024-08-21 05:10:19","33.666"
" 2024-08-21 05:21:51","33.696"
" 2024-08-21 05:42:06","33.696"
" 2024-08-21 06:00:43","33.666"
" 2024-08-21 06:59:46","33.696"
" 2024-08-21 07:10:22","33.726"
" 2024-08-21 07:50:13","33.696"
" 2024-08-21 08:59:38","33.666"
" 2024-08-21 09:00:09","36.909"
" 2024-08-21 09:37:36","103.5"
" 2024-08-21 09:58:11","72.198"
" 2024-08-21 10:00:30","69.163"
" 2024-08-21 10:50:04","42.384"
" 2024-08-21 11:00:06","40.54"
" 2024-08-21 11:51:13","36.106"
" 2024-08-21 12:02:09","35.69"
" 2024-08-21 12:53:31","34.648"
" 2024-08-21 13:04:12","34.559"
" 2024-08-21 13:50:24","34.291"
" 2024-08-21 14:01:59","34.232"
" 2024-08-21 14:57:19","34.083"
" 2024-08-21 15:22:10","34.053"
" 2024-08-21 16:13:21","34.023"
" 2024-08-21 16:57:18","33.964"
" 2024-08-21 17:07:51","33.994"
" 2024-08-21 17:18:29","33.964"
" 2024-08-21 17:55:58","34.113"
" 2024-08-21 18:06:01","34.172"
" 2024-08-21 18:59:33","34.351"
" 2024-08-21 19:11:13","34.38"
" 2024-08-21 19:21:18","34.41"
" 2024-08-21 19:43:16","34.41"
" 2024-08-21 20:11:19","34.44"
" 2024-08-21 20:41:28","34.47"
" 2024-08-21 20:52:15","34.44"
" 2024-08-21 21:34:30","34.47"
" 2024-08-21 21:44:33","34.44"
" 2024-08-21 22:01:37","34.47"
" 2024-08-21 22:43:56","34.589"
" 2024-08-21 23:18:22","34.559"
" 2024-08-21 23:52:37","34.232"
" 2024-08-22 00:02:39","34.142"
" 2024-08-22 00:57:15","33.904"
" 2024-08-22 01:07:41","33.875"
" 2024-08-22 01:57:12","33.815"
" 2024-08-22 02:07:38","33.785"
" 2024-08-22 02:18:03","33.815"
" 2024-08-22 02:30:14","33.785"
" 2024-08-22 03:00:16","33.755"
" 2024-08-22 03:11:04","33.726"
" 2024-08-22 03:31:30","33.726"
" 2024-08-22 04:10:39","33.696"
" 2024-08-22 04:36:12","33.726"
" 2024-08-22 05:06:20","33.755"
" 2024-08-22 05:56:43","33.726"
" 2024-08-22 06:27:14","33.696"
" 2024-08-22 06:48:42","33.726"
" 2024-08-22 07:09:38","33.696"
" 2024-08-22 07:29:51","33.666"
" 2024-08-22 08:07:01","33.696"
" 2024-08-22 08:31:56","33.666"
" 2024-08-22 08:58:52","88.445"
" 2024-08-22 09:01:26","91.539"
" 2024-08-22 09:34:06","105.97"
" 2024-08-22 09:58:25","68.628"
" 2024-08-22 10:01:15","65.533"
" 2024-08-22 10:51:23","42.236"
" 2024-08-22 11:01:32","40.569"
" 2024-08-22 11:53:09","36.523"
" 2024-08-22 12:03:50","36.136"
" 2024-08-22 12:49:37","35.243"
" 2024-08-22 13:03:21","35.094"
" 2024-08-22 13:51:05","34.767"
" 2024-08-22 14:01:09","34.737"
" 2024-08-22 14:48:50","34.589"
" 2024-08-22 15:29:06","34.559"
" 2024-08-22 15:53:47","34.38"
" 2024-08-22 16:17:35","34.291"
" 2024-08-22 16:50:07","34.083"
" 2024-08-22 17:10:24","34.053"
" 2024-08-22 17:54:25","34.202"
" 2024-08-22 18:08:04","34.261"
" 2024-08-22 18:30:43","34.321"
" 2024-08-22 19:04:32","34.351"
" 2024-08-22 19:25:30","34.321"
" 2024-08-22 19:45:57","34.351"
" 2024-08-22 21:13:45","34.321"
" 2024-08-22 21:35:16","34.291"
" 2024-08-22 22:05:30","34.321"
" 2024-08-22 22:50:00","34.113"
" 2024-08-22 23:04:01","34.023"
" 2024-08-22 23:49:02","33.845"
" 2024-08-23 00:17:59","33.815"
" 2024-08-23 00:51:48","33.726"
" 2024-08-23 01:30:46","33.696"
" 2024-08-23 01:40:48","33.726"
" 2024-08-23 01:58:08","33.696"
" 2024-08-23 02:19:08","33.666"
" 2024-08-23 02:43:43","33.696"
" 2024-08-23 02:53:51","33.666"
" 2024-08-23 03:34:24","33.636"
" 2024-08-23 03:44:49","33.666"
" 2024-08-23 04:08:04","33.636"
" 2024-08-23 04:41:14","33.607"
" 2024-08-23 06:09:45","33.636"
" 2024-08-23 06:59:39","33.607"
" 2024-08-23 07:19:52","33.577"
" 2024-08-23 07:54:20","98.085"
" 2024-08-23 08:01:01","101.09"
" 2024-08-23 08:08:29","104.095"
" 2024-08-23 08:53:14","51.489"
" 2024-08-23 09:00:03","48.454"
" 2024-08-23 09:59:21","37.177"
" 2024-08-23 10:09:23","36.552"
" 2024-08-23 10:51:27","35.005"
" 2024-08-23 11:01:36","34.797"
" 2024-08-23 11:49:52","34.351"
" 2024-08-23 12:02:21","34.291"
" 2024-08-23 12:45:58","104.512"
" 2024-08-23 12:58:34","82.642"
" 2024-08-23 13:00:14","79.578"
" 2024-08-23 13:54:01","43.604"
" 2024-08-23 14:04:03","41.7"
" 2024-08-23 14:54:41","36.731"
" 2024-08-23 15:05:05","36.255"
" 2024-08-23 15:58:36","35.005"
" 2024-08-23 16:09:54","34.886"
" 2024-08-23 16:52:44","34.44"
" 2024-08-23 17:03:25","34.38"
" 2024-08-23 17:57:32","34.261"
" 2024-08-23 18:12:12","34.232"
" 2024-08-23 18:32:40","34.172"
" 2024-08-23 18:53:23","34.232"
" 2024-08-23 19:03:25","34.291"
" 2024-08-23 19:48:27","34.47"
" 2024-08-23 20:45:02","34.499"
" 2024-08-23 21:08:40","34.47"
" 2024-08-23 21:43:07","34.44"
" 2024-08-23 22:04:00","34.499"
" 2024-08-23 22:36:00","34.529"
" 2024-08-23 23:11:16","34.499"
" 2024-08-23 23:51:39","34.291"
" 2024-08-24 00:12:58","34.261"
" 2024-08-24 00:30:29","34.232"
" 2024-08-24 01:07:01","34.172"
" 2024-08-24 01:17:03","34.202"
" 2024-08-24 01:57:12","34.113"
" 2024-08-24 02:07:20","34.053"
" 2024-08-24 02:40:31","33.904"
" 2024-08-24 02:50:34","33.934"
" 2024-08-24 03:04:36","33.845"
" 2024-08-24 03:15:32","33.875"
" 2024-08-24 03:30:51","33.815"
" 2024-08-24 03:41:16","33.845"
" 2024-08-24 04:00:24","33.785"
" 2024-08-24 05:44:59","33.755"
" 2024-08-24 05:57:05","33.726"
" 2024-08-24 06:10:12","33.755"
" 2024-08-24 06:46:36","33.696"
" 2024-08-24 06:57:39","33.726"
" 2024-08-24 07:07:47","33.696"
" 2024-08-24 07:35:44","33.666"
" 2024-08-24 07:45:46","33.696"
" 2024-08-24 08:18:55","33.666"
" 2024-08-24 08:59:51","84.011"
" 2024-08-24 09:02:18","87.016"
" 2024-08-24 09:59:09","70.681"
" 2024-08-24 10:01:35","67.587"
" 2024-08-24 10:54:27","41.462"
" 2024-08-24 11:04:29","39.855"
" 2024-08-24 11:56:37","35.928"
" 2024-08-24 12:06:39","35.63"
" 2024-08-24 12:48:58","34.797"
" 2024-08-24 13:00:32","34.678"
" 2024-08-24 13:59:42","34.321"
" 2024-08-24 14:11:01","34.291"
" 2024-08-24 14:55:17","34.172"
" 2024-08-24 15:05:34","34.202"
" 2024-08-24 15:26:39","34.113"
" 2024-08-24 15:48:40","34.142"
" 2024-08-24 16:03:56","34.083"
" 2024-08-24 16:58:48","33.964"
" 2024-08-24 17:13:44","34.023"
" 2024-08-24 17:50:25","34.142"
" 2024-08-24 18:01:44","34.113"
" 2024-08-24 18:31:51","34.172"
" 2024-08-24 18:42:25","34.142"
" 2024-08-24 19:13:50","34.202"
" 2024-08-24 19:54:42","34.172"
" 2024-08-24 20:05:01","34.202"
" 2024-08-24 20:16:11","34.142"
" 2024-08-24 20:26:14","34.172"
" 2024-08-24 21:04:09","34.142"
" 2024-08-24 21:14:13","34.113"
" 2024-08-24 21:44:41","34.142"
" 2024-08-24 22:15:10","34.113"
" 2024-08-24 22:55:41","34.202"
" 2024-08-24 23:26:04","34.172"
" 2024-08-24 23:51:01","34.113"
" 2024-08-25 00:21:30","34.142"
" 2024-08-25 00:32:34","34.083"
" 2024-08-25 00:55:10","34.083"
" 2024-08-25 02:08:15","34.023"
" 2024-08-25 02:54:19","33.845"
" 2024-08-25 03:37:38","33.785"
" 2024-08-25 03:58:53","33.726"
" 2024-08-25 04:37:20","33.696"
" 2024-08-25 04:47:28","33.726"
" 2024-08-25 05:21:51","33.755"
" 2024-08-25 05:56:48","33.726"
" 2024-08-25 06:33:57","33.696"
" 2024-08-25 06:54:27","33.666"
" 2024-08-25 07:08:22","33.726"
" 2024-08-25 07:30:14","33.755"
" 2024-08-25 07:49:13","33.726"
" 2024-08-25 08:38:55","37.058"
" 2024-08-25 08:59:44","83.862"
" 2024-08-25 09:05:23","86.868"
" 2024-08-25 09:11:57","92.878"
" 2024-08-25 09:58:09","49.853"
" 2024-08-25 10:05:52","46.848"
" 2024-08-25 10:56:25","37.891"
" 2024-08-25 11:06:42","37.148"
" 2024-08-25 11:58:26","35.154"
" 2024-08-25 12:08:28","34.975"
" 2024-08-25 12:51:41","34.47"
" 2024-08-25 13:01:43","34.41"
" 2024-08-25 13:40:41","34.232"
" 2024-08-25 14:03:43","34.202"
" 2024-08-25 14:50:15","34.083"
" 2024-08-25 15:19:19","34.053"
" 2024-08-25 15:41:03","34.023"
" 2024-08-25 16:08:50","33.994"
" 2024-08-25 16:28:56","33.964"
" 2024-08-25 16:54:08","33.964"
" 2024-08-25 17:13:18","33.994"
" 2024-08-25 17:23:43","33.964"
" 2024-08-25 18:29:10","33.934"
" 2024-08-25 18:53:23","34.083"
" 2024-08-25 19:03:40","34.142"
" 2024-08-25 19:52:33","34.321"
" 2024-08-25 20:17:53","34.351"
" 2024-08-25 20:29:51","34.321"
" 2024-08-25 20:50:33","34.38"
" 2024-08-25 21:14:05","34.321"
" 2024-08-25 21:56:24","34.172"
" 2024-08-25 22:06:26","34.202"
" 2024-08-25 22:16:28","34.172"
" 2024-08-25 22:46:57","34.202"
" 2024-08-25 23:07:25","34.172"
" 2024-08-25 23:19:38","34.232"
" 2024-08-25 23:41:45","34.202"
" 2024-08-26 00:02:04","34.142"
" 2024-08-26 00:13:24","34.113"
" 2024-08-26 00:33:29","34.113"
" 2024-08-26 01:03:59","34.142"
" 2024-08-26 01:29:03","82.642"
" 2024-08-26 01:55:02","55.03"
" 2024-08-26 02:00:03","51.995"
" 2024-08-26 02:54:35","38.278"
" 2024-08-26 03:05:00","37.356"
" 2024-08-26 03:56:03","35.005"
" 2024-08-26 04:06:20","34.767"
" 2024-08-26 04:59:35","34.172"
" 2024-08-26 05:09:36","34.113"
" 2024-08-26 05:58:29","33.964"
" 2024-08-26 06:10:50","33.934"
" 2024-08-26 06:46:59","33.845"
" 2024-08-26 07:27:50","33.815"
" 2024-08-26 07:49:49","33.845"
" 2024-08-26 08:01:31","33.785"
" 2024-08-26 08:55:42","79.012"
" 2024-08-26 09:00:14","82.047"
" 2024-08-26 09:17:35","94.128"
" 2024-08-26 09:55:03","54.256"
" 2024-08-26 10:00:35","51.251"
" 2024-08-26 10:56:50","38.308"
" 2024-08-26 11:06:59","37.505"
" 2024-08-26 11:57:50","35.332"
" 2024-08-26 12:09:48","35.094"
" 2024-08-26 12:52:33","34.589"
" 2024-08-26 13:04:54","34.499"
" 2024-08-26 13:52:26","34.291"
" 2024-08-26 14:10:26","34.232"
" 2024-08-26 14:57:47","34.142"
" 2024-08-26 15:07:57","34.113"
" 2024-08-26 15:17:59","34.142"
" 2024-08-26 15:58:20","34.083"
" 2024-08-26 16:09:57","34.053"
" 2024-08-26 16:20:45","34.083"
" 2024-08-26 16:58:32","33.994"
" 2024-08-26 17:39:36","34.083"
" 2024-08-26 17:51:10","34.142"
" 2024-08-26 18:01:28","34.172"
" 2024-08-26 18:45:43","34.38"
" 2024-08-26 19:00:54","34.41"
" 2024-08-26 19:45:06","34.44"
" 2024-08-26 20:13:50","34.41"
" 2024-08-26 20:43:09","34.321"
" 2024-08-26 21:11:03","34.261"
" 2024-08-26 21:21:44","34.291"
" 2024-08-26 21:46:48","34.232"
" 2024-08-26 21:57:37","34.261"
" 2024-08-26 22:07:44","34.232"
" 2024-08-26 22:46:52","34.291"
" 2024-08-26 23:03:34","34.321"
" 2024-08-26 23:33:24","34.291"
" 2024-08-27 00:07:04","34.261"
" 2024-08-27 00:56:36","34.113"
" 2024-08-27 01:08:03","34.053"
" 2024-08-27 01:43:09","33.934"
" 2024-08-27 02:15:27","33.904"
" 2024-08-27 02:45:49","33.845"
" 2024-08-27 02:56:07","33.875"
" 2024-08-27 03:06:15","33.845"
" 2024-08-27 03:49:30","33.785"
" 2024-08-27 05:12:20","33.815"
" 2024-08-27 05:23:31","33.785"
" 2024-08-27 05:33:33","33.815"
" 2024-08-27 06:07:47","33.785"
" 2024-08-27 07:06:27","33.755"
" 2024-08-27 07:58:10","33.845"
" 2024-08-27 08:13:13","33.785"
" 2024-08-27 08:55:48","79.875"
" 2024-08-27 09:03:08","82.88"
" 2024-08-27 09:14:11","92.045"
" 2024-08-27 09:55:45","49.317"
" 2024-08-27 10:03:44","46.312"
" 2024-08-27 10:54:25","37.802"
" 2024-08-27 11:04:43","37.058"
" 2024-08-27 11:57:37","35.184"
" 2024-08-27 12:09:59","34.975"
" 2024-08-27 12:47:41","34.589"
" 2024-08-27 13:00:33","34.499"
" 2024-08-27 13:58:42","34.321"
" 2024-08-27 14:08:47","34.261"
" 2024-08-27 14:51:38","34.202"
" 2024-08-27 15:01:48","34.172"
" 2024-08-27 15:52:07","34.113"
" 2024-08-27 16:02:09","34.142"
" 2024-08-27 16:52:14","34.053"
" 2024-08-27 17:19:52","34.023"
" 2024-08-27 17:44:58","33.994"
" 2024-08-27 18:08:39","34.083"
" 2024-08-27 18:19:43","34.142"
" 2024-08-27 18:39:55","34.172"
" 2024-08-27 19:05:37","34.232"
" 2024-08-27 20:23:12","34.261"
" 2024-08-27 20:33:54","34.232"
" 2024-08-27 21:03:27","34.261"
" 2024-08-27 21:55:59","34.291"
" 2024-08-27 22:26:11","34.261"
" 2024-08-27 22:57:54","34.232"
" 2024-08-27 23:29:57","34.172"
" 2024-08-27 23:53:14","34.053"
" 2024-08-28 00:04:49","34.023"
" 2024-08-28 00:57:59","33.904"
" 2024-08-28 01:29:00","33.845"
" 2024-08-28 01:39:08","33.875"
" 2024-08-28 01:52:56","33.845"
" 2024-08-28 02:37:58","33.815"
" 2024-08-28 02:59:04","33.845"
" 2024-08-28 03:13:13","33.785"
" 2024-08-28 05:03:07","33.755"
" 2024-08-28 05:13:33","33.785"
" 2024-08-28 05:26:33","33.726"
" 2024-08-28 05:57:31","33.726"
" 2024-08-28 06:36:34","33.755"
" 2024-08-28 06:47:23","33.785"
" 2024-08-28 06:59:05","33.755"
" 2024-08-28 07:09:13","33.785"
" 2024-08-28 07:23:47","33.755"
" 2024-08-28 07:58:01","85.618"
" 2024-08-28 08:02:00","88.653"
" 2024-08-28 08:21:03","97.758"
" 2024-08-28 08:55:18","57.589"
" 2024-08-28 09:00:04","54.584"
" 2024-08-28 09:53:05","39.855"
" 2024-08-28 10:03:16","38.695"
" 2024-08-28 10:56:01","35.987"
" 2024-08-28 11:06:04","35.749"
" 2024-08-28 11:48:49","35.094"
" 2024-08-28 11:57:42","80.202"
" 2024-08-28 12:02:43","83.237"
" 2024-08-28 12:21:38","95.318"
" 2024-08-28 12:55:29","58.363"
" 2024-08-28 12:59:59","55.298"
" 2024-08-28 13:50:27","39.885"
" 2024-08-28 14:00:29","38.725"
" 2024-08-28 14:51:58","35.838"
" 2024-08-28 15:02:24","35.541"
" 2024-08-28 15:55:49","34.767"
" 2024-08-28 16:08:33","34.678"
" 2024-08-28 16:51:41","34.41"
" 2024-08-28 17:18:55","34.47"
" 2024-08-28 17:38:06","34.529"
" 2024-08-28 18:08:09","34.589"
" 2024-08-28 18:52:10","34.708"
" 2024-08-28 19:28:34","34.737"
" 2024-08-28 19:38:46","34.708"
" 2024-08-28 19:48:49","34.737"
" 2024-08-28 20:11:04","34.678"
" 2024-08-28 20:41:11","34.648"
" 2024-08-28 21:53:13","34.618"
" 2024-08-28 22:04:20","34.559"
" 2024-08-28 22:48:14","34.232"
" 2024-08-28 23:08:34","34.142"
" 2024-08-28 23:45:30","34.023"
" 2024-08-29 00:27:41","33.994"
" 2024-08-29 00:59:22","33.964"
" 2024-08-29 01:34:36","33.934"
" 2024-08-29 01:55:30","33.904"
" 2024-08-29 02:07:41","33.875"
" 2024-08-29 02:21:22","33.845"
" 2024-08-29 02:56:30","33.875"
" 2024-08-29 03:08:33","33.845"
" 2024-08-29 03:51:42","33.815"
" 2024-08-29 04:27:51","33.845"
" 2024-08-29 04:38:32","33.785"
" 2024-08-29 04:49:04","33.815"
" 2024-08-29 05:07:49","33.785"
" 2024-08-29 05:44:32","33.755"
" 2024-08-29 05:54:39","33.785"
" 2024-08-29 06:16:31","33.755"
" 2024-08-29 06:30:58","33.726"
" 2024-08-29 06:54:54","33.785"
" 2024-08-29 07:04:56","33.755"
" 2024-08-29 07:37:57","33.785"
" 2024-08-29 08:05:47","33.755"
" 2024-08-29 08:55:56","91.956"
" 2024-08-29 09:03:24","94.991"
" 2024-08-29 09:12:16","97.996"
" 2024-08-29 09:56:40","48.782"
" 2024-08-29 10:05:02","45.776"
" 2024-08-29 10:55:35","37.505"
" 2024-08-29 11:05:37","36.82"
" 2024-08-29 11:59:32","35.005"
" 2024-08-29 12:01:04","38.784"
" 2024-08-29 12:42:22","98.055"
" 2024-08-29 12:59:05","69.818"
" 2024-08-29 13:01:40","66.753"
" 2024-08-29 13:56:29","40.897"
" 2024-08-29 14:06:39","39.587"
" 2024-08-29 14:58:30","36.225"
" 2024-08-29 15:08:32","35.928"
" 2024-08-29 15:55:06","35.184"
" 2024-08-29 16:06:33","35.065"
" 2024-08-29 16:48:30","34.589"
" 2024-08-29 17:04:35","34.499"
" 2024-08-29 17:27:52","34.47"
" 2024-08-29 17:56:50","34.648"
" 2024-08-29 18:10:36","34.708"
" 2024-08-29 18:20:38","34.737"
" 2024-08-29 18:45:11","34.737"
" 2024-08-29 19:16:19","34.767"
" 2024-08-29 20:16:26","34.737"
" 2024-08-29 20:42:25","34.708"
" 2024-08-29 21:16:37","34.678"
" 2024-08-29 21:27:12","34.648"
" 2024-08-29 21:37:45","34.708"
" 2024-08-29 22:03:06","34.648"
" 2024-08-29 22:49:10","34.291"
" 2024-08-29 23:02:02","34.232"
" 2024-08-29 23:53:07","34.113"
" 2024-08-30 00:00:00","34.113"
" 2024-08-30 00:03:09","34.142"
" 2024-08-30 00:34:48","34.053"
" 2024-08-30 00:54:58","34.053"
" 2024-08-30 01:05:49","34.023"
" 2024-08-30 01:43:46","33.964"
" 2024-08-30 01:54:28","33.994"
" 2024-08-30 02:04:34","33.964"
" 2024-08-30 02:46:19","33.875"
" 2024-08-30 03:44:04","33.845"
" 2024-08-30 03:54:22","33.875"
" 2024-08-30 04:13:15","33.845"
" 2024-08-30 04:37:05","33.815"
" 2024-08-30 04:47:13","33.845"
" 2024-08-30 05:17:13","33.815"
" 2024-08-30 05:37:33","33.845"
" 2024-08-30 05:48:22","33.785"
" 2024-08-30 05:59:34","33.815"
" 2024-08-30 06:17:40","33.785"
" 2024-08-30 08:18:38","37.326"
" 2024-08-30 08:51:26","87.82"
" 2024-08-30 09:01:28","89.664"
" 2024-08-30 09:53:58","46.967"
" 2024-08-30 10:04:01","44.17"
" 2024-08-30 10:54:35","37.386"
" 2024-08-30 11:05:15","36.79"
" 2024-08-30 11:57:07","35.422"
" 2024-08-30 12:07:48","35.303"
" 2024-08-30 12:52:19","34.946"
" 2024-08-30 13:02:44","34.886"
" 2024-08-30 13:52:47","34.708"
" 2024-08-30 14:06:02","34.678"
" 2024-08-30 14:53:40","34.559"
" 2024-08-30 15:06:47","34.44"
" 2024-08-30 16:21:17","34.321"
" 2024-08-30 16:37:15","34.232"
" 2024-08-30 17:01:18","34.172"
" 2024-08-30 17:50:48","34.321"
" 2024-08-30 18:13:34","34.351"
" 2024-08-30 18:56:48","34.38"
" 2024-08-30 19:17:09","34.351"
" 2024-08-30 21:18:20","34.321"
" 2024-08-30 21:40:28","34.351"
" 2024-08-30 21:51:14","34.321"
" 2024-08-30 23:00:28","34.351"
" 2024-08-30 23:10:55","34.38"
" 2024-08-30 23:52:13","34.351"
" 2024-08-31 00:00:00","34.351"
" 2024-08-31 00:21:41","34.321"
" 2024-08-31 00:32:06","34.351"
" 2024-08-31 01:07:19","34.321"
" 2024-08-31 02:07:26","34.261"
" 2024-08-31 02:49:22","33.994"
" 2024-08-31 03:12:01","33.934"
" 2024-08-31 03:43:32","33.875"
" 2024-08-31 04:06:26","33.845"
" 2024-08-31 04:57:31","33.815"
" 2024-08-31 05:07:56","33.845"
" 2024-08-31 05:28:08","33.815"
" 2024-08-31 05:38:10","33.845"
" 2024-08-31 06:28:45","33.785"
" 2024-08-31 07:04:39","37.891"
" 2024-08-31 07:51:29","98.74"
" 2024-08-31 07:58:49","86.124"
" 2024-08-31 08:00:22","83.089"
" 2024-08-31 08:56:28","43.902"
" 2024-08-31 09:06:30","41.938"
" 2024-08-31 09:58:53","36.969"
" 2024-08-31 10:09:26","36.523"
" 2024-08-31 10:51:30","35.422"
" 2024-08-31 11:02:18","35.243"
" 2024-08-31 11:38:28","34.886"
" 2024-08-31 12:03:47","34.797"
" 2024-08-31 12:49:41","34.678"
" 2024-08-31 13:01:38","34.648"
" 2024-08-31 13:39:58","34.589"
" 2024-08-31 13:55:16","90.081"
" 2024-08-31 14:04:16","93.086"
" 2024-08-31 14:11:51","96.121"
" 2024-08-31 14:53:54","53.156"
" 2024-08-31 15:00:27","50.15"
" 2024-08-31 15:59:13","38.486"
" 2024-08-31 16:09:37","37.653"
" 2024-08-31 16:51:32","35.719"
" 2024-08-31 17:01:42","35.452"
" 2024-08-31 17:44:38","34.886"
" 2024-08-31 17:59:42","34.737"
" 2024-08-31 18:48:48","34.499"
" 2024-08-31 19:04:35","34.47"
" 2024-08-31 19:18:38","34.41"
" 2024-08-31 19:49:45","34.678"
" 2024-08-31 20:02:29","34.767"
" 2024-08-31 20:59:11","34.946"
" 2024-08-31 21:40:41","34.916"
" 2024-08-31 22:00:47","34.886"
" 2024-08-31 22:59:31","34.975"
" 2024-08-31 23:09:42","34.856"
" 2024-08-31 23:57:16","34.529"
" 2024-09-01 00:00:00","34.529"
" 2024-09-01 00:08:35","34.41"
" 2024-09-01 00:53:35","34.113"
" 2024-09-01 01:03:53","34.083"
" 2024-09-01 01:53:52","33.994"
" 2024-09-01 02:04:12","33.964"
" 2024-09-01 02:53:26","33.904"
" 2024-09-01 03:03:28","33.934"
" 2024-09-01 03:26:14","33.875"
" 2024-09-01 03:59:16","82.672"
" 2024-09-01 04:03:39","85.677"
" 2024-09-01 04:35:16","97.758"
" 2024-09-01 04:57:38","64.046"
" 2024-09-01 05:00:51","61.011"
" 2024-09-01 05:46:07","99.067"
" 2024-09-01 05:59:21","74.073"
" 2024-09-01 06:01:32","71.008"
" 2024-09-01 06:57:37","41.819"
" 2024-09-01 07:07:38","40.242"
" 2024-09-01 07:58:48","36.255"
" 2024-09-01 08:09:29","35.868"
" 2024-09-01 08:29:47","35.332"
" 2024-09-01 08:53:42","90.26"
" 2024-09-01 09:00:08","93.265"
" 2024-09-01 09:07:28","96.27"
" 2024-09-01 09:56:35","49.972"
" 2024-09-01 10:04:17","46.967"
" 2024-09-01 10:54:42","38.07"
" 2024-09-01 11:04:52","37.267"
" 2024-09-01 11:56:42","34.856"
" 2024-09-01 12:08:31","34.737"
" 2024-09-01 12:50:49","34.559"
" 2024-09-01 13:07:53","34.529"
" 2024-09-01 13:52:32","34.38"
" 2024-09-01 14:06:02","34.41"
" 2024-09-01 14:16:04","34.351"
" 2024-09-01 14:59:45","34.321"
" 2024-09-01 15:44:15","34.261"
" 2024-09-01 16:08:56","34.232"
" 2024-09-01 16:55:00","34.113"
" 2024-09-01 17:05:09","34.142"
" 2024-09-01 17:55:10","33.994"
" 2024-09-01 18:08:02","34.023"
" 2024-09-01 18:22:27","34.053"
" 2024-09-01 19:39:28","34.083"
" 2024-09-01 19:49:45","34.053"
" 2024-09-01 20:00:10","34.083"
" 2024-09-01 20:23:40","34.053"
" 2024-09-01 21:03:56","34.023"
" 2024-09-01 21:24:07","34.053"
" 2024-09-01 21:42:59","34.023"
" 2024-09-01 23:19:12","34.053"
" 2024-09-01 23:29:13","34.023"
" 2024-09-01 23:49:24","34.053"
" 2024-09-02 00:00:00","34.053"
" 2024-09-02 00:04:33","34.023"
" 2024-09-02 00:24:38","33.994"
" 2024-09-02 00:34:55","34.023"
" 2024-09-02 01:09:59","33.994"
" 2024-09-02 01:53:44","33.964"
" 2024-09-02 02:06:58","33.934"
" 2024-09-02 02:28:34","33.845"
" 2024-09-02 03:03:26","33.815"
" 2024-09-02 03:13:35","33.785"
" 2024-09-02 03:53:19","92.223"
" 2024-09-02 04:01:32","95.229"
" 2024-09-02 04:53:44","46.074"
" 2024-09-02 05:03:46","43.217"
" 2024-09-02 05:54:33","36.761"
" 2024-09-02 06:04:58","36.195"
" 2024-09-02 06:59:22","34.708"
" 2024-09-02 07:09:24","34.589"
" 2024-09-02 07:55:18","34.232"
" 2024-09-02 08:05:43","34.172"
" 2024-09-02 08:43:31","34.053"
" 2024-09-02 08:58:25","77.763"
" 2024-09-02 09:00:13","80.887"
" 2024-09-02 09:30:11","96.062"
" 2024-09-02 09:58:12","58.958"
" 2024-09-02 10:02:12","55.952"
" 2024-09-02 10:50:32","40.034"
" 2024-09-02 11:00:34","38.814"
" 2024-09-02 11:51:53","35.69"
" 2024-09-02 12:02:26","35.392"
" 2024-09-02 12:57:19","34.648"
" 2024-09-02 13:08:38","34.559"
" 2024-09-02 13:52:06","34.38"
" 2024-09-02 14:07:54","34.351"
" 2024-09-02 14:54:12","94.455"
" 2024-09-02 14:59:59","91.42"
" 2024-09-02 15:52:11","44.943"
" 2024-09-02 16:02:13","42.533"
" 2024-09-02 16:53:54","36.761"
" 2024-09-02 17:04:11","36.255"
" 2024-09-02 17:57:48","34.916"
" 2024-09-02 18:07:50","34.797"
" 2024-09-02 18:23:08","34.767"
" 2024-09-02 18:55:09","34.916"
" 2024-09-02 19:30:00","34.946"
" 2024-09-02 19:42:42","34.975"
" 2024-09-02 20:00:13","35.005"
" 2024-09-02 20:40:50","35.035"
" 2024-09-02 21:01:38","35.005"
" 2024-09-02 21:57:28","34.708"
" 2024-09-02 22:07:30","34.678"
" 2024-09-02 22:56:22","34.529"
" 2024-09-02 23:18:52","34.499"
" 2024-09-02 23:53:04","34.44"
" 2024-09-03 00:00:00","34.44"
" 2024-09-03 00:05:09","34.38"
" 2024-09-03 00:43:51","34.142"
" 2024-09-03 01:10:05","34.053"
" 2024-09-03 01:37:51","33.994"
" 2024-09-03 02:03:41","33.964"
" 2024-09-03 02:51:31","33.904"
" 2024-09-03 03:15:50","33.875"
" 2024-09-03 03:29:28","33.845"
" 2024-09-03 03:39:35","33.875"
" 2024-09-03 05:26:58","33.845"
" 2024-09-03 06:02:43","33.815"
" 2024-09-03 06:12:45","33.845"
" 2024-09-03 06:51:10","33.785"
" 2024-09-03 07:43:16","33.755"
" 2024-09-03 07:53:24","33.785"
" 2024-09-03 08:22:04","33.755"
" 2024-09-03 08:39:50","33.726"
" 2024-09-03 08:58:28","82.583"
" 2024-09-03 09:02:12","85.677"
" 2024-09-03 09:10:49","91.777"
" 2024-09-03 09:54:09","48.901"
" 2024-09-03 10:02:38","45.866"
" 2024-09-03 10:53:34","37.534"
" 2024-09-03 11:03:43","36.85"
" 2024-09-03 11:55:55","35.065"
" 2024-09-03 12:07:37","34.886"
" 2024-09-03 12:54:25","34.47"
" 2024-09-03 13:07:32","34.41"
" 2024-09-03 13:57:34","34.291"
" 2024-09-03 14:11:19","34.232"
" 2024-09-03 14:49:22","34.172"
" 2024-09-03 14:59:24","34.202"
" 2024-09-03 15:20:14","34.142"
" 2024-09-03 15:37:12","34.113"
" 2024-09-03 15:57:31","34.113"
" 2024-09-03 16:08:03","34.083"
" 2024-09-03 16:40:04","34.023"
" 2024-09-03 17:07:43","34.083"
" 2024-09-03 17:53:30","34.351"
" 2024-09-03 18:04:18","34.41"
" 2024-09-03 18:55:11","34.589"
" 2024-09-03 19:10:13","34.618"
" 2024-09-03 19:38:24","34.678"
" 2024-09-03 20:23:14","34.708"
" 2024-09-03 20:53:44","34.678"
" 2024-09-03 21:03:47","34.708"
" 2024-09-03 21:58:11","34.351"
" 2024-09-03 22:10:01","34.261"
" 2024-09-03 22:55:03","34.142"
" 2024-09-03 23:05:28","34.113"
" 2024-09-03 23:48:03","33.934"
" 2024-09-04 00:00:00","33.934"
" 2024-09-04 00:01:18","33.904"
" 2024-09-04 00:30:14","33.845"
" 2024-09-04 01:03:27","33.815"
" 2024-09-04 01:13:30","33.845"
" 2024-09-04 01:23:32","33.785"
" 2024-09-04 02:19:14","33.755"
" 2024-09-04 02:29:47","33.726"
" 2024-09-04 02:51:39","33.755"
" 2024-09-04 03:01:46","33.726"
" 2024-09-04 03:31:55","33.696"
" 2024-09-04 03:42:35","33.726"
" 2024-09-04 04:04:41","33.696"
" 2024-09-04 05:25:38","33.726"
" 2024-09-04 05:45:58","33.696"
" 2024-09-04 06:36:23","33.726"
" 2024-09-04 06:48:36","33.785"
" 2024-09-04 06:58:38","33.726"
" 2024-09-04 07:11:38","33.755"
" 2024-09-04 07:46:46","33.696"
" 2024-09-04 08:35:48","33.666"
" 2024-09-04 08:45:50","33.547"
" 2024-09-04 08:58:34","82.702"
" 2024-09-04 09:01:24","85.767"
" 2024-09-04 09:13:06","91.837"
" 2024-09-04 09:56:19","49.168"
" 2024-09-04 10:04:56","46.163"
" 2024-09-04 10:35:04","39.885"
" 2024-09-04 10:35:52","246"
" 2024-09-05 00:00:00","246"
" 2024-09-05 14:05:38","34.589"
" 2024-09-05 14:07:16","246"
" 2024-09-05 14:31:53","34.529"
" 2024-09-05 15:17:55","34.499"
" 2024-09-05 15:56:35","34.44"
" 2024-09-05 16:06:38","34.41"
" 2024-09-05 16:54:28","34.172"
" 2024-09-05 17:14:31","34.202"
" 2024-09-05 17:53:52","34.113"
" 2024-09-05 18:03:53","34.142"
" 2024-09-05 18:59:34","34.499"
" 2024-09-05 19:13:43","34.559"
" 2024-09-05 19:54:36","34.678"
" 2024-09-05 20:05:24","34.648"
" 2024-09-05 20:56:42","34.737"
" 2024-09-05 21:18:02","34.708"
" 2024-09-05 21:28:04","34.737"
" 2024-09-05 21:38:06","34.708"
" 2024-09-05 22:27:12","34.678"
" 2024-09-05 22:52:40","34.499"
" 2024-09-05 23:05:00","34.351"
" 2024-09-05 23:47:33","34.053"
" 2024-09-06 00:00:00","34.053"
" 2024-09-06 00:00:32","33.994"
" 2024-09-06 00:42:42","33.875"
" 2024-09-06 01:18:11","33.815"
" 2024-09-06 01:28:19","33.845"
" 2024-09-06 01:53:49","33.785"
" 2024-09-06 03:03:06","33.726"
" 2024-09-06 03:32:01","33.755"
" 2024-09-06 04:19:26","33.726"
" 2024-09-06 04:29:29","33.696"
" 2024-09-06 04:49:56","33.696"
" 2024-09-06 05:00:44","33.726"
" 2024-09-06 05:10:51","33.696"
" 2024-09-06 06:21:12","33.726"
" 2024-09-06 06:50:00","33.696"
" 2024-09-06 07:10:42","33.726"
" 2024-09-06 07:33:11","33.666"
" 2024-09-06 07:53:54","33.696"
" 2024-09-06 08:24:13","33.666"
" 2024-09-06 08:53:02","78.804"
" 2024-09-06 09:00:14","81.809"
" 2024-09-06 09:27:52","93.919"
" 2024-09-06 09:57:42","60.118"
" 2024-09-06 10:01:49","57.053"
" 2024-09-06 10:50:01","40.867"
" 2024-09-06 11:00:03","39.528"
" 2024-09-06 11:51:05","36.047"
" 2024-09-06 12:01:53","35.719"
" 2024-09-06 12:56:31","34.975"
" 2024-09-06 13:06:40","34.916"
" 2024-09-06 13:55:16","34.737"
" 2024-09-06 14:10:11","34.648"
" 2024-09-06 14:53:36","34.589"
" 2024-09-06 15:03:47","34.559"
" 2024-09-06 15:59:20","34.47"
" 2024-09-06 16:33:47","34.351"
" 2024-09-06 16:57:42","34.202"
" 2024-09-06 17:07:59","34.113"
" 2024-09-06 17:59:09","34.261"
" 2024-09-06 18:10:35","34.351"
" 2024-09-06 18:57:00","34.559"
" 2024-09-06 19:08:18","34.618"
" 2024-09-06 19:25:29","34.678"
" 2024-09-06 20:25:32","34.708"
" 2024-09-06 23:42:52","33.934"
" 2024-09-07 00:00:00","33.934"
" 2024-09-07 00:06:00","33.904"
" 2024-09-07 00:30:03","33.875"
" 2024-09-07 00:52:54","33.875"
" 2024-09-07 01:03:13","33.845"
" 2024-09-07 01:46:32","33.785"
" 2024-09-07 02:48:37","33.726"
" 2024-09-07 03:11:16","33.755"
" 2024-09-07 03:26:01","33.726"
" 2024-09-07 04:22:44","33.696"
" 2024-09-07 04:44:28","33.726"
" 2024-09-07 05:08:52","33.696"
" 2024-09-07 06:05:50","33.666"
" 2024-09-07 06:15:52","33.696"
" 2024-09-07 07:15:08","33.726"
" 2024-09-07 07:25:09","33.696"
" 2024-09-07 07:32:52","83.267"
" 2024-09-07 07:54:36","58.69"
" 2024-09-07 07:58:35","55.655"
" 2024-09-07 08:36:40","41.343"
" 2024-09-07 08:52:34","79.607"
" 2024-09-07 09:02:43","82.553"
" 2024-09-07 09:25:28","94.693"
" 2024-09-07 09:57:37","57.767"
" 2024-09-07 10:01:59","54.762"
" 2024-09-07 10:52:16","39.439"
" 2024-09-07 11:02:17","38.308"
" 2024-09-07 11:54:37","35.481"
" 2024-09-07 12:04:08","39.647"
" 2024-09-07 12:38:19","94.872"
" 2024-09-07 12:59:57","74.936"
" 2024-09-07 13:02:08","71.812"
" 2024-09-07 13:57:17","42.384"
" 2024-09-07 14:07:18","40.748"
" 2024-09-07 14:58:59","36.612"
" 2024-09-07 15:09:39","36.225"
" 2024-09-07 15:53:21","35.332"
" 2024-09-07 16:05:42","35.184"
" 2024-09-07 16:49:56","34.648"
" 2024-09-07 17:00:05","34.559"
" 2024-09-07 17:23:20","34.47"
" 2024-09-07 17:55:53","34.737"
" 2024-09-07 18:07:12","34.797"
" 2024-09-07 19:16:27","34.827"
" 2024-09-07 19:34:13","34.856"
" 2024-09-07 20:00:25","34.916"
" 2024-09-07 20:44:57","34.946"
" 2024-09-07 21:05:39","34.916"
" 2024-09-07 21:25:57","34.946"
" 2024-09-07 21:39:41","34.916"
" 2024-09-07 22:09:47","34.856"
" 2024-09-07 22:56:12","34.321"
" 2024-09-07 23:07:38","34.232"
" 2024-09-07 23:55:51","34.023"
" 2024-09-08 00:00:00","34.023"
" 2024-09-08 00:26:17","33.994"
" 2024-09-08 00:37:06","33.964"
" 2024-09-08 00:47:23","33.994"
" 2024-09-08 01:03:27","33.964"
" 2024-09-08 01:57:44","33.904"
" 2024-09-08 02:07:51","33.875"
" 2024-09-08 02:26:16","33.845"
" 2024-09-08 03:16:01","33.815"
" 2024-09-08 03:41:28","33.785"
" 2024-09-08 03:51:30","33.815"
" 2024-09-08 04:01:31","33.785"
" 2024-09-08 04:57:43","33.755"
" 2024-09-08 05:08:00","33.785"
" 2024-09-08 05:29:05","33.726"
" 2024-09-08 05:51:27","33.755"
" 2024-09-08 06:12:54","33.726"
" 2024-09-08 08:21:44","33.755"
" 2024-09-08 08:43:57","33.726"
" 2024-09-08 08:59:24","67.081"
" 2024-09-08 09:00:03","70.175"
" 2024-09-08 09:35:48","94.633"
" 2024-09-08 09:57:47","72.318"
" 2024-09-08 10:00:14","69.163"
" 2024-09-08 10:52:31","42.444"
" 2024-09-08 11:02:40","40.718"
" 2024-09-08 11:53:28","36.582"
" 2024-09-08 12:03:53","36.195"
" 2024-09-08 12:57:38","35.124"
" 2024-09-08 13:08:41","35.005"
" 2024-09-08 13:40:17","34.797"
" 2024-09-08 14:01:53","34.737"
" 2024-09-08 14:58:58","34.618"
" 2024-09-08 15:12:20","34.589"
" 2024-09-08 15:22:37","34.618"
" 2024-09-08 15:52:49","34.559"
" 2024-09-08 16:20:49","34.529"
" 2024-09-08 16:56:20","34.321"
" 2024-09-08 17:08:25","34.232"
" 2024-09-08 17:57:39","34.47"
" 2024-09-08 18:13:35","34.559"
" 2024-09-08 18:44:42","34.678"
" 2024-09-08 18:55:38","34.648"
" 2024-09-08 19:05:45","34.678"
" 2024-09-08 19:53:11","34.708"
" 2024-09-08 20:13:32","34.737"
" 2024-09-08 20:37:42","34.767"
" 2024-09-08 21:21:33","34.737"
" 2024-09-08 22:20:26","34.648"
" 2024-09-08 22:52:11","34.47"
" 2024-09-08 23:14:56","34.351"
" 2024-09-08 23:52:14","34.053"
" 2024-09-09 00:00:00","34.053"
" 2024-09-09 00:17:41","33.964"
" 2024-09-09 00:29:38","33.934"
" 2024-09-09 01:00:14","33.875"
" 2024-09-09 01:10:16","33.904"
" 2024-09-09 01:44:18","33.875"
" 2024-09-09 02:47:40","33.845"
" 2024-09-09 03:01:35","36.85"
" 2024-09-09 03:40:40","94.485"
" 2024-09-09 03:58:32","78.12"
" 2024-09-09 04:00:28","75.025"
" 2024-09-09 04:47:54","44.556"
" 2024-09-09 04:58:03","82.464"
" 2024-09-09 05:02:10","85.499"
" 2024-09-09 05:58:53","66.277"
" 2024-09-09 06:01:42","63.183"
" 2024-09-09 06:55:11","40.688"
" 2024-09-09 07:05:12","39.349"
" 2024-09-09 07:56:14","35.957"
" 2024-09-09 08:06:16","35.69"
" 2024-09-09 08:37:07","35.005"
" 2024-09-09 08:58:27","80.946"
" 2024-09-09 09:03:20","84.011"
" 2024-09-09 09:22:22","96.121"
" 2024-09-09 09:56:10","59.672"
" 2024-09-09 10:00:25","56.637"
" 2024-09-09 10:59:41","39.528"
" 2024-09-09 11:09:44","38.546"
" 2024-09-09 11:51:00","36.195"
" 2024-09-09 12:01:48","35.868"
" 2024-09-09 12:56:02","35.154"
" 2024-09-09 13:08:14","35.094"
" 2024-09-09 13:58:07","34.886"
" 2024-09-09 14:18:10","34.827"
" 2024-09-09 14:48:36","34.767"
" 2024-09-09 15:08:24","34.737"
" 2024-09-09 15:50:51","34.648"
" 2024-09-09 16:00:53","34.618"
" 2024-09-09 16:51:16","34.232"
" 2024-09-09 17:01:41","34.202"
" 2024-09-09 17:23:41","34.232"
" 2024-09-09 17:56:59","34.232"
" 2024-09-09 18:07:01","34.172"
" 2024-09-09 18:44:08","34.202"
" 2024-09-09 18:55:06","34.172"
" 2024-09-09 19:15:55","34.202"
" 2024-09-09 19:57:58","34.44"
" 2024-09-09 20:11:05","34.559"
" 2024-09-09 20:58:31","34.737"
" 2024-09-09 21:32:10","34.767"
" 2024-09-09 22:27:06","34.827"
" 2024-09-09 22:51:55","34.648"
" 2024-09-09 23:02:04","34.589"
" 2024-09-09 23:44:13","34.44"
" 2024-09-10 00:00:00","34.44"
" 2024-09-10 00:04:57","34.351"
" 2024-09-10 00:35:33","34.142"
" 2024-09-10 01:00:29","34.053"
" 2024-09-10 01:57:42","33.904"
" 2024-09-10 02:19:02","33.875"
" 2024-09-10 02:36:39","33.845"
" 2024-09-10 02:53:45","81.75"
" 2024-09-10 03:02:39","84.755"
" 2024-09-10 03:15:27","93.86"
" 2024-09-10 03:55:57","53.691"
" 2024-09-10 04:01:44","50.686"
" 2024-09-10 04:58:41","38.1"
" 2024-09-10 05:08:59","37.296"
" 2024-09-10 05:50:30","35.541"
" 2024-09-10 06:00:39","35.332"
" 2024-09-10 06:54:16","34.589"
" 2024-09-10 07:05:35","34.499"
" 2024-09-10 07:53:33","34.232"
" 2024-09-10 08:15:32","34.172"
" 2024-09-10 08:25:34","34.142"
" 2024-09-10 08:56:10","79.161"
" 2024-09-10 09:01:18","82.256"
" 2024-09-10 09:26:53","103.649"
" 2024-09-10 09:56:50","63.153"
" 2024-09-10 10:00:19","60.148"
" 2024-09-10 10:52:54","40.956"
" 2024-09-10 11:03:03","39.617"
" 2024-09-10 11:54:45","36.166"
" 2024-09-10 12:00:09","40.123"
" 2024-09-10 12:35:22","104.244"
" 2024-09-10 12:58:31","72.675"
" 2024-09-10 13:00:49","69.61"
" 2024-09-10 13:50:43","42.682"
" 2024-09-10 14:00:45","40.837"
" 2024-09-10 14:51:33","36.433"
" 2024-09-10 15:02:13","36.017"
" 2024-09-10 15:58:31","34.946"
" 2024-09-10 16:10:13","34.827"
" 2024-09-10 16:44:48","34.529"
" 2024-09-10 17:02:39","34.47"
" 2024-09-10 17:47:56","34.856"
" 2024-09-10 18:01:34","34.886"
" 2024-09-10 18:11:35","34.856"
" 2024-09-10 18:52:05","34.856"
" 2024-09-10 19:12:24","34.946"
" 2024-09-10 19:34:46","35.035"
" 2024-09-10 20:15:16","35.065"
" 2024-09-10 20:25:42","35.035"
" 2024-09-10 20:46:53","35.035"
" 2024-09-10 21:09:01","35.005"
" 2024-09-10 21:45:10","35.035"
" 2024-09-10 21:55:18","35.005"
" 2024-09-10 22:06:00","34.975"
" 2024-09-10 22:27:52","35.005"
" 2024-09-10 22:42:15","34.975"
" 2024-09-10 23:02:44","34.946"
" 2024-09-10 23:13:01","34.975"
" 2024-09-10 23:46:59","34.737"
" 2024-09-10 23:59:20","80.738"
" 2024-09-11 00:00:00","80.738"
" 2024-09-11 00:04:44","77.614"
" 2024-09-11 00:49:53","44.14"
" 2024-09-11 00:59:48","41.789"
" 2024-09-11 01:51:15","36.255"
" 2024-09-11 02:01:24","35.779"
" 2024-09-11 02:55:35","34.529"
" 2024-09-11 03:06:00","34.41"
" 2024-09-11 03:41:07","34.172"
" 2024-09-11 04:02:36","34.083"
" 2024-09-11 04:38:53","33.994"
" 2024-09-11 05:13:35","33.964"
" 2024-09-11 05:44:06","33.904"
" 2024-09-11 06:16:00","33.845"
" 2024-09-11 08:39:33","33.815"
" 2024-09-11 08:59:45","100.406"
" 2024-09-11 09:07:05","97.252"
" 2024-09-11 09:52:22","47.859"
" 2024-09-11 10:01:38","44.854"
" 2024-09-11 10:52:27","37.237"
" 2024-09-11 11:02:44","36.612"
" 2024-09-11 11:56:47","34.946"
" 2024-09-11 12:06:49","34.797"
" 2024-09-11 12:51:37","34.47"
" 2024-09-11 13:07:49","34.41"
" 2024-09-11 13:55:46","34.321"
" 2024-09-11 14:06:54","34.261"
" 2024-09-11 14:47:16","34.232"
" 2024-09-11 15:19:52","34.172"
" 2024-09-11 15:30:02","34.202"
" 2024-09-11 15:50:30","34.142"
" 2024-09-11 16:00:32","34.172"
" 2024-09-11 16:57:47","33.994"
" 2024-09-11 17:08:20","34.053"
" 2024-09-11 17:54:47","34.351"
" 2024-09-11 18:04:49","34.41"
" 2024-09-11 18:31:04","34.559"
" 2024-09-11 19:09:41","34.618"
" 2024-09-11 19:50:18","34.648"
" 2024-09-11 20:00:23","34.708"
" 2024-09-11 20:51:58","34.797"
" 2024-09-11 21:02:16","34.767"
" 2024-09-11 21:26:12","34.827"
" 2024-09-11 21:57:44","34.44"
" 2024-09-11 22:09:19","34.351"
" 2024-09-11 22:58:13","34.172"
" 2024-09-11 23:08:23","34.142"
" 2024-09-11 23:43:47","33.994"
" 2024-09-12 00:00:00","33.994"
" 2024-09-12 00:08:52","33.934"
" 2024-09-12 00:44:16","33.875"
" 2024-09-12 01:05:30","33.904"
" 2024-09-12 02:09:12","33.845"
" 2024-09-12 02:19:14","33.875"
" 2024-09-12 02:41:35","33.845"
" 2024-09-12 03:05:49","33.815"
" 2024-09-12 03:15:51","33.845"
" 2024-09-12 03:37:20","33.785"
" 2024-09-12 03:47:30","33.815"
" 2024-09-12 04:06:00","33.785"
" 2024-09-12 05:28:24","33.755"
" 2024-09-12 05:59:02","33.785"
" 2024-09-12 06:09:09","33.755"
" 2024-09-12 06:20:04","33.726"
" 2024-09-12 06:30:05","33.755"
" 2024-09-12 07:04:25","33.726"
" 2024-09-12 08:14:48","33.755"
" 2024-09-12 08:25:37","33.726"
" 2024-09-12 08:59:50","66.248"
" 2024-09-12 09:00:21","69.878"
" 2024-09-12 09:21:03","101.209"
" 2024-09-12 09:58:51","58.184"
" 2024-09-12 10:03:29","55.149"
" 2024-09-12 10:55:10","40.093"
" 2024-09-12 11:05:11","38.963"
" 2024-09-12 11:58:12","36.017"
" 2024-09-12 12:08:21","35.749"
" 2024-09-12 12:53:28","35.124"
" 2024-09-12 13:04:08","35.035"
" 2024-09-12 13:51:27","34.797"
" 2024-09-12 14:07:15","34.767"
" 2024-09-12 14:37:45","34.708"
" 2024-09-12 15:09:29","34.678"
" 2024-09-12 15:20:19","34.648"
" 2024-09-12 16:00:17","34.618"
" 2024-09-12 16:12:23","34.648"
" 2024-09-12 16:53:26","34.38"
" 2024-09-12 17:03:56","34.291"
" 2024-09-12 17:59:35","34.232"
" 2024-09-12 18:45:14","34.202"
" 2024-09-12 18:56:18","34.232"
" 2024-09-12 19:06:27","34.172"
" 2024-09-12 19:16:45","34.202"
" 2024-09-12 19:47:36","34.142"
" 2024-09-12 19:57:46","34.172"
" 2024-09-12 20:18:36","34.142"
" 2024-09-12 20:40:28","34.172"
" 2024-09-12 20:50:29","34.142"
" 2024-09-12 21:00:47","34.172"
" 2024-09-12 21:11:50","34.113"
" 2024-09-12 21:52:21","34.142"
" 2024-09-12 22:32:59","34.113"
" 2024-09-12 22:43:08","34.083"
" 2024-09-12 23:39:44","34.053"
" 2024-09-13 00:00:00","34.053"
" 2024-09-13 00:10:05","34.083"
" 2024-09-13 00:34:21","34.053"
" 2024-09-13 01:11:25","33.964"
" 2024-09-13 01:54:22","33.875"
" 2024-09-13 03:43:40","33.845"
" 2024-09-13 03:55:30","33.875"
" 2024-09-13 04:05:37","33.845"
" 2024-09-13 04:25:58","33.815"
" 2024-09-13 04:46:40","33.845"
" 2024-09-13 05:04:54","33.815"
" 2024-09-13 05:17:32","33.785"
" 2024-09-13 05:45:55","33.785"
" 2024-09-13 07:04:40","37.475"
" 2024-09-13 07:41:11","99.186"
" 2024-09-13 07:59:04","77.019"
" 2024-09-13 08:00:59","73.954"
" 2024-09-13 08:58:20","41.373"
" 2024-09-13 09:08:22","39.796"
" 2024-09-13 09:59:56","35.928"
" 2024-09-13 10:09:58","35.6"
" 2024-09-13 10:54:58","34.797"
" 2024-09-13 11:05:00","34.708"
" 2024-09-13 11:55:19","34.44"
" 2024-09-13 12:10:44","34.38"
" 2024-09-13 12:36:58","34.321"
" 2024-09-13 12:58:17","34.321"
" 2024-09-13 13:08:28","34.261"
" 2024-09-13 13:18:45","34.291"
" 2024-09-13 13:56:34","34.232"
" 2024-09-13 14:20:44","34.172"
" 2024-09-13 14:41:19","34.202"
" 2024-09-13 15:09:10","34.142"
" 2024-09-13 15:30:29","34.172"
" 2024-09-13 15:50:30","34.172"
" 2024-09-13 16:13:45","34.113"
" 2024-09-13 16:44:27","34.083"
" 2024-09-13 17:15:15","34.113"
" 2024-09-13 17:59:24","34.261"
" 2024-09-13 18:14:11","34.351"
" 2024-09-13 18:59:14","34.618"
" 2024-09-13 19:09:53","34.648"
" 2024-09-13 19:50:12","34.737"
" 2024-09-13 20:00:44","34.708"
" 2024-09-13 20:20:53","34.767"
" 2024-09-13 20:47:43","34.767"
" 2024-09-13 21:47:55","34.797"
" 2024-09-13 22:11:24","34.827"
" 2024-09-13 22:42:45","34.797"
" 2024-09-13 23:07:31","34.827"
" 2024-09-13 23:28:24","34.797"
" 2024-09-13 23:59:59","34.678"
" 2024-09-14 00:56:29","34.172"
" 2024-09-14 01:06:29","34.113"
" 2024-09-14 01:44:38","33.994"
" 2024-09-14 02:21:58","33.964"
" 2024-09-14 02:44:12","33.904"
" 2024-09-14 02:54:20","33.934"
" 2024-09-14 03:23:59","33.964"
" 2024-09-14 03:55:26","33.934"
" 2024-09-14 04:07:08","33.904"
" 2024-09-14 04:17:17","33.934"
" 2024-09-14 04:57:20","33.845"
" 2024-09-14 05:39:26","33.875"
" 2024-09-14 05:57:47","33.845"
" 2024-09-14 06:49:00","33.815"
" 2024-09-14 07:43:27","33.845"
" 2024-09-14 07:53:29","33.815"
" 2024-09-14 08:03:37","33.845"
" 2024-09-14 08:24:33","33.785"
" 2024-09-14 08:53:34","91.896"
" 2024-09-14 09:03:34","94.663"
" 2024-09-14 09:23:36","97.46"
" 2024-09-14 09:57:35","54.256"
" 2024-09-14 10:03:23","51.221"
" 2024-09-14 10:50:56","39.796"
" 2024-09-14 11:01:04","38.754"
" 2024-09-14 11:51:55","36.106"
" 2024-09-14 12:03:29","35.838"
" 2024-09-14 12:46:52","35.243"
" 2024-09-14 13:01:08","35.124"
" 2024-09-14 13:51:19","34.886"
" 2024-09-14 14:11:44","34.856"
" 2024-09-14 14:35:53","34.767"
" 2024-09-14 15:05:54","34.737"
" 2024-09-14 15:31:57","34.708"
" 2024-09-14 16:07:54","34.678"
" 2024-09-14 16:53:53","34.41"
" 2024-09-14 17:10:10","34.291"
" 2024-09-14 17:49:10","34.38"
" 2024-09-14 17:59:58","34.47"
" 2024-09-14 18:49:30","34.767"
" 2024-09-14 19:00:25","34.797"
" 2024-09-14 19:38:53","34.886"
" 2024-09-14 19:49:02","34.856"
" 2024-09-14 20:52:11","34.886"
" 2024-09-14 21:25:52","34.856"
" 2024-09-14 21:38:36","34.916"
" 2024-09-14 22:06:46","34.856"
" 2024-09-14 22:57:18","34.499"
" 2024-09-14 23:07:28","34.38"
" 2024-09-14 23:52:51","34.142"
" 2024-09-15 00:03:16","34.113"
" 2024-09-15 00:24:37","34.053"
" 2024-09-15 01:03:48","34.023"
" 2024-09-15 01:48:05","33.964"
" 2024-09-15 02:34:24","33.934"
" 2024-09-15 03:01:40","33.904"
" 2024-09-15 03:43:12","33.934"
" 2024-09-15 03:59:23","33.904"
" 2024-09-15 04:23:10","33.875"
" 2024-09-15 05:03:35","33.904"
" 2024-09-15 05:13:44","33.875"
" 2024-09-15 05:35:44","33.934"
" 2024-09-15 05:47:26","33.904"
" 2024-09-15 06:09:17","33.875"
" 2024-09-15 06:19:42","33.904"
" 2024-09-15 06:30:38","33.845"
" 2024-09-15 07:27:52","33.875"
" 2024-09-15 07:41:51","33.845"
" 2024-09-15 07:59:59","33.875"
" 2024-09-15 08:35:08","96.151"
" 2024-09-15 08:58:55","69.818"
" 2024-09-15 09:01:30","66.724"
" 2024-09-15 09:57:03","40.956"
" 2024-09-15 10:07:12","39.468"
" 2024-09-15 10:57:37","36.047"
" 2024-09-15 11:08:33","35.719"
" 2024-09-15 11:51:38","34.946"
" 2024-09-15 12:01:47","34.886"
" 2024-09-15 12:48:59","34.559"
" 2024-09-15 13:08:14","34.529"
" 2024-09-15 13:43:13","34.41"
" 2024-09-15 14:08:52","34.38"
" 2024-09-15 14:42:04","34.321"
" 2024-09-15 15:13:47","34.291"
" 2024-09-15 15:26:21","34.261"
" 2024-09-15 15:36:33","34.291"
" 2024-09-15 16:03:29","34.261"
" 2024-09-15 16:54:09","34.113"
" 2024-09-15 17:04:56","34.142"
" 2024-09-15 17:52:11","34.351"
" 2024-09-15 18:04:39","34.44"
" 2024-09-15 18:39:04","34.648"
" 2024-09-15 19:00:38","34.737"
" 2024-09-15 19:56:53","34.886"
" 2024-09-15 20:07:02","34.856"
" 2024-09-15 20:37:58","34.886"
" 2024-09-15 20:59:17","34.886"
" 2024-09-15 21:09:18","34.856"
" 2024-09-15 21:52:51","34.708"
" 2024-09-15 22:05:38","34.559"
" 2024-09-15 22:44:54","34.321"
" 2024-09-15 23:18:06","34.232"
" 2024-09-15 23:51:06","34.113"
" 2024-09-16 00:01:15","34.142"
" 2024-09-16 00:30:47","34.023"
" 2024-09-16 01:03:00","33.994"
" 2024-09-16 01:58:38","33.934"
" 2024-09-16 02:26:54","33.904"
" 2024-09-16 03:04:09","33.934"
" 2024-09-16 03:16:52","33.875"
" 2024-09-16 03:55:46","33.875"
" 2024-09-16 04:22:07","33.845"
" 2024-09-16 04:32:15","33.875"
" 2024-09-16 04:53:04","33.875"
" 2024-09-16 05:36:59","33.845"
" 2024-09-16 05:47:09","33.875"
" 2024-09-16 05:57:33","33.845"
" 2024-09-16 06:44:25","33.875"
" 2024-09-16 07:14:29","33.845"
" 2024-09-16 07:51:21","33.904"
" 2024-09-16 08:01:36","33.875"
" 2024-09-16 08:17:42","33.845"
" 2024-09-16 08:57:45","88.534"
" 2024-09-16 09:06:53","91.598"
" 2024-09-16 09:20:29","97.609"
" 2024-09-16 09:55:33","54.465"
" 2024-09-16 10:01:20","51.459"
" 2024-09-16 10:58:22","38.754"
" 2024-09-16 11:08:23","37.921"
" 2024-09-16 11:48:51","35.987"
" 2024-09-16 11:59:38","35.719"
" 2024-09-16 12:48:34","35.124"
" 2024-09-16 13:01:32","35.065"
" 2024-09-16 13:54:10","34.856"
" 2024-09-16 14:05:29","34.827"
" 2024-09-16 14:47:58","34.767"
" 2024-09-16 15:20:04","34.737"
" 2024-09-16 15:30:45","34.708"
" 2024-09-16 15:52:42","34.708"
" 2024-09-16 16:11:58","34.678"
" 2024-09-16 16:54:07","34.321"
" 2024-09-16 17:04:39","34.261"
" 2024-09-16 17:50:37","34.499"
" 2024-09-16 18:00:47","34.559"
" 2024-09-16 18:56:01","34.767"
" 2024-09-16 19:07:50","34.827"
" 2024-09-16 19:29:47","34.886"
" 2024-09-16 19:50:20","34.886"
" 2024-09-16 20:15:37","34.916"
" 2024-09-16 20:36:42","34.946"
" 2024-09-16 21:47:37","34.916"
" 2024-09-16 22:08:01","34.946"
" 2024-09-16 22:46:26","34.797"
" 2024-09-16 23:00:34","34.708"
" 2024-09-16 23:46:02","34.261"
" 2024-09-17 00:05:01","34.232"
" 2024-09-17 00:40:52","34.113"
" 2024-09-17 00:51:31","34.142"
" 2024-09-17 01:03:05","34.053"
" 2024-09-17 01:38:23","34.023"
" 2024-09-17 02:02:25","33.994"
" 2024-09-17 02:12:27","33.964"
" 2024-09-17 03:00:21","33.934"
" 2024-09-17 03:10:45","33.904"
" 2024-09-17 03:50:04","96.568"
" 2024-09-17 03:58:32","87.284"
" 2024-09-17 04:00:05","84.13"
" 2024-09-17 04:51:04","44.318"
" 2024-09-17 05:01:05","42.027"
" 2024-09-17 05:52:04","36.731"
" 2024-09-17 06:02:06","36.285"
" 2024-09-17 06:55:39","34.916"
" 2024-09-17 07:05:40","34.797"
" 2024-09-17 07:58:03","34.41"
" 2024-09-17 08:23:22","34.321"
" 2024-09-17 08:46:06","34.291"
" 2024-09-17 08:57:32","81.155"
" 2024-09-17 09:01:54","84.19"
" 2024-09-17 09:25:55","96.27"
" 2024-09-17 09:55:20","64.016"
" 2024-09-17 09:58:40","61.011"
" 2024-09-17 10:49:55","41.432"
" 2024-09-17 11:00:04","39.974"
" 2024-09-17 11:51:58","36.374"
" 2024-09-17 12:02:30","36.076"
" 2024-09-17 12:45:01","35.422"
" 2024-09-17 12:59:31","35.303"
" 2024-09-17 13:47:03","35.035"
" 2024-09-17 14:00:24","34.975"
" 2024-09-17 14:41:53","34.886"
" 2024-09-17 15:08:28","34.827"
" 2024-09-17 15:43:39","34.767"
" 2024-09-17 16:12:41","34.678"
" 2024-09-17 16:48:00","34.38"
" 2024-09-17 17:02:46","34.321"
" 2024-09-17 17:49:31","34.618"
" 2024-09-17 18:00:42","34.678"
" 2024-09-17 18:48:37","34.916"
" 2024-09-17 18:58:45","34.946"
" 2024-09-17 19:53:04","35.005"
" 2024-09-17 20:04:32","35.035"
" 2024-09-17 20:24:34","35.005"
" 2024-09-17 20:38:57","35.035"
" 2024-09-17 21:05:54","35.005"
" 2024-09-17 21:56:57","34.856"
" 2024-09-17 22:09:24","34.767"
" 2024-09-17 22:45:55","34.648"
" 2024-09-17 23:17:48","34.618"
" 2024-09-17 23:51:37","34.38"
" 2024-09-18 00:01:46","34.351"
" 2024-09-18 00:58:51","34.113"
" 2024-09-18 01:08:53","34.142"
" 2024-09-18 01:53:21","34.053"
" 2024-09-18 02:21:38","34.023"
" 2024-09-18 02:58:49","88.861"
" 2024-09-18 03:04:52","92.075"
" 2024-09-18 03:17:28","104.304"
" 2024-09-18 03:56:57","57.5"
" 2024-09-18 04:01:59","54.465"
" 2024-09-18 04:55:33","39.944"
" 2024-09-18 05:05:43","38.844"
" 2024-09-18 05:57:25","36.076"
" 2024-09-18 06:08:59","35.809"
" 2024-09-18 06:50:46","35.124"
" 2024-09-18 07:01:11","34.946"
" 2024-09-18 07:54:10","34.559"
" 2024-09-18 08:10:06","34.499"
" 2024-09-18 08:37:38","34.41"
" 2024-09-18 08:58:28","98.68"
" 2024-09-18 09:04:31","101.715"
" 2024-09-18 09:11:34","104.72"
" 2024-09-18 09:55:50","52.382"
" 2024-09-18 10:02:22","49.347"
" 2024-09-18 10:50:51","38.814"
" 2024-09-18 11:01:01","37.891"
" 2024-09-18 11:52:06","35.6"
" 2024-09-18 12:03:18","35.362"
" 2024-09-18 12:57:19","34.827"
" 2024-09-18 13:10:56","34.708"
" 2024-09-18 13:45:25","34.589"
" 2024-09-18 14:06:46","34.559"
" 2024-09-18 14:55:01","34.44"
" 2024-09-18 15:18:02","34.41"
" 2024-09-18 16:08:33","34.38"
" 2024-09-18 16:58:28","34.261"
" 2024-09-18 17:15:11","34.232"
" 2024-09-18 17:49:57","34.261"
" 2024-09-18 18:04:07","34.351"
" 2024-09-18 18:49:54","34.589"
" 2024-09-18 19:03:01","34.648"
" 2024-09-18 19:58:13","34.886"
" 2024-09-18 20:15:17","34.916"
" 2024-09-18 20:35:54","34.975"
" 2024-09-18 21:52:42","35.005"
" 2024-09-18 22:02:51","34.975"
" 2024-09-19 00:24:06","34.856"
" 2024-09-19 00:58:27","34.44"
" 2024-09-19 01:10:01","34.351"
" 2024-09-19 01:56:43","34.202"
" 2024-09-19 02:06:45","34.172"
" 2024-09-19 02:42:38","34.083"
" 2024-09-19 03:21:13","34.053"
" 2024-09-19 03:31:39","34.083"
" 2024-09-19 03:51:57","34.023"
" 2024-09-19 04:02:07","33.994"
" 2024-09-19 04:37:43","102.042"
" 2024-09-19 04:58:54","82.88"
" 2024-09-19 05:00:34","79.786"
" 2024-09-19 05:54:09","43.575"
" 2024-09-19 06:04:11","41.551"
" 2024-09-19 06:54:51","36.731"
" 2024-09-19 07:04:52","36.285"
" 2024-09-19 07:58:45","35.094"
" 2024-09-19 08:08:48","34.975"
" 2024-09-19 08:52:08","34.648"
" 2024-09-19 09:05:39","34.589"
" 2024-09-19 09:49:43","34.47"
" 2024-09-19 10:31:48","34.44"
" 2024-09-19 11:02:54","34.41"
" 2024-09-19 11:44:43","34.351"
" 2024-09-19 12:31:17","34.321"
" 2024-09-19 12:55:14","82.88"
" 2024-09-19 13:02:03","85.915"
" 2024-09-19 13:26:24","95.05"
" 2024-09-19 13:55:59","58.065"
" 2024-09-19 14:00:21","55.03"
" 2024-09-19 14:51:10","39.825"
" 2024-09-19 15:01:27","38.695"
" 2024-09-19 15:52:38","36.017"
" 2024-09-19 16:03:10","35.779"
" 2024-09-19 16:55:39","34.975"
" 2024-09-19 17:05:41","34.856"
" 2024-09-19 17:44:54","34.648"
" 2024-09-19 18:03:16","34.618"
" 2024-09-19 18:29:41","34.499"
" 2024-09-19 18:45:45","34.44"
" 2024-09-19 21:33:54","34.172"
" 2024-09-19 21:44:04","34.202"
" 2024-09-19 22:15:18","34.142"
" 2024-09-19 22:35:37","34.113"
" 2024-09-19 22:55:56","34.142"
" 2024-09-19 23:16:08","34.113"
" 2024-09-19 23:36:50","34.142"
" 2024-09-19 23:46:52","34.113"
" 2024-09-20 00:24:48","34.172"
" 2024-09-20 00:34:50","34.142"
" 2024-09-20 00:50:31","34.202"
" 2024-09-20 01:00:33","34.172"
" 2024-09-20 01:32:57","34.113"
" 2024-09-20 02:03:24","34.083"
" 2024-09-20 02:31:34","34.053"
" 2024-09-20 03:02:18","34.023"
" 2024-09-20 03:23:02","33.994"
" 2024-09-20 03:44:36","33.994"
" 2024-09-20 04:15:31","33.964"
" 2024-09-20 04:50:30","33.994"
" 2024-09-20 05:08:36","33.964"
" 2024-09-20 06:19:43","33.934"
" 2024-09-20 07:10:17","33.964"
" 2024-09-20 07:20:42","33.934"
" 2024-09-20 07:37:00","33.964"
" 2024-09-20 08:01:04","33.934"
" 2024-09-20 08:57:08","82.702"
" 2024-09-20 09:04:51","85.707"
" 2024-09-20 09:28:39","94.812"
" 2024-09-20 09:55:32","57.857"
" 2024-09-20 09:59:54","54.852"
" 2024-09-20 10:50:43","39.796"
" 2024-09-20 11:00:52","38.695"
" 2024-09-20 11:52:19","35.987"
" 2024-09-20 12:04:09","35.719"
" 2024-09-20 12:49:56","35.124"
" 2024-09-20 13:00:13","35.065"
" 2024-09-20 13:53:29","34.856"
" 2024-09-20 14:07:53","34.797"
" 2024-09-20 14:46:18","34.737"
" 2024-09-20 15:05:05","34.708"
" 2024-09-20 15:45:13","34.648"
" 2024-09-20 16:05:47","34.618"
" 2024-09-20 16:58:17","34.47"
" 2024-09-20 17:09:11","34.44"
" 2024-09-20 17:35:50","34.351"
" 2024-09-20 18:09:37","34.321"
" 2024-09-20 18:29:58","34.261"
" 2024-09-20 18:40:46","34.291"
" 2024-09-20 19:53:39","34.261"
" 2024-09-20 20:27:59","34.232"
" 2024-09-20 20:58:07","34.202"
" 2024-09-20 21:08:32","34.172"
" 2024-09-20 21:39:54","34.202"
" 2024-09-20 21:49:56","34.172"
" 2024-09-20 22:07:25","34.142"
" 2024-09-20 22:20:09","34.172"
" 2024-09-20 22:48:40","34.142"
" 2024-09-20 23:08:45","34.113"
" 2024-09-20 23:18:55","34.142"
" 2024-09-20 23:38:59","34.113"
" 2024-09-21 00:10:13","34.142"
" 2024-09-21 00:31:49","34.083"
" 2024-09-21 01:08:28","34.053"
" 2024-09-21 01:18:30","34.083"
" 2024-09-21 01:38:42","34.083"
" 2024-09-21 02:06:19","34.053"
" 2024-09-21 02:39:47","33.994"
" 2024-09-21 03:27:53","33.964"
" 2024-09-21 03:48:13","33.994"
" 2024-09-21 04:01:41","33.964"
" 2024-09-21 05:07:56","33.934"
" 2024-09-21 05:39:04","33.964"
" 2024-09-21 06:04:24","33.904"
" 2024-09-21 06:34:29","33.934"
" 2024-09-21 06:44:47","33.904"
" 2024-09-21 07:55:05","33.934"
" 2024-09-21 08:42:11","37.148"
" 2024-09-21 08:55:10","82.434"
" 2024-09-21 09:00:50","85.499"
" 2024-09-21 09:22:26","94.574"
" 2024-09-21 09:55:52","54.256"
" 2024-09-21 10:01:24","51.251"
" 2024-09-21 10:57:44","38.278"
" 2024-09-21 11:07:54","37.445"
" 2024-09-21 11:58:34","35.362"
" 2024-09-21 12:11:03","35.124"
" 2024-09-21 12:53:59","34.708"
" 2024-09-21 13:04:32","34.648"
" 2024-09-21 13:53:55","34.44"
" 2024-09-21 14:04:04","34.41"
" 2024-09-21 14:45:42","34.351"
" 2024-09-21 15:01:23","34.321"
" 2024-09-21 15:54:55","34.232"
" 2024-09-21 16:24:06","34.202"
" 2024-09-21 16:54:42","34.142"
" 2024-09-21 17:05:01","34.113"
" 2024-09-21 17:52:12","34.232"
" 2024-09-21 18:09:11","34.261"
" 2024-09-21 18:56:30","34.41"
" 2024-09-21 19:10:01","34.44"
" 2024-09-21 19:35:59","34.47"
" 2024-09-21 20:37:04","34.44"
" 2024-09-21 21:18:06","34.47"
" 2024-09-21 21:28:15","34.44"
" 2024-09-21 21:52:09","34.44"
" 2024-09-21 23:03:09","34.41"
" 2024-09-21 23:41:14","34.202"
" 2024-09-22 00:01:26","34.172"
" 2024-09-22 00:43:58","34.083"
" 2024-09-22 01:04:09","34.053"
" 2024-09-22 01:34:00","33.994"
" 2024-09-22 02:24:07","33.964"
" 2024-09-22 02:58:14","33.904"
" 2024-09-22 03:29:52","33.934"
" 2024-09-22 03:40:32","33.904"
" 2024-09-22 03:53:09","33.934"
" 2024-09-22 04:04:04","33.875"
" 2024-09-22 04:15:16","33.904"
" 2024-09-22 04:25:33","33.845"
" 2024-09-22 04:45:05","33.875"
" 2024-09-22 05:09:02","33.845"
" 2024-09-22 06:29:55","33.815"
" 2024-09-22 06:44:02","33.845"
" 2024-09-22 06:58:52","33.815"
" 2024-09-22 07:31:45","33.845"
" 2024-09-22 08:25:55","37.028"
" 2024-09-22 08:53:26","88.534"
" 2024-09-22 09:00:31","91.539"
" 2024-09-22 09:10:09","94.544"
" 2024-09-22 09:57:44","48.692"
" 2024-09-22 10:06:13","45.687"
" 2024-09-22 10:56:46","37.713"
" 2024-09-22 11:07:19","36.999"
" 2024-09-22 11:58:39","35.362"
" 2024-09-22 12:08:40","35.243"
" 2024-09-22 12:52:47","34.886"
" 2024-09-22 13:02:49","34.827"
" 2024-09-22 13:50:47","34.648"
" 2024-09-22 14:01:35","34.618"
" 2024-09-22 14:50:27","34.559"
" 2024-09-22 15:01:52","34.529"
" 2024-09-22 15:54:59","34.47"
" 2024-09-22 16:09:48","34.41"
" 2024-09-22 16:54:10","34.202"
" 2024-09-22 17:26:50","34.142"
" 2024-09-22 17:40:20","34.113"
" 2024-09-22 17:50:45","34.202"
" 2024-09-22 18:06:57","34.261"
" 2024-09-22 18:57:46","34.41"
" 2024-09-22 19:41:29","34.44"
" 2024-09-22 20:01:39","34.41"
" 2024-09-22 20:11:50","34.38"
" 2024-09-22 20:25:51","34.41"
" 2024-09-22 21:09:17","34.38"
" 2024-09-22 21:52:40","34.291"
" 2024-09-22 22:08:36","34.202"
" 2024-09-22 22:40:53","34.083"
" 2024-09-22 23:10:49","34.053"
" 2024-09-22 23:53:09","33.934"
" 2024-09-23 00:05:22","33.904"
" 2024-09-23 00:30:42","33.875"
" 2024-09-23 01:09:40","33.845"
" 2024-09-23 01:21:43","33.875"
" 2024-09-23 01:31:48","33.845"
" 2024-09-23 02:02:40","33.815"
" 2024-09-23 02:15:39","33.785"
" 2024-09-23 03:16:29","33.755"
" 2024-09-23 03:26:46","33.785"
" 2024-09-23 03:36:56","33.726"
" 2024-09-23 03:48:30","33.755"
" 2024-09-23 04:11:37","33.726"
" 2024-09-23 05:12:06","33.696"
" 2024-09-23 05:22:08","33.726"
" 2024-09-23 05:51:48","33.696"
" 2024-09-23 06:32:13","33.666"
" 2024-09-23 06:55:22","33.696"
" 2024-09-23 07:17:46","33.666"
" 2024-09-23 07:58:39","82.732"
" 2024-09-23 08:04:50","85.767"
" 2024-09-23 08:29:47","97.877"
" 2024-09-23 08:57:49","57.887"
" 2024-09-23 09:02:11","54.852"
" 2024-09-23 09:52:28","39.558"
" 2024-09-23 10:02:37","38.457"
" 2024-09-23 10:54:50","35.6"
" 2024-09-23 11:05:15","35.362"
" 2024-09-23 11:15:33","35.154"
" 2024-09-23 11:59:16","96.538"
" 2024-09-23 12:05:04","93.354"
" 2024-09-23 12:50:30","47.264"
" 2024-09-23 13:00:32","44.259"
" 2024-09-23 13:50:53","37.177"
" 2024-09-23 14:00:55","36.582"
" 2024-09-23 14:54:02","34.975"
" 2024-09-23 15:04:12","34.856"
" 2024-09-23 15:53:04","34.41"
" 2024-09-23 16:16:59","34.291"
" 2024-09-23 16:48:45","34.142"
" 2024-09-23 17:21:32","34.172"
" 2024-09-23 17:56:08","34.232"
" 2024-09-23 18:18:23","34.291"
" 2024-09-23 18:39:28","34.321"
" 2024-09-23 19:15:05","34.351"
" 2024-09-23 19:25:53","34.321"
" 2024-09-23 20:01:31","34.351"
" 2024-09-23 20:40:36","34.261"
" 2024-09-23 20:51:17","34.291"
" 2024-09-23 21:06:25","34.261"
" 2024-09-23 21:55:51","34.023"
" 2024-09-23 22:13:03","33.994"
" 2024-09-23 22:55:38","33.904"
" 2024-09-23 23:18:07","33.875"
" 2024-09-23 23:57:20","33.845"
" 2024-09-24 00:08:18","33.785"
" 2024-09-24 00:40:03","33.726"
" 2024-09-24 02:04:39","33.696"
" 2024-09-24 02:14:42","33.666"
" 2024-09-24 02:43:52","33.666"
" 2024-09-24 03:03:58","33.636"
" 2024-09-24 03:14:30","33.666"
" 2024-09-24 03:37:55","33.607"
" 2024-09-24 03:58:15","33.636"
" 2024-09-24 04:19:03","33.607"
" 2024-09-24 05:00:37","33.577"
" 2024-09-24 05:21:19","33.607"
" 2024-09-24 05:39:10","33.577"
" 2024-09-24 06:31:16","33.547"
" 2024-09-24 07:28:30","33.517"
" 2024-09-24 07:47:08","33.577"
" 2024-09-24 08:43:13","33.517"
" 2024-09-24 08:56:51","76.364"
" 2024-09-24 09:03:32","79.399"
" 2024-09-24 09:35:26","97.52"
" 2024-09-24 09:57:56","66.545"
" 2024-09-24 10:00:46","63.48"
" 2024-09-24 10:52:28","40.718"
" 2024-09-24 11:02:30","39.29"
" 2024-09-24 11:43:24","36.136"
" 2024-09-24 11:55:37","81.66"
" 2024-09-24 12:00:53","84.755"
" 2024-09-24 12:20:57","96.865"
" 2024-09-24 12:59:16","53.513"
" 2024-09-24 13:05:04","50.507"
" 2024-09-24 13:52:08","38.903"
" 2024-09-24 14:02:17","37.891"
" 2024-09-24 14:53:36","35.362"
" 2024-09-24 15:05:10","35.094"
" 2024-09-24 15:50:11","34.499"
" 2024-09-24 16:00:21","34.44"
" 2024-09-24 16:47:17","34.142"
" 2024-09-24 17:10:18","34.113"
" 2024-09-24 17:42:04","34.232"
" 2024-09-24 18:12:08","34.261"
" 2024-09-24 18:55:38","34.351"
" 2024-09-24 19:35:05","34.321"
" 2024-09-24 19:59:02","34.261"
" 2024-09-24 20:09:19","34.291"
" 2024-09-24 20:34:47","34.232"
" 2024-09-24 21:48:46","34.202"
" 2024-09-24 21:58:49","34.172"
" 2024-09-24 22:08:59","34.142"
" 2024-09-24 22:19:55","34.113"
" 2024-09-24 22:50:41","34.113"
" 2024-09-24 23:03:15","34.083"
" 2024-09-24 23:48:59","33.845"
" 2024-09-25 00:20:15","33.785"
" 2024-09-25 00:53:58","33.755"
" 2024-09-25 01:04:55","33.726"
" 2024-09-25 01:40:01","33.696"
" 2024-09-25 02:04:35","33.666"
" 2024-09-25 02:24:50","33.636"
" 2024-09-25 02:59:50","73.508"
" 2024-09-25 03:01:00","76.602"
" 2024-09-25 03:19:55","91.837"
" 2024-09-25 03:55:57","51.757"
" 2024-09-25 04:02:23","48.722"
" 2024-09-25 04:50:46","38.129"
" 2024-09-25 05:00:56","37.237"
" 2024-09-25 05:51:47","35.035"
" 2024-09-25 06:01:57","34.856"
" 2024-09-25 06:54:50","34.232"
" 2024-09-25 07:04:52","34.202"
" 2024-09-25 07:55:50","33.934"
" 2024-09-25 08:03:26","37.832"
" 2024-09-25 08:44:21","97.52"
" 2024-09-25 08:59:48","75.769"
" 2024-09-25 09:01:43","72.764"
" 2024-09-25 09:51:16","42.682"
" 2024-09-25 10:01:18","40.807"
" 2024-09-25 10:52:40","36.225"
" 2024-09-25 11:02:50","35.838"
" 2024-09-25 11:58:28","34.797"
" 2024-09-25 12:00:47","38.754"
" 2024-09-25 12:37:04","97.728"
" 2024-09-25 12:57:48","63.927"
" 2024-09-25 13:01:01","60.862"
" 2024-09-25 13:59:04","39.528"
" 2024-09-25 14:09:15","38.367"
" 2024-09-25 14:51:20","35.809"
" 2024-09-25 15:01:29","35.481"
" 2024-09-25 15:53:44","34.589"
" 2024-09-25 16:05:03","34.499"
" 2024-09-25 16:51:23","34.232"
" 2024-09-25 17:12:44","34.202"
" 2024-09-25 17:38:28","34.321"
" 2024-09-25 18:02:40","34.351"
" 2024-09-25 18:13:29","34.321"
" 2024-09-25 18:51:41","34.321"
" 2024-09-25 19:22:36","34.261"
" 2024-09-25 19:59:09","34.291"
" 2024-09-25 20:09:55","34.261"
" 2024-09-25 20:50:30","34.232"
" 2024-09-25 21:05:49","34.261"
" 2024-09-25 21:15:57","34.232"
" 2024-09-25 22:06:49","34.202"
" 2024-09-25 22:29:57","34.232"
" 2024-09-25 22:54:11","34.142"
" 2024-09-25 23:06:24","34.053"
" 2024-09-25 23:53:23","33.845"
" 2024-09-26 00:07:09","33.815"
" 2024-09-26 00:39:35","33.726"
" 2024-09-26 01:27:48","33.696"
" 2024-09-26 01:38:01","33.666"
" 2024-09-26 02:36:19","33.577"
" 2024-09-26 02:57:02","85.172"
" 2024-09-26 03:00:54","88.296"
" 2024-09-26 03:17:53","97.341"
" 2024-09-26 03:56:20","51.281"
" 2024-09-26 04:03:01","48.246"
" 2024-09-26 04:52:24","38.04"
" 2024-09-26 05:02:33","37.207"
" 2024-09-26 05:55:24","35.005"
" 2024-09-26 06:05:34","34.827"
" 2024-09-26 06:59:39","34.232"
" 2024-09-26 07:10:59","34.202"
" 2024-09-26 07:52:54","33.994"
" 2024-09-26 08:14:46","33.934"
" 2024-09-26 08:38:03","33.875"
" 2024-09-26 08:59:24","84.16"
" 2024-09-26 09:01:58","87.195"
" 2024-09-26 09:27:49","97.758"
" 2024-09-26 09:59:28","54.435"
" 2024-09-26 10:04:52","51.37"
" 2024-09-26 10:50:39","39.409"
" 2024-09-26 11:00:41","38.308"
" 2024-09-26 11:46:45","97.579"
" 2024-09-26 11:59:36","79.042"
" 2024-09-26 12:01:24","75.977"
" 2024-09-26 12:53:22","42.89"
" 2024-09-26 13:03:24","40.956"
" 2024-09-26 13:54:27","36.314"
" 2024-09-26 14:05:07","35.868"
" 2024-09-26 14:48:13","34.886"
" 2024-09-26 15:00:11","34.737"
" 2024-09-26 15:59:13","34.351"
" 2024-09-26 16:13:06","34.291"
" 2024-09-26 16:57:05","34.083"
" 2024-09-26 17:19:43","34.113"
" 2024-09-26 17:54:32","34.232"
" 2024-09-26 18:04:36","34.261"
" 2024-09-26 19:24:51","34.291"
" 2024-09-26 20:04:42","34.261"
" 2024-09-26 21:05:27","34.291"
" 2024-09-26 21:15:44","34.261"
" 2024-09-26 21:57:55","34.291"
" 2024-09-26 22:21:10","34.261"
" 2024-09-26 22:53:50","34.232"
" 2024-09-26 23:07:07","34.172"
" 2024-09-26 23:17:43","34.202"
" 2024-09-26 23:43:11","34.113"
" 2024-09-27 00:04:16","34.142"
" 2024-09-27 00:47:21","33.904"
" 2024-09-27 01:05:07","33.845"
" 2024-09-27 01:47:34","33.726"
" 2024-09-27 02:19:59","33.696"
" 2024-09-27 03:37:09","33.666"
" 2024-09-27 03:57:43","33.696"
" 2024-09-27 04:10:56","33.666"
" 2024-09-27 04:41:35","33.636"
" 2024-09-27 04:52:46","33.666"
" 2024-09-27 05:02:54","33.636"
" 2024-09-27 05:13:28","33.607"
" 2024-09-27 06:02:05","33.577"
" 2024-09-27 06:13:09","33.607"
" 2024-09-27 06:51:19","33.607"
" 2024-09-27 07:42:10","33.577"
" 2024-09-27 08:02:52","33.607"
" 2024-09-27 08:57:24","83.446"
" 2024-09-27 09:00:37","86.57"
" 2024-09-27 09:06:47","92.67"
" 2024-09-27 09:56:10","46.49"
" 2024-09-27 10:06:12","43.545"
" 2024-09-27 10:56:21","36.79"
" 2024-09-27 11:06:31","36.225"
" 2024-09-27 11:40:44","96.478"
" 2024-09-27 11:59:54","65.414"
" 2024-09-27 12:02:52","62.379"
" 2024-09-27 12:58:41","40.302"
" 2024-09-27 13:08:51","39.022"
" 2024-09-27 13:49:14","36.225"
" 2024-09-27 14:00:02","35.838"
" 2024-09-27 14:51:13","34.856"
" 2024-09-27 15:04:51","34.737"
" 2024-09-27 15:54:58","34.529"
" 2024-09-27 16:10:03","34.44"
" 2024-09-27 16:55:11","34.142"
" 2024-09-27 17:28:07","34.232"
" 2024-09-27 17:39:02","34.261"
" 2024-09-27 18:01:25","34.291"
" 2024-09-27 18:22:38","34.261"
" 2024-09-27 18:35:59","34.321"
" 2024-09-27 19:03:32","34.261"
" 2024-09-27 19:26:41","34.291"
" 2024-09-27 19:47:16","34.261"
" 2024-09-27 20:17:29","34.291"
" 2024-09-27 21:34:47","34.261"
" 2024-09-27 21:45:04","34.291"
" 2024-09-27 22:00:30","34.232"
" 2024-09-27 22:28:40","34.172"
" 2024-09-27 22:38:42","34.202"
" 2024-09-27 23:00:34","34.142"
" 2024-09-27 23:58:19","34.023"
" 2024-09-28 00:08:21","33.964"
" 2024-09-28 00:48:52","33.815"
" 2024-09-28 01:10:03","33.785"
" 2024-09-28 01:59:44","33.696"
" 2024-09-28 02:23:47","33.666"
" 2024-09-28 04:24:33","33.636"
" 2024-09-28 04:48:59","33.607"
" 2024-09-28 06:03:25","33.577"
" 2024-09-28 06:44:45","33.547"
" 2024-09-28 07:16:08","33.577"
" 2024-09-28 07:36:27","33.398"
" 2024-09-28 07:56:15","85.142"
" 2024-09-28 08:06:17","86.838"
" 2024-09-28 08:37:48","100.168"
" 2024-09-28 08:57:51","65.712"
" 2024-09-28 09:00:49","62.677"
" 2024-09-28 09:55:21","40.51"
" 2024-09-28 10:05:22","39.23"
" 2024-09-28 10:56:41","35.928"
" 2024-09-28 11:06:59","35.63"
" 2024-09-28 11:52:54","34.886"
" 2024-09-28 12:03:11","34.827"
" 2024-09-28 12:52:27","34.529"
" 2024-09-28 13:03:54","34.499"
" 2024-09-28 13:49:57","34.351"
" 2024-09-28 14:02:26","34.321"
" 2024-09-28 14:32:00","34.261"
" 2024-09-28 15:22:33","34.232"
" 2024-09-28 15:55:45","34.053"
" 2024-09-28 16:09:08","33.994"
" 2024-09-28 16:58:23","33.845"
" 2024-09-28 17:22:49","33.904"
" 2024-09-28 17:57:48","34.083"
" 2024-09-28 18:08:13","34.053"
" 2024-09-28 18:52:28","34.142"
" 2024-09-28 19:12:47","34.113"
" 2024-09-28 19:33:45","34.142"
" 2024-09-28 19:54:04","34.113"
" 2024-09-28 20:04:37","34.142"
" 2024-09-28 20:14:39","34.113"
" 2024-09-28 20:44:52","34.142"
" 2024-09-28 21:09:57","34.172"
" 2024-09-28 21:19:59","34.142"
" 2024-09-28 21:52:09","34.172"
" 2024-09-28 22:02:57","34.113"
" 2024-09-28 22:23:32","34.142"
" 2024-09-28 22:58:15","34.083"
" 2024-09-28 23:27:19","34.053"
" 2024-09-28 23:56:06","34.023"
" 2024-09-29 00:16:12","33.964"
" 2024-09-29 00:57:21","33.785"
" 2024-09-29 01:09:42","33.696"
" 2024-09-29 01:56:31","33.607"
" 2024-09-29 02:22:45","33.577"
" 2024-09-29 02:33:26","33.607"
" 2024-09-29 02:47:09","33.577"
" 2024-09-29 03:00:34","33.607"
" 2024-09-29 03:15:12","33.577"
" 2024-09-29 03:55:58","33.577"
" 2024-09-29 04:25:58","33.547"
" 2024-09-29 05:38:54","33.488"
" 2024-09-29 05:49:50","33.517"
" 2024-09-29 06:03:49","33.488"
" 2024-09-29 07:20:07","33.458"
" 2024-09-29 07:55:37","97.936"
" 2024-09-29 08:04:52","100.971"
" 2024-09-29 08:14:54","103.5"
" 2024-09-29 08:56:50","50.775"
" 2024-09-29 09:03:39","47.77"
" 2024-09-29 09:53:01","37.832"
" 2024-09-29 10:03:18","36.999"
" 2024-09-29 10:55:46","34.886"
" 2024-09-29 11:05:57","34.737"
" 2024-09-29 11:52:31","34.232"
" 2024-09-29 12:02:32","34.202"
" 2024-09-29 12:49:13","33.994"
" 2024-09-29 13:16:36","33.934"
" 2024-09-29 13:49:16","33.875"
" 2024-09-29 14:01:44","33.845"
" 2024-09-29 14:51:15","97.46"
" 2024-09-29 14:58:50","84.785"
" 2024-09-29 15:00:23","81.75"
" 2024-09-29 15:55:44","42.682"
" 2024-09-29 16:05:50","40.748"
" 2024-09-29 16:56:14","36.136"
" 2024-09-29 17:07:02","35.69"
" 2024-09-29 17:51:23","34.886"
" 2024-09-29 18:04:45","34.737"
" 2024-09-29 18:49:14","34.499"
" 2024-09-29 19:03:38","34.44"
" 2024-09-29 19:56:57","34.351"
" 2024-09-29 20:07:01","34.321"
" 2024-09-29 20:29:30","34.291"
" 2024-09-29 21:01:16","34.321"
" 2024-09-29 21:12:57","34.261"
" 2024-09-29 21:43:32","34.261"
" 2024-09-29 22:02:02","34.232"
" 2024-09-29 22:54:08","34.053"
" 2024-09-29 23:04:33","33.994"
" 2024-09-29 23:59:33","33.785"
" 2024-09-30 00:23:28","33.755"
" 2024-09-30 00:43:39","33.666"
" 2024-09-30 01:19:23","33.607"
" 2024-09-30 01:32:07","33.636"
" 2024-09-30 01:52:18","33.577"
" 2024-09-30 03:28:12","33.547"
" 2024-09-30 03:38:14","33.577"
" 2024-09-30 03:48:31","33.547"
" 2024-09-30 04:27:42","33.517"
" 2024-09-30 04:43:46","33.488"
" 2024-09-30 05:33:48","33.458"
" 2024-09-30 05:43:57","33.488"
" 2024-09-30 05:53:59","33.458"
" 2024-09-30 06:08:53","33.428"
" 2024-09-30 06:19:03","33.458"
" 2024-09-30 06:59:17","33.458"
" 2024-09-30 07:23:41","33.428"
" 2024-09-30 07:33:52","33.398"
" 2024-09-30 08:04:20","33.428"
" 2024-09-30 08:14:28","33.398"
" 2024-09-30 08:55:22","91.807"
" 2024-09-30 09:02:11","94.812"
" 2024-09-30 09:58:14","46.49"
" 2024-09-30 10:08:15","43.545"
" 2024-09-30 10:58:47","36.79"
" 2024-09-30 11:08:57","36.225"
" 2024-09-30 11:50:29","34.946"
" 2024-09-30 12:02:27","34.737"
" 2024-09-30 12:58:05","34.291"
" 2024-09-30 13:09:17","34.232"
" 2024-09-30 13:52:36","34.113"
" 2024-09-30 14:02:38","34.142"
" 2024-09-30 14:56:21","34.023"
" 2024-09-30 15:22:36","33.994"
" 2024-09-30 16:15:43","33.934"
" 2024-09-30 16:57:15","33.755"
" 2024-09-30 17:16:07","33.726"
" 2024-09-30 17:48:49","33.845"
" 2024-09-30 18:18:45","33.875"
" 2024-09-30 18:33:03","33.934"
" 2024-09-30 18:45:16","33.904"
" 2024-09-30 20:30:25","33.934"
" 2024-09-30 20:42:09","33.904"
" 2024-09-30 21:13:32","33.875"
" 2024-09-30 21:38:06","33.845"
" 2024-09-30 21:48:25","33.875"
" 2024-09-30 22:03:03","33.845"
" 2024-09-30 22:56:34","33.815"
" 2024-09-30 23:08:17","33.845"
" 2024-09-30 23:50:28","33.696"
" 2024-10-01 00:05:00","33.636"
" 2024-10-01 00:54:46","33.488"
" 2024-10-01 01:31:17","33.428"
" 2024-10-01 01:41:27","33.458"
" 2024-10-01 02:12:58","33.398"
" 2024-10-01 02:22:59","33.428"
" 2024-10-01 02:34:47","33.398"
" 2024-10-01 03:07:21","33.369"
" 2024-10-01 03:17:24","33.398"
" 2024-10-01 03:37:51","33.398"
" 2024-10-01 04:04:27","33.369"
" 2024-10-01 04:15:01","33.398"
" 2024-10-01 04:45:07","33.369"
" 2024-10-01 05:04:15","33.398"
" 2024-10-01 05:55:51","33.339"
" 2024-10-01 06:17:04","33.369"
" 2024-10-01 06:30:25","33.339"
" 2024-10-01 07:18:49","35.243"
" 2024-10-01 07:55:51","91.956"
" 2024-10-01 08:01:30","94.991"
" 2024-10-01 08:08:27","97.996"
" 2024-10-01 08:58:36","45.985"
" 2024-10-01 09:08:38","43.039"
" 2024-10-01 09:59:18","36.463"
" 2024-10-01 10:09:27","35.898"
" 2024-10-01 10:51:16","34.678"
" 2024-10-01 11:01:33","34.499"
" 2024-10-01 11:56:05","33.994"
" 2024-10-01 12:11:39","33.934"
" 2024-10-01 12:32:52","33.845"
" 2024-10-01 13:03:51","33.785"
" 2024-10-01 13:53:16","33.726"
" 2024-10-01 14:03:42","33.696"
" 2024-10-01 14:28:31","33.666"
" 2024-10-01 15:29:50","33.636"
" 2024-10-01 15:40:01","33.607"
" 2024-10-01 16:18:44","33.577"
" 2024-10-01 16:29:09","33.607"
" 2024-10-01 16:50:20","33.577"
" 2024-10-01 17:22:31","33.517"
" 2024-10-01 17:32:48","33.547"
" 2024-10-01 17:47:51","33.488"
" 2024-10-01 17:58:09","33.547"
" 2024-10-01 18:11:08","33.577"
" 2024-10-01 18:53:35","33.726"
" 2024-10-01 19:33:35","33.755"
" 2024-10-01 19:44:23","33.785"
" 2024-10-01 22:41:43","33.845"
" 2024-10-01 22:56:08","33.755"
" 2024-10-01 23:06:33","33.696"
" 2024-10-01 23:50:18","33.577"
" 2024-10-02 00:22:36","33.517"
" 2024-10-02 00:33:56","33.547"
" 2024-10-02 00:44:22","33.488"
" 2024-10-02 01:06:45","33.428"
" 2024-10-02 01:27:44","33.398"
" 2024-10-02 01:49:03","33.398"
" 2024-10-02 02:26:49","33.339"
" 2024-10-02 02:38:01","33.369"
" 2024-10-02 02:52:30","33.339"
" 2024-10-02 03:13:09","33.309"
" 2024-10-02 03:33:45","33.339"
" 2024-10-02 04:01:46","33.309"
" 2024-10-02 04:43:07","33.279"
" 2024-10-02 04:53:09","33.309"
" 2024-10-02 05:13:29","33.279"
" 2024-10-02 05:29:32","33.309"
" 2024-10-02 07:07:49","33.279"
" 2024-10-02 07:57:55","33.25"
" 2024-10-02 08:07:57","33.279"
" 2024-10-02 08:28:49","33.22"
" 2024-10-02 08:58:18","80.054"
" 2024-10-02 09:07:03","83.059"
" 2024-10-02 09:32:24","98.234"
" 2024-10-02 09:58:40","64.105"
" 2024-10-02 10:02:00","61.011"
" 2024-10-02 11:00:11","39.825"
" 2024-10-02 11:10:13","38.605"
" 2024-10-02 11:51:50","35.928"
" 2024-10-02 12:02:30","35.719"
" 2024-10-02 12:47:11","35.065"
" 2024-10-02 13:01:28","34.946"
" 2024-10-02 13:53:59","34.618"
" 2024-10-02 14:04:32","34.47"
" 2024-10-02 14:48:56","34.232"
" 2024-10-02 15:10:18","34.172"
" 2024-10-02 15:22:31","34.202"
" 2024-10-02 15:57:53","34.083"
" 2024-10-02 16:07:57","34.053"
" 2024-10-02 16:52:46","33.696"
" 2024-10-02 17:04:36","33.636"
" 2024-10-02 17:52:52","33.964"
" 2024-10-02 18:07:25","34.053"
" 2024-10-02 18:56:19","34.232"
" 2024-10-02 19:39:26","34.261"
" 2024-10-02 20:25:51","34.232"
" 2024-10-02 21:56:08","34.202"
" 2024-10-02 22:06:11","34.142"
" 2024-10-02 22:58:33","33.666"
" 2024-10-02 23:11:56","33.577"
" 2024-10-02 23:45:01","33.458"
" 2024-10-03 00:05:14","33.398"
" 2024-10-03 00:51:54","33.339"
" 2024-10-03 01:25:31","33.309"
" 2024-10-03 01:45:53","33.279"
" 2024-10-03 02:39:10","36.285"
" 2024-10-03 02:57:49","82.196"
" 2024-10-03 03:01:18","85.32"
" 2024-10-03 03:22:46","97.49"
" 2024-10-03 03:56:59","57.113"
" 2024-10-03 04:01:37","54.108"
" 2024-10-03 04:53:27","39.26"
" 2024-10-03 05:03:29","38.189"
" 2024-10-03 05:55:26","35.452"
" 2024-10-03 06:05:59","35.184"
" 2024-10-03 06:58:12","34.113"
" 2024-10-03 07:08:22","34.023"
" 2024-10-03 07:47:58","33.755"
" 2024-10-03 08:02:15","33.696"
" 2024-10-03 08:46:30","33.577"
" 2024-10-03 08:59:14","77.852"
" 2024-10-03 09:00:47","80.917"
" 2024-10-03 09:25:28","96.151"
" 2024-10-03 09:57:22","58.571"
" 2024-10-03 10:01:28","55.536"
" 2024-10-03 10:59:59","38.278"
" 2024-10-03 11:10:09","37.326"
" 2024-10-03 11:51:42","35.124"
" 2024-10-03 12:01:52","34.856"
" 2024-10-03 12:22:19","34.499"
" 2024-10-03 12:52:09","93.295"
" 2024-10-03 13:01:02","96.359"
" 2024-10-03 13:56:39","47.294"
" 2024-10-03 14:06:40","44.289"
" 2024-10-03 14:57:13","37.148"
" 2024-10-03 15:07:24","36.523"
" 2024-10-03 15:59:44","34.946"
" 2024-10-03 16:10:09","34.767"
" 2024-10-03 16:53:37","34.142"
" 2024-10-03 17:04:41","33.994"
" 2024-10-03 17:22:34","33.964"
" 2024-10-03 17:53:49","34.202"
" 2024-10-03 18:08:21","34.261"
" 2024-10-03 18:46:48","34.351"
" 2024-10-03 19:21:00","34.38"
" 2024-10-03 20:12:28","34.41"
" 2024-10-03 20:49:13","34.38"
" 2024-10-03 21:10:13","34.351"
" 2024-10-03 21:31:03","34.38"
" 2024-10-03 21:46:21","34.321"
" 2024-10-03 22:30:51","34.351"
" 2024-10-03 22:53:29","34.202"
" 2024-10-03 23:03:31","34.023"
" 2024-10-03 23:55:14","33.547"
" 2024-10-04 00:06:41","33.488"
" 2024-10-04 00:52:44","33.369"
" 2024-10-04 01:03:17","33.398"
" 2024-10-04 01:53:18","33.309"
" 2024-10-04 02:24:41","33.279"
" 2024-10-04 02:40:07","33.22"
" 2024-10-04 02:57:44","84.13"
" 2024-10-04 03:01:05","87.165"
" 2024-10-04 03:21:24","96.27"
" 2024-10-04 03:58:20","56.905"
" 2024-10-04 04:03:05","53.87"
" 2024-10-04 04:55:33","39.141"
" 2024-10-04 05:05:35","38.1"
" 2024-10-04 05:57:17","35.392"
" 2024-10-04 06:08:44","35.124"
" 2024-10-04 06:50:17","34.321"
" 2024-10-04 07:01:06","34.202"
" 2024-10-04 07:47:23","33.755"
" 2024-10-04 07:57:02","81.869"
" 2024-10-04 08:00:54","84.874"
" 2024-10-04 08:28:17","96.806"
" 2024-10-04 08:57:21","59.464"
" 2024-10-04 09:01:13","56.458"
" 2024-10-04 09:57:57","38.695"
" 2024-10-04 10:08:06","37.653"
" 2024-10-04 10:38:43","35.69"
" 2024-10-04 10:57:45","83.565"
" 2024-10-04 11:00:34","86.659"
" 2024-10-04 11:23:06","95.526"
" 2024-10-04 11:56:32","58.66"
" 2024-10-04 12:00:55","55.595"
" 2024-10-04 12:50:41","40.123"
" 2024-10-04 13:00:43","38.903"
" 2024-10-04 13:51:47","35.719"
" 2024-10-04 14:02:04","35.422"
" 2024-10-04 14:54:56","34.559"
" 2024-10-04 15:07:40","34.44"
" 2024-10-04 15:39:57","34.261"
" 2024-10-04 16:02:19","34.232"
" 2024-10-04 16:57:30","33.904"
" 2024-10-04 17:08:42","33.785"
" 2024-10-04 17:36:35","33.666"
" 2024-10-04 17:59:15","33.904"
" 2024-10-04 18:09:48","33.994"
" 2024-10-04 18:53:55","34.202"
" 2024-10-04 19:10:31","34.232"
" 2024-10-04 19:20:33","34.202"
" 2024-10-04 19:30:41","34.232"
" 2024-10-04 20:36:19","34.261"
" 2024-10-04 21:04:04","34.232"
" 2024-10-04 22:31:11","34.172"
" 2024-10-04 22:41:29","34.202"
" 2024-10-04 22:51:31","34.172"
" 2024-10-04 23:01:33","34.202"
" 2024-10-04 23:56:05","33.964"
" 2024-10-05 00:00:00","33.964"
"",""