"Timestamp","3370-20-COMP-C-LCP-AI003"
" 2024-08-05 00:00:00","-0.012"
" 2024-08-05 00:02:53","-0.013"
" 2024-08-05 00:38:16","-0.012"
" 2024-08-05 01:25:51","-0.011"
" 2024-08-05 03:07:50","-0.01"
" 2024-08-05 03:23:32","-0.011"
" 2024-08-05 03:43:52","-0.01"
" 2024-08-05 04:04:12","-0.011"
" 2024-08-05 04:21:09","-0.01"
" 2024-08-05 04:31:20","-0.011"
" 2024-08-05 06:11:32","-0.01"
" 2024-08-05 06:21:41","-0.011"
" 2024-08-05 08:46:38","2.133"
" 2024-08-05 08:46:46","1.884"
" 2024-08-05 08:54:29","2.459"
" 2024-08-05 09:04:33","2.533"
" 2024-08-05 09:41:20","-0.009"
" 2024-08-05 09:51:28","-0.007"
" 2024-08-05 10:16:42","-0.009"
" 2024-08-05 10:26:51","-0.008"
" 2024-08-05 10:50:31","-0.008"
" 2024-08-05 11:10:42","-0.009"
" 2024-08-05 11:31:56","-0.011"
" 2024-08-05 11:53:42","-0.01"
" 2024-08-05 12:45:09","-0.011"
" 2024-08-05 14:44:12","-0.011"
" 2024-08-05 15:12:01","-0.011"
" 2024-08-05 15:55:31","-0.011"
" 2024-08-05 16:06:05","-0.009"
" 2024-08-05 16:16:15","-0.01"
" 2024-08-05 16:38:37","-0.009"
" 2024-08-05 17:05:09","-0.011"
" 2024-08-05 17:20:05","-0.009"
" 2024-08-05 17:42:00","-0.01"
" 2024-08-05 18:12:05","-0.011"
" 2024-08-05 18:58:23","-0.009"
" 2024-08-05 19:19:04","-0.011"
" 2024-08-05 19:55:51","-0.009"
" 2024-08-05 20:17:42","-0.01"
" 2024-08-05 20:37:04","-0.011"
" 2024-08-05 20:49:12","-0.01"
" 2024-08-05 21:11:01","-0.011"
" 2024-08-05 21:24:28","-0.01"
" 2024-08-05 21:56:04","-0.011"
" 2024-08-05 22:09:23","-0.01"
" 2024-08-05 22:19:30","-0.011"
" 2024-08-05 22:54:05","-0.011"
" 2024-08-05 23:50:33","0.018"
" 2024-08-05 23:57:45","2.507"
" 2024-08-05 23:58:31","-0.001"
" 2024-08-06 00:09:42","-0.012"
" 2024-08-06 00:31:03","-0.01"
" 2024-08-06 00:53:39","-0.011"
" 2024-08-06 01:33:46","-0.011"
" 2024-08-06 02:07:50","-0.011"
" 2024-08-06 03:19:08","2.301"
" 2024-08-06 03:46:16","-0.012"
" 2024-08-06 04:01:27","-0.009"
" 2024-08-06 04:24:05","-0.01"
" 2024-08-06 04:54:34","-0.009"
" 2024-08-06 05:04:36","-0.01"
" 2024-08-06 05:52:26","-0.011"
" 2024-08-06 06:25:39","-0.011"
" 2024-08-06 06:29:30","2.534"
" 2024-08-06 06:34:00","-0.014"
" 2024-08-06 06:57:17","-0.01"
" 2024-08-06 07:07:32","-0.011"
" 2024-08-06 07:39:05","-0.011"
" 2024-08-06 07:50:24","-0.011"
" 2024-08-06 08:00:57","-0.011"
" 2024-08-06 08:55:28","2.51"
" 2024-08-06 09:05:30","2.445"
" 2024-08-06 09:24:40","-0.011"
" 2024-08-06 09:57:28","-0.009"
" 2024-08-06 10:19:28","-0.008"
" 2024-08-06 10:41:00","-0.01"
" 2024-08-06 11:55:41","-0.011"
" 2024-08-06 12:34:27","-0.011"
" 2024-08-06 13:29:47","-0.011"
" 2024-08-06 14:11:16","-0.011"
" 2024-08-06 16:15:42","-0.012"
" 2024-08-06 16:29:03","-0.013"
" 2024-08-06 18:04:22","-0.011"
" 2024-08-06 18:24:37","-0.012"
" 2024-08-06 18:45:10","-0.012"
" 2024-08-06 19:54:46","-0.013"
" 2024-08-06 20:26:20","-0.014"
" 2024-08-06 20:45:36","-0.012"
" 2024-08-06 21:05:58","-0.013"
" 2024-08-06 22:34:40","-0.014"
" 2024-08-06 22:54:27","-0.012"
" 2024-08-06 23:10:49","-0.013"
" 2024-08-06 23:31:19","-0.014"
" 2024-08-06 23:53:44","-0.012"
" 2024-08-07 00:13:54","-0.013"
" 2024-08-07 01:04:02","-0.014"
" 2024-08-07 01:14:27","-0.012"
" 2024-08-07 01:57:04","-0.013"
" 2024-08-07 02:19:35","-0.012"
" 2024-08-07 02:29:36","-0.013"
" 2024-08-07 03:02:33","2.298"
" 2024-08-07 03:20:03","2.519"
" 2024-08-07 03:53:16","0.038"
" 2024-08-07 04:04:35","-0.008"
" 2024-08-07 05:12:40","-0.009"
" 2024-08-07 05:55:09","-0.011"
" 2024-08-07 06:05:11","-0.01"
" 2024-08-07 06:38:00","-0.011"
" 2024-08-07 06:48:03","-0.01"
" 2024-08-07 07:12:38","-0.011"
" 2024-08-07 07:22:40","-0.011"
" 2024-08-07 08:41:32","-0.011"
" 2024-08-07 08:54:58","2.54"
" 2024-08-07 09:05:00","2.499"
" 2024-08-07 09:41:58","-0.008"
" 2024-08-07 09:54:50","-0.007"
" 2024-08-07 10:07:25","-0.008"
" 2024-08-07 10:38:04","-0.009"
" 2024-08-07 10:48:06","-0.008"
" 2024-08-07 11:08:58","-0.01"
" 2024-08-07 11:19:23","-0.011"
" 2024-08-07 11:29:26","-0.01"
" 2024-08-07 12:35:45","-0.011"
" 2024-08-07 12:45:47","-0.01"
" 2024-08-07 13:06:00","-0.011"
" 2024-08-07 14:06:01","-0.011"
" 2024-08-07 14:32:09","-0.011"
" 2024-08-07 14:50:31","-0.011"
" 2024-08-07 15:00:51","-0.011"
" 2024-08-07 15:12:35","-0.011"
" 2024-08-07 15:22:45","-0.009"
" 2024-08-07 16:03:26","-0.01"
" 2024-08-07 16:13:29","-0.009"
" 2024-08-07 16:54:33","-0.01"
" 2024-08-07 17:04:43","-0.009"
" 2024-08-07 17:16:18","-0.011"
" 2024-08-07 17:49:57","-0.011"
" 2024-08-07 18:04:26","-0.01"
" 2024-08-07 18:25:02","-0.011"
" 2024-08-07 18:35:57","-0.01"
" 2024-08-07 19:07:30","-0.009"
" 2024-08-07 19:34:28","-0.011"
" 2024-08-07 20:15:33","-0.01"
" 2024-08-07 20:27:13","-0.011"
" 2024-08-07 21:17:16","-0.009"
" 2024-08-07 21:43:06","-0.011"
" 2024-08-07 21:57:56","-0.01"
" 2024-08-07 22:17:44","-0.011"
" 2024-08-07 22:30:47","-0.01"
" 2024-08-07 23:42:51","-0.009"
" 2024-08-08 00:04:35","-0.01"
" 2024-08-08 00:14:45","-0.011"
" 2024-08-08 00:55:22","-0.011"
" 2024-08-08 01:07:15","-0.01"
" 2024-08-08 01:55:53","-0.009"
" 2024-08-08 03:16:17","-0.01"
" 2024-08-08 04:45:00","-0.011"
" 2024-08-08 04:56:21","-0.01"
" 2024-08-08 05:22:17","-0.011"
" 2024-08-08 06:11:03","-0.01"
" 2024-08-08 06:21:11","-0.011"
" 2024-08-08 07:25:16","-0.01"
" 2024-08-08 07:49:26","-0.009"
" 2024-08-08 08:16:42","-0.011"
" 2024-08-08 08:52:43","2.484"
" 2024-08-08 09:02:45","2.505"
" 2024-08-08 09:34:15","-0.007"
" 2024-08-08 09:44:40","-0.007"
" 2024-08-08 10:03:33","-0.008"
" 2024-08-08 10:58:14","-0.009"
" 2024-08-08 11:52:33","-0.011"
" 2024-08-08 12:02:36","-0.01"
" 2024-08-08 12:12:38","-0.011"
" 2024-08-08 12:22:56","-0.01"
" 2024-08-08 13:26:17","-0.011"
" 2024-08-08 14:36:54","-0.011"
" 2024-08-08 15:14:03","-0.011"
" 2024-08-08 15:44:30","-0.011"
" 2024-08-08 17:21:25","-0.012"
" 2024-08-08 17:31:37","-0.013"
" 2024-08-08 17:51:08","-0.012"
" 2024-08-08 18:11:22","-0.013"
" 2024-08-08 18:24:19","-0.011"
" 2024-08-08 18:49:39","-0.012"
" 2024-08-08 20:04:47","-0.013"
" 2024-08-08 20:26:36","-0.012"
" 2024-08-08 20:47:19","-0.013"
" 2024-08-08 21:07:37","-0.012"
" 2024-08-08 21:17:45","-0.013"
" 2024-08-08 21:35:52","-0.011"
" 2024-08-08 22:07:06","-0.012"
" 2024-08-08 23:21:05","-0.013"
" 2024-08-08 23:35:59","-0.012"
" 2024-08-08 23:46:53","-0.013"
" 2024-08-09 00:06:49","-0.012"
" 2024-08-09 01:07:46","-0.013"
" 2024-08-09 02:13:17","-0.012"
" 2024-08-09 04:16:05","-0.013"
" 2024-08-09 04:47:04","-0.012"
" 2024-08-09 05:08:10","-0.013"
" 2024-08-09 05:18:12","-0.012"
" 2024-08-09 05:38:45","-0.013"
" 2024-08-09 06:39:45","-0.003"
" 2024-08-09 06:53:30","2.567"
" 2024-08-09 07:02:31","-0.001"
" 2024-08-09 07:38:23","-0.01"
" 2024-08-09 08:00:31","-0.011"
" 2024-08-09 08:55:11","2.532"
" 2024-08-09 09:05:13","2.461"
" 2024-08-09 09:26:34","-0.008"
" 2024-08-09 09:56:30","-0.008"
" 2024-08-09 10:47:05","-0.009"
" 2024-08-09 10:58:55","-0.01"
" 2024-08-09 11:09:51","-0.011"
" 2024-08-09 11:57:04","2.648"
" 2024-08-09 11:57:20","2.504"
" 2024-08-09 12:07:22","2.506"
" 2024-08-09 12:38:51","-0.007"
" 2024-08-09 12:49:39","-0.007"
" 2024-08-09 13:07:53","-0.008"
" 2024-08-09 13:48:11","-0.009"
" 2024-08-09 14:32:56","-0.011"
" 2024-08-09 14:54:02","-0.01"
" 2024-08-09 16:01:28","-0.011"
" 2024-08-09 17:13:25","-0.011"
" 2024-08-09 17:24:21","-0.011"
" 2024-08-09 17:58:35","-0.011"
" 2024-08-09 18:08:45","-0.011"
" 2024-08-09 18:21:11","-0.011"
" 2024-08-09 20:20:44","-0.012"
" 2024-08-09 20:40:56","-0.01"
" 2024-08-09 21:52:52","-0.009"
" 2024-08-09 22:03:01","-0.01"
" 2024-08-09 22:13:11","-0.009"
" 2024-08-09 22:23:59","-0.01"
" 2024-08-09 23:08:08","-0.009"
" 2024-08-09 23:18:17","-0.01"
" 2024-08-09 23:38:21","-0.01"
" 2024-08-10 00:20:26","-0.011"
" 2024-08-10 00:30:36","-0.01"
" 2024-08-10 01:12:48","-0.009"
" 2024-08-10 01:22:58","-0.011"
" 2024-08-10 01:33:00","-0.01"
" 2024-08-10 02:13:47","-0.011"
" 2024-08-10 02:24:04","-0.01"
" 2024-08-10 02:44:17","-0.01"
" 2024-08-10 03:04:21","-0.011"
" 2024-08-10 03:35:29","-0.01"
" 2024-08-10 04:39:40","-0.011"
" 2024-08-10 04:49:58","-0.01"
" 2024-08-10 05:00:00","-0.009"
" 2024-08-10 05:10:10","-0.01"
" 2024-08-10 05:20:12","-0.009"
" 2024-08-10 07:03:05","-0.011"
" 2024-08-10 07:13:07","-0.01"
" 2024-08-10 07:43:19","-0.01"
" 2024-08-10 08:33:17","2.168"
" 2024-08-10 08:33:24","1.934"
" 2024-08-10 08:51:17","2.51"
" 2024-08-10 09:01:27","2.461"
" 2024-08-10 09:07:46","-0.011"
" 2024-08-10 09:17:55","-0.008"
" 2024-08-10 10:24:48","-0.009"
" 2024-08-10 10:35:29","-0.011"
" 2024-08-10 11:18:28","-0.01"
" 2024-08-10 11:28:38","-0.011"
" 2024-08-10 11:39:11","-0.01"
" 2024-08-10 12:02:20","-0.011"
" 2024-08-10 12:12:38","-0.01"
" 2024-08-10 12:32:17","-0.011"
" 2024-08-10 13:36:55","-0.011"
" 2024-08-10 13:53:21","-0.011"
" 2024-08-10 14:13:58","-0.011"
" 2024-08-10 14:53:59","-0.011"
" 2024-08-10 15:06:26","-0.011"
" 2024-08-10 16:46:57","1.923"
" 2024-08-10 16:53:23","2.467"
" 2024-08-10 17:03:25","2.526"
" 2024-08-10 17:14:13","-0.011"
" 2024-08-10 17:50:08","-0.009"
" 2024-08-10 18:04:25","-0.008"
" 2024-08-10 18:36:27","-0.011"
" 2024-08-10 18:48:39","-0.009"
" 2024-08-10 19:11:51","-0.011"
" 2024-08-10 19:35:17","-0.01"
" 2024-08-10 19:46:37","-0.011"
" 2024-08-10 20:01:25","-0.01"
" 2024-08-10 20:35:22","-0.011"
" 2024-08-10 21:22:31","-0.011"
" 2024-08-10 21:50:57","-0.011"
" 2024-08-10 22:09:58","-0.011"
" 2024-08-10 23:51:27","-0.011"
" 2024-08-11 00:01:35","-0.011"
" 2024-08-11 01:12:16","-0.013"
" 2024-08-11 01:35:11","-0.011"
" 2024-08-11 01:45:19","-0.012"
" 2024-08-11 02:15:57","-0.011"
" 2024-08-11 02:36:12","-0.012"
" 2024-08-11 02:46:22","-0.011"
" 2024-08-11 03:08:50","-0.012"
" 2024-08-11 03:59:08","-0.013"
" 2024-08-11 04:22:42","-0.011"
" 2024-08-11 04:53:13","-0.013"
" 2024-08-11 05:04:09","-0.012"
" 2024-08-11 05:27:56","-0.015"
" 2024-08-11 05:52:07","-0.01"
" 2024-08-11 06:03:34","-0.011"
" 2024-08-11 06:38:33","-0.01"
" 2024-08-11 06:49:58","-0.011"
" 2024-08-11 07:01:19","-0.009"
" 2024-08-11 07:15:21","-0.011"
" 2024-08-11 07:34:38","2.512"
" 2024-08-11 07:54:43","2.387"
" 2024-08-11 08:04:45","2.381"
" 2024-08-11 08:15:41","-0.008"
" 2024-08-11 08:47:18","-0.008"
" 2024-08-11 09:29:00","-0.009"
" 2024-08-11 10:25:29","-0.011"
" 2024-08-11 11:01:22","-0.01"
" 2024-08-11 11:11:49","-0.011"
" 2024-08-11 11:51:40","-0.011"
" 2024-08-11 12:43:01","-0.011"
" 2024-08-11 13:05:16","-0.011"
" 2024-08-11 13:15:26","-0.011"
" 2024-08-11 13:50:26","-0.011"
" 2024-08-11 14:08:01","-0.011"
" 2024-08-11 15:07:36","-0.011"
" 2024-08-11 15:27:15","-0.011"
" 2024-08-11 16:54:07","-0.013"
" 2024-08-11 17:06:52","-0.012"
" 2024-08-11 17:47:51","-0.013"
" 2024-08-11 18:06:15","-0.012"
" 2024-08-11 19:12:38","-0.011"
" 2024-08-11 19:56:56","-0.012"
" 2024-08-11 20:17:23","-0.011"
" 2024-08-11 20:28:58","-0.012"
" 2024-08-11 21:58:46","-0.013"
" 2024-08-11 22:08:48","-0.012"
" 2024-08-11 22:36:48","-0.013"
" 2024-08-11 22:46:53","-0.011"
" 2024-08-11 23:02:33","-0.012"
" 2024-08-12 00:22:27","-0.013"
" 2024-08-12 00:32:30","-0.012"
" 2024-08-12 00:48:01","-0.013"
" 2024-08-12 01:28:04","-0.012"
" 2024-08-12 03:10:17","-0.013"
" 2024-08-12 03:20:20","-0.012"
" 2024-08-12 03:37:25","-0.013"
" 2024-08-12 04:39:42","-0.012"
" 2024-08-12 07:20:21","2.336"
" 2024-08-12 07:29:44","2.538"
" 2024-08-12 07:46:04","-0.011"
" 2024-08-12 08:03:16","-0.008"
" 2024-08-12 08:24:47","-0.009"
" 2024-08-12 08:52:57","2.677"
" 2024-08-12 08:53:51","2.574"
" 2024-08-12 09:03:53","2.495"
" 2024-08-12 09:52:30","-0.009"
" 2024-08-12 10:24:18","-0.008"
" 2024-08-12 10:55:49","-0.01"
" 2024-08-12 11:08:56","-0.009"
" 2024-08-12 11:29:16","-0.011"
" 2024-08-12 11:53:50","-0.01"
" 2024-08-12 12:09:24","2.382"
" 2024-08-12 12:09:31","2.583"
" 2024-08-12 12:52:06","-0.007"
" 2024-08-12 13:24:14","-0.008"
" 2024-08-12 14:05:09","-0.007"
" 2024-08-12 14:27:17","-0.006"
" 2024-08-12 14:49:01","-0.008"
" 2024-08-12 17:14:01","-0.009"
" 2024-08-12 17:21:42","-0.008"
" 2024-08-12 17:35:20","-0.01"
" 2024-08-12 17:57:50","-0.008"
" 2024-08-12 18:10:35","-0.009"
" 2024-08-12 18:42:05","-0.01"
" 2024-08-12 18:52:53","-0.009"
" 2024-08-12 19:03:57","-0.01"
" 2024-08-12 19:24:47","-0.009"
" 2024-08-12 19:55:30","-0.009"
" 2024-08-12 20:06:11","-0.01"
" 2024-08-12 22:04:07","-0.008"
" 2024-08-12 22:44:45","-0.011"
" 2024-08-12 23:04:56","-0.01"
" 2024-08-13 00:07:03","-0.009"
" 2024-08-13 00:37:32","-0.011"
" 2024-08-13 00:47:34","-0.01"
" 2024-08-13 01:07:46","-0.011"
" 2024-08-13 01:28:04","-0.009"
" 2024-08-13 01:58:42","-0.011"
" 2024-08-13 02:09:07","-0.01"
" 2024-08-13 03:20:58","-0.011"
" 2024-08-13 03:41:41","-0.01"
" 2024-08-13 04:22:58","-0.011"
" 2024-08-13 04:43:18","-0.01"
" 2024-08-13 05:13:32","-0.009"
" 2024-08-13 05:23:34","-0.01"
" 2024-08-13 05:33:36","-0.009"
" 2024-08-13 06:14:53","-0.01"
" 2024-08-13 06:25:18","-0.009"
" 2024-08-13 06:55:32","-0.01"
" 2024-08-13 07:05:41","-0.009"
" 2024-08-13 07:46:43","-0.01"
" 2024-08-13 07:56:53","-0.009"
" 2024-08-13 08:27:37","-0.011"
" 2024-08-13 08:48:51","2.517"
" 2024-08-13 08:58:53","2.516"
" 2024-08-13 09:08:55","2.457"
" 2024-08-13 09:35:56","-0.007"
" 2024-08-13 10:06:38","-0.008"
" 2024-08-13 10:59:02","-0.009"
" 2024-08-13 11:09:20","-0.008"
" 2024-08-13 11:19:23","-0.01"
" 2024-08-13 11:53:59","-0.01"
" 2024-08-13 12:01:11","0.154"
" 2024-08-13 12:01:19","2.648"
" 2024-08-13 12:53:55","-0.009"
" 2024-08-13 13:28:39","-0.008"
" 2024-08-13 13:48:59","-0.01"
" 2024-08-13 14:00:33","-0.009"
" 2024-08-13 14:12:39","-0.011"
" 2024-08-13 14:44:56","-0.01"
" 2024-08-13 15:29:50","-0.011"
" 2024-08-13 15:40:37","-0.011"
" 2024-08-13 16:05:54","-0.011"
" 2024-08-13 16:22:29","-0.011"
" 2024-08-13 17:04:40","-0.011"
" 2024-08-13 19:36:15","-0.011"
" 2024-08-13 19:48:33","-0.011"
" 2024-08-13 20:10:19","-0.012"
" 2024-08-13 20:31:50","-0.013"
" 2024-08-13 20:57:18","-0.011"
" 2024-08-13 21:18:29","-0.012"
" 2024-08-13 21:55:33","-0.011"
" 2024-08-13 22:36:31","-0.012"
" 2024-08-13 22:46:39","-0.011"
" 2024-08-13 23:20:23","-0.012"
" 2024-08-13 23:50:26","-0.011"
" 2024-08-14 00:38:50","-0.012"
" 2024-08-14 01:08:54","-0.013"
" 2024-08-14 01:19:50","-0.011"
" 2024-08-14 01:29:59","-0.012"
" 2024-08-14 03:00:10","-0.013"
" 2024-08-14 03:10:12","-0.012"
" 2024-08-14 06:03:50","-0.013"
" 2024-08-14 06:24:49","-0.012"
" 2024-08-14 07:26:12","1.096"
" 2024-08-14 07:33:33","2.478"
" 2024-08-14 07:47:12","-0.011"
" 2024-08-14 07:57:37","-0.009"
" 2024-08-14 08:07:47","-0.011"
" 2024-08-14 08:50:23","2.522"
" 2024-08-14 09:00:26","2.44"
" 2024-08-14 09:19:44","-0.009"
" 2024-08-14 09:54:52","2.677"
" 2024-08-14 09:55:07","2.561"
" 2024-08-14 10:03:22","2.457"
" 2024-08-14 10:42:53","-0.011"
" 2024-08-14 10:53:41","-0.009"
" 2024-08-14 11:18:32","-0.007"
" 2024-08-14 11:39:17","-0.009"
" 2024-08-14 12:15:36","-0.011"
" 2024-08-14 12:25:40","-0.01"
" 2024-08-14 13:15:44","-0.011"
" 2024-08-14 14:02:06","-0.011"
" 2024-08-14 14:22:51","-0.011"
" 2024-08-14 14:35:44","-0.011"
" 2024-08-14 15:20:45","-0.011"
" 2024-08-14 16:07:55","-0.012"
" 2024-08-14 16:28:39","-0.011"
" 2024-08-14 16:38:42","-0.012"
" 2024-08-14 18:27:22","-0.011"
" 2024-08-14 19:10:58","-0.012"
" 2024-08-14 19:54:37","-0.011"
" 2024-08-14 21:00:25","-0.012"
" 2024-08-14 21:15:57","-0.011"
" 2024-08-14 22:07:13","-0.012"
" 2024-08-14 22:52:14","-0.011"
" 2024-08-14 23:12:28","-0.012"
" 2024-08-15 00:05:06","-0.011"
" 2024-08-15 00:21:26","-0.012"
" 2024-08-15 01:52:28","-0.013"
" 2024-08-15 02:02:31","-0.012"
" 2024-08-15 02:12:33","-0.013"
" 2024-08-15 02:31:42","-0.012"
" 2024-08-15 06:02:21","-0.011"
" 2024-08-15 06:12:23","-0.012"
" 2024-08-15 08:41:36","-0.013"
" 2024-08-15 08:54:54","2.474"
" 2024-08-15 09:04:56","2.522"
" 2024-08-15 09:23:43","-0.011"
" 2024-08-15 09:55:52","-0.008"
" 2024-08-15 10:09:31","-0.01"
" 2024-08-15 10:29:50","-0.011"
" 2024-08-15 10:39:52","-0.01"
" 2024-08-15 11:27:35","-0.011"
" 2024-08-15 11:37:39","-0.011"
" 2024-08-15 12:33:22","-0.011"
" 2024-08-15 12:43:24","-0.011"
" 2024-08-15 12:56:00","-0.011"
" 2024-08-15 13:22:36","-0.011"
" 2024-08-15 14:01:36","-0.012"
" 2024-08-15 14:37:45","-0.013"
" 2024-08-15 14:52:31","-0.012"
" 2024-08-15 16:00:14","-0.013"
" 2024-08-15 16:26:29","-0.011"
" 2024-08-15 16:38:49","-0.012"
" 2024-08-15 17:00:10","-0.011"
" 2024-08-15 17:21:52","-0.012"
" 2024-08-15 17:54:02","-0.012"
" 2024-08-15 19:40:14","-0.013"
" 2024-08-15 20:06:27","-0.012"
" 2024-08-15 20:17:37","-0.013"
" 2024-08-15 20:37:51","-0.011"
" 2024-08-15 21:54:06","-0.012"
" 2024-08-15 22:04:18","-0.011"
" 2024-08-15 22:16:14","-0.012"
" 2024-08-15 23:31:01","-0.013"
" 2024-08-15 23:41:11","-0.012"
" 2024-08-16 00:13:51","-0.013"
" 2024-08-16 00:24:16","-0.011"
" 2024-08-16 00:53:49","-0.012"
" 2024-08-16 03:35:32","-0.013"
" 2024-08-16 03:45:49","-0.012"
" 2024-08-16 04:20:07","-0.013"
" 2024-08-16 04:40:44","-0.011"
" 2024-08-16 05:02:10","-0.012"
" 2024-08-16 05:57:52","2.488"
" 2024-08-16 06:05:22","2.591"
" 2024-08-16 06:43:56","-0.009"
" 2024-08-16 06:54:05","-0.008"
" 2024-08-16 07:17:14","-0.009"
" 2024-08-16 07:37:34","-0.011"
" 2024-08-16 07:59:11","-0.009"
" 2024-08-16 08:09:52","-0.01"
" 2024-08-16 08:38:53","-0.011"
" 2024-08-16 08:49:50","2.518"
" 2024-08-16 08:59:52","2.512"
" 2024-08-16 09:09:54","2.451"
" 2024-08-16 09:26:52","-0.01"
" 2024-08-16 09:55:24","-0.009"
" 2024-08-16 10:05:49","-0.008"
" 2024-08-16 10:36:26","-0.011"
" 2024-08-16 11:17:25","-0.01"
" 2024-08-16 11:37:51","-0.011"
" 2024-08-16 12:17:29","-0.011"
" 2024-08-16 12:28:41","-0.011"
" 2024-08-16 13:06:58","-0.011"
" 2024-08-16 13:56:40","2.474"
" 2024-08-16 14:06:42","2.529"
" 2024-08-16 14:34:21","-0.011"
" 2024-08-16 14:50:16","-0.008"
" 2024-08-16 15:00:35","-0.009"
" 2024-08-16 15:21:02","-0.008"
" 2024-08-16 15:53:58","-0.011"
" 2024-08-16 16:04:00","-0.01"
" 2024-08-16 16:24:58","-0.011"
" 2024-08-16 16:58:37","-0.011"
" 2024-08-16 17:12:10","-0.011"
" 2024-08-16 17:22:36","-0.01"
" 2024-08-16 17:43:49","-0.011"
" 2024-08-16 19:06:30","-0.011"
" 2024-08-16 19:51:08","-0.012"
" 2024-08-16 20:02:06","-0.011"
" 2024-08-16 20:14:02","-0.012"
" 2024-08-16 20:58:17","-0.011"
" 2024-08-16 23:05:33","-0.012"
" 2024-08-16 23:36:05","-0.013"
" 2024-08-16 23:46:07","-0.011"
" 2024-08-17 00:33:59","-0.012"
" 2024-08-17 01:12:26","-0.011"
" 2024-08-17 01:22:29","-0.012"
" 2024-08-17 01:33:18","-0.011"
" 2024-08-17 02:03:52","-0.012"
" 2024-08-17 02:46:21","-0.013"
" 2024-08-17 03:06:24","-0.012"
" 2024-08-17 03:30:51","-0.011"
" 2024-08-17 03:40:58","-0.012"
" 2024-08-17 05:41:55","-0.013"
" 2024-08-17 05:58:29","-0.012"
" 2024-08-17 08:11:15","2.249"
" 2024-08-17 08:12:16","1.928"
" 2024-08-17 08:29:23","2.536"
" 2024-08-17 08:59:28","2.386"
" 2024-08-17 08:59:59","-0.008"
" 2024-08-17 09:10:24","-0.007"
" 2024-08-17 09:31:13","-0.008"
" 2024-08-17 10:33:23","-0.009"
" 2024-08-17 10:43:33","-0.01"
" 2024-08-17 10:56:17","-0.009"
" 2024-08-17 11:18:55","-0.011"
" 2024-08-17 12:42:17","-0.01"
" 2024-08-17 13:19:02","-0.011"
" 2024-08-17 13:32:26","-0.011"
" 2024-08-17 13:45:46","-0.011"
" 2024-08-17 16:10:06","-0.011"
" 2024-08-17 16:20:10","-0.011"
" 2024-08-17 16:33:40","-0.011"
" 2024-08-17 17:23:09","-0.012"
" 2024-08-17 17:35:22","-0.011"
" 2024-08-17 17:57:37","-0.012"
" 2024-08-17 18:17:58","-0.013"
" 2024-08-17 18:31:06","-0.012"
" 2024-08-17 19:26:39","-0.011"
" 2024-08-17 20:47:01","-0.012"
" 2024-08-17 21:00:39","-0.011"
" 2024-08-17 21:11:34","-0.012"
" 2024-08-17 21:36:56","-0.012"
" 2024-08-17 22:27:06","-0.013"
" 2024-08-17 22:37:31","-0.012"
" 2024-08-17 23:05:57","-0.013"
" 2024-08-17 23:26:08","-0.011"
" 2024-08-17 23:36:16","-0.012"
" 2024-08-18 00:46:32","-0.013"
" 2024-08-18 00:57:12","-0.012"
" 2024-08-18 01:11:58","-0.013"
" 2024-08-18 01:41:39","-0.012"
" 2024-08-18 02:26:36","2.283"
" 2024-08-18 02:27:07","2.017"
" 2024-08-18 02:41:31","2.592"
" 2024-08-18 02:59:00","2.431"
" 2024-08-18 03:09:10","2.378"
" 2024-08-18 03:15:13","-0.008"
" 2024-08-18 04:36:38","-0.009"
" 2024-08-18 04:58:38","-0.01"
" 2024-08-18 05:20:37","-0.009"
" 2024-08-18 05:34:00","-0.011"
" 2024-08-18 06:21:58","-0.01"
" 2024-08-18 06:32:54","-0.011"
" 2024-08-18 06:43:58","-0.01"
" 2024-08-18 07:15:28","-0.011"
" 2024-08-18 07:42:06","2.592"
" 2024-08-18 07:52:07","2.521"
" 2024-08-18 08:02:09","2.458"
" 2024-08-18 08:10:00","-0.014"
" 2024-08-18 08:48:12","-0.009"
" 2024-08-18 09:12:00","2.064"
" 2024-08-18 09:12:08","2.704"
" 2024-08-18 09:40:34","-0.008"
" 2024-08-18 10:50:55","-0.009"
" 2024-08-18 11:01:28","-0.008"
" 2024-08-18 11:12:17","-0.01"
" 2024-08-18 11:35:11","-0.009"
" 2024-08-18 12:01:56","-0.011"
" 2024-08-18 12:28:49","-0.01"
" 2024-08-18 12:42:19","-0.011"
" 2024-08-18 13:24:15","-0.01"
" 2024-08-18 13:48:39","-0.011"
" 2024-08-18 14:02:11","-0.011"
" 2024-08-18 14:15:39","-0.011"
" 2024-08-18 14:30:22","-0.011"
" 2024-08-18 15:35:28","-0.011"
" 2024-08-18 15:51:32","-0.011"
" 2024-08-18 17:07:09","-0.011"
" 2024-08-18 17:32:06","-0.011"
" 2024-08-18 17:56:40","-0.011"
" 2024-08-18 18:08:59","-0.011"
" 2024-08-18 18:39:00","-0.011"
" 2024-08-18 18:55:51","-0.012"
" 2024-08-18 20:06:51","-0.011"
" 2024-08-18 20:16:59","-0.012"
" 2024-08-18 20:58:24","-0.011"
" 2024-08-18 21:18:29","-0.012"
" 2024-08-18 21:31:42","-0.011"
" 2024-08-18 21:42:56","-0.012"
" 2024-08-18 22:03:07","-0.011"
" 2024-08-18 22:34:07","-0.009"
" 2024-08-18 23:02:25","-0.01"
" 2024-08-18 23:23:46","-0.011"
" 2024-08-18 23:33:47","-0.009"
" 2024-08-18 23:55:02","-0.011"
" 2024-08-19 01:01:01","-0.009"
" 2024-08-19 01:11:04","-0.01"
" 2024-08-19 01:40:14","-0.01"
" 2024-08-19 02:01:05","2.193"
" 2024-08-19 02:19:59","-0.011"
" 2024-08-19 03:18:07","-0.011"
" 2024-08-19 03:44:15","-0.01"
" 2024-08-19 03:56:51","-0.011"
" 2024-08-19 06:03:09","-0.011"
" 2024-08-19 06:14:19","-0.011"
" 2024-08-19 07:24:19","-0.011"
" 2024-08-19 07:51:10","-0.012"
" 2024-08-19 08:11:47","-0.011"
" 2024-08-19 08:24:14","-0.012"
" 2024-08-19 08:30:42","2.385"
" 2024-08-19 08:56:25","-0.011"
" 2024-08-19 09:09:24","-0.009"
" 2024-08-19 09:55:20","-0.011"
" 2024-08-19 09:57:38","2.642"
" 2024-08-19 10:02:24","2.542"
" 2024-08-19 10:27:21","-0.01"
" 2024-08-19 10:40:43","-0.009"
" 2024-08-19 11:21:23","-0.008"
" 2024-08-19 11:45:18","-0.011"
" 2024-08-19 12:18:06","-0.01"
" 2024-08-19 13:45:40","-0.011"
" 2024-08-19 14:16:27","-0.011"
" 2024-08-19 14:50:24","-0.011"
" 2024-08-19 15:00:49","-0.011"
" 2024-08-19 15:12:08","-0.011"
" 2024-08-19 15:47:46","-0.011"
" 2024-08-19 17:42:22","-0.011"
" 2024-08-19 17:52:38","-0.011"
" 2024-08-19 18:12:11","-0.012"
" 2024-08-19 18:24:10","-0.013"
" 2024-08-19 18:34:20","-0.011"
" 2024-08-19 18:56:10","-0.012"
" 2024-08-19 19:28:05","-0.011"
" 2024-08-19 19:38:09","-0.012"
" 2024-08-19 19:58:20","-0.012"
" 2024-08-19 20:29:12","-0.011"
" 2024-08-19 20:51:10","-0.012"
" 2024-08-19 21:51:46","-0.013"
" 2024-08-19 22:11:02","-0.011"
" 2024-08-19 22:53:28","-0.012"
" 2024-08-19 23:52:01","-0.011"
" 2024-08-20 00:02:08","-0.012"
" 2024-08-20 01:26:57","-0.013"
" 2024-08-20 01:50:51","-0.012"
" 2024-08-20 02:10:55","-0.013"
" 2024-08-20 02:28:22","-0.012"
" 2024-08-20 05:09:44","-0.013"
" 2024-08-20 05:30:19","-0.012"
" 2024-08-20 06:33:11","-0.013"
" 2024-08-20 06:59:34","2.487"
" 2024-08-20 07:03:03","-0.013"
" 2024-08-20 07:48:12","-0.009"
" 2024-08-20 08:01:27","-0.01"
" 2024-08-20 08:11:37","-0.011"
" 2024-08-20 08:23:11","-0.01"
" 2024-08-20 09:05:23","-0.011"
" 2024-08-20 09:15:54","-0.011"
" 2024-08-20 09:59:31","-0.011"
" 2024-08-20 10:12:15","-0.011"
" 2024-08-20 12:09:10","-0.011"
" 2024-08-20 12:44:38","-0.011"
" 2024-08-20 12:54:49","-0.011"
" 2024-08-20 13:26:50","-0.011"
" 2024-08-20 13:39:48","-0.011"
" 2024-08-20 14:43:27","-0.012"
" 2024-08-20 14:56:13","-0.013"
" 2024-08-20 15:06:15","-0.012"
" 2024-08-20 16:10:55","-0.011"
" 2024-08-20 16:21:37","-0.012"
" 2024-08-20 16:47:12","-0.012"
" 2024-08-20 18:07:53","-0.011"
" 2024-08-20 18:24:57","-0.012"
" 2024-08-20 19:40:35","-0.013"
" 2024-08-20 20:01:48","-0.012"
" 2024-08-20 22:10:12","-0.013"
" 2024-08-20 22:48:42","-0.012"
" 2024-08-20 23:00:07","-0.013"
" 2024-08-20 23:22:18","-0.012"
" 2024-08-21 01:04:37","-0.013"
" 2024-08-21 01:14:39","-0.012"
" 2024-08-21 01:24:41","-0.013"
" 2024-08-21 02:05:52","-0.012"
" 2024-08-21 02:40:04","-0.013"
" 2024-08-21 03:11:15","-0.012"
" 2024-08-21 03:21:17","-0.013"
" 2024-08-21 03:48:09","-0.013"
" 2024-08-21 04:37:37","-0.012"
" 2024-08-21 04:47:39","-0.013"
" 2024-08-21 05:26:45","-0.012"
" 2024-08-21 06:41:32","1.38"
" 2024-08-21 06:47:43","2.403"
" 2024-08-21 06:48:44","-0.013"
" 2024-08-21 06:58:47","-0.011"
" 2024-08-21 07:21:41","-0.01"
" 2024-08-21 07:33:24","-0.011"
" 2024-08-21 07:45:22","-0.01"
" 2024-08-21 08:24:19","-0.011"
" 2024-08-21 08:36:59","-0.011"
" 2024-08-21 08:50:12","-0.011"
" 2024-08-21 09:01:18","-0.011"
" 2024-08-21 09:13:16","-0.011"
" 2024-08-21 09:31:46","-0.011"
" 2024-08-21 10:07:35","-0.011"
" 2024-08-21 10:18:54","-0.011"
" 2024-08-21 12:15:56","-0.012"
" 2024-08-21 13:35:41","-0.011"
" 2024-08-21 14:08:02","-0.012"
" 2024-08-21 14:18:10","-0.011"
" 2024-08-21 14:46:38","-0.011"
" 2024-08-21 15:00:30","-0.012"
" 2024-08-21 15:59:12","-0.013"
" 2024-08-21 16:14:56","-0.012"
" 2024-08-21 16:37:13","-0.011"
" 2024-08-21 16:50:11","-0.012"
" 2024-08-21 17:10:33","-0.013"
" 2024-08-21 17:43:37","-0.011"
" 2024-08-21 17:56:14","-0.012"
" 2024-08-21 18:16:34","-0.011"
" 2024-08-21 18:49:46","-0.013"
" 2024-08-21 19:00:19","-0.012"
" 2024-08-21 19:31:36","-0.013"
" 2024-08-21 19:41:38","-0.012"
" 2024-08-21 20:01:58","-0.013"
" 2024-08-21 20:22:39","-0.011"
" 2024-08-21 20:49:28","-0.012"
" 2024-08-21 21:03:43","-0.011"
" 2024-08-21 23:35:44","-0.012"
" 2024-08-22 00:18:52","-0.013"
" 2024-08-22 00:40:08","-0.012"
" 2024-08-22 01:00:13","-0.013"
" 2024-08-22 01:11:33","-0.012"
" 2024-08-22 01:57:40","-0.012"
" 2024-08-22 04:07:49","-0.013"
" 2024-08-22 04:31:04","-0.012"
" 2024-08-22 04:56:03","-0.013"
" 2024-08-22 06:05:06","-0.012"
" 2024-08-22 06:24:29","-0.013"
" 2024-08-22 06:48:50","-0.012"
" 2024-08-22 07:21:59","-0.013"
" 2024-08-22 07:52:29","-0.012"
" 2024-08-22 08:11:52","-0.013"
" 2024-08-22 08:22:04","-0.012"
" 2024-08-22 08:55:00","-0.012"
" 2024-08-22 21:34:53","-0.011"
" 2024-08-22 21:44:55","-0.012"
" 2024-08-23 00:02:56","-0.013"
" 2024-08-23 00:23:23","-0.012"
" 2024-08-23 00:47:24","-0.013"
" 2024-08-23 01:00:40","-0.012"
" 2024-08-23 01:19:02","-0.013"
" 2024-08-23 01:45:18","-0.012"
" 2024-08-23 02:11:15","-0.013"
" 2024-08-23 02:21:59","-0.012"
" 2024-08-23 02:54:14","-0.012"
" 2024-08-23 07:19:44","0.23"
" 2024-08-23 07:26:49","2.459"
" 2024-08-23 07:27:43","-0.013"
" 2024-08-23 07:54:59","-0.01"
" 2024-08-23 08:09:00","-0.009"
" 2024-08-23 08:36:31","-0.011"
" 2024-08-23 09:26:25","-0.011"
" 2024-08-23 09:43:08","-0.011"
" 2024-08-23 10:41:48","-0.011"
" 2024-08-23 10:52:36","-0.011"
" 2024-08-23 12:10:11","-0.011"
" 2024-08-23 12:20:19","-0.011"
" 2024-08-23 13:40:07","-0.011"
" 2024-08-23 13:50:32","-0.011"
" 2024-08-23 14:06:29","-0.012"
" 2024-08-23 14:40:37","-0.011"
" 2024-08-23 15:06:44","-0.012"
" 2024-08-23 15:40:03","-0.011"
" 2024-08-23 16:30:06","-0.012"
" 2024-08-23 17:35:24","-0.011"
" 2024-08-23 18:05:23","-0.012"
" 2024-08-23 19:35:12","-0.013"
" 2024-08-23 19:45:29","-0.012"
" 2024-08-23 20:08:00","-0.013"
" 2024-08-23 20:18:55","-0.012"
" 2024-08-23 21:33:53","-0.013"
" 2024-08-23 21:54:05","-0.011"
" 2024-08-23 22:06:50","-0.012"
" 2024-08-23 22:24:55","-0.011"
" 2024-08-23 22:43:29","-0.012"
" 2024-08-23 23:10:36","-0.011"
" 2024-08-23 23:32:43","-0.012"
" 2024-08-24 00:23:03","-0.013"
" 2024-08-24 00:39:06","-0.012"
" 2024-08-24 00:49:56","-0.013"
" 2024-08-24 01:21:18","-0.012"
" 2024-08-24 02:10:33","-0.013"
" 2024-08-24 02:41:02","-0.012"
" 2024-08-24 05:40:21","-0.013"
" 2024-08-24 06:00:08","-0.012"
" 2024-08-24 06:10:12","-0.013"
" 2024-08-24 06:56:51","-0.013"
" 2024-08-24 07:07:10","-0.012"
" 2024-08-24 07:22:57","-0.013"
" 2024-08-24 07:46:54","-0.013"
" 2024-08-24 08:00:18","-0.012"
" 2024-08-24 08:34:31","-0.013"
" 2024-08-24 08:58:49","2.422"
" 2024-08-24 09:03:50","2.526"
" 2024-08-24 09:55:32","-0.007"
" 2024-08-24 10:19:41","-0.008"
" 2024-08-24 11:11:11","-0.01"
" 2024-08-24 11:21:36","-0.009"
" 2024-08-24 11:56:14","-0.011"
" 2024-08-24 12:34:18","-0.01"
" 2024-08-24 12:46:16","-0.011"
" 2024-08-24 13:16:37","-0.01"
" 2024-08-24 13:51:28","-0.011"
" 2024-08-24 14:21:08","-0.011"
" 2024-08-24 14:37:07","-0.011"
" 2024-08-24 14:55:55","-0.011"
" 2024-08-24 15:53:24","-0.011"
" 2024-08-24 16:35:23","-0.011"
" 2024-08-24 16:49:01","-0.011"
" 2024-08-24 17:38:32","-0.011"
" 2024-08-24 17:59:17","-0.011"
" 2024-08-24 18:09:19","-0.012"
" 2024-08-24 18:55:45","-0.011"
" 2024-08-24 19:18:13","-0.012"
" 2024-08-24 20:13:59","-0.011"
" 2024-08-24 22:22:23","-0.012"
" 2024-08-24 23:09:35","-0.011"
" 2024-08-24 23:27:26","-0.012"
" 2024-08-25 00:48:54","-0.011"
" 2024-08-25 00:59:34","-0.01"
" 2024-08-25 01:09:42","-0.009"
" 2024-08-25 01:23:37","-0.01"
" 2024-08-25 01:55:29","-0.009"
" 2024-08-25 02:05:41","-0.011"
" 2024-08-25 02:15:50","-0.009"
" 2024-08-25 02:56:53","-0.011"
" 2024-08-25 03:06:55","-0.01"
" 2024-08-25 03:47:26","-0.011"
" 2024-08-25 04:18:34","-0.01"
" 2024-08-25 04:48:47","-0.011"
" 2024-08-25 04:58:57","-0.01"
" 2024-08-25 07:02:57","-0.009"
" 2024-08-25 07:13:08","-0.01"
" 2024-08-25 08:05:12","-0.009"
" 2024-08-25 08:15:52","-0.01"
" 2024-08-25 09:07:58","-0.009"
" 2024-08-25 09:20:12","-0.01"
" 2024-08-25 09:43:44","-0.01"
" 2024-08-25 10:54:44","-0.009"
" 2024-08-25 11:06:27","-0.01"
" 2024-08-25 12:17:36","-0.009"
" 2024-08-25 12:47:42","-0.01"
" 2024-08-25 12:57:44","-0.009"
" 2024-08-25 13:08:09","-0.01"
" 2024-08-25 13:29:15","-0.009"
" 2024-08-25 13:42:29","-0.01"
" 2024-08-25 16:12:51","-0.009"
" 2024-08-25 16:23:24","-0.01"
" 2024-08-25 18:19:17","-0.009"
" 2024-08-25 18:32:48","-0.01"
" 2024-08-25 19:04:03","-0.011"
" 2024-08-25 20:02:27","-0.009"
" 2024-08-25 20:15:11","-0.011"
" 2024-08-25 20:47:36","-0.01"
" 2024-08-25 21:09:56","-0.009"
" 2024-08-25 21:20:16","-0.011"
" 2024-08-25 21:57:55","-0.01"
" 2024-08-25 22:08:37","-0.011"
" 2024-08-25 22:21:19","-0.01"
" 2024-08-25 22:32:56","-0.011"
" 2024-08-25 23:20:32","-0.009"
" 2024-08-25 23:40:59","-0.01"
" 2024-08-25 23:51:09","-0.009"
" 2024-08-26 00:24:51","-0.011"
" 2024-08-26 00:47:29","-0.009"
" 2024-08-26 00:57:37","-0.011"
" 2024-08-26 01:07:50","-0.009"
" 2024-08-26 01:42:02","-0.011"
" 2024-08-26 01:52:20","-0.009"
" 2024-08-26 03:45:45","-0.01"
" 2024-08-26 04:01:48","-0.009"
" 2024-08-26 04:38:45","-0.01"
" 2024-08-26 05:03:09","-0.009"
" 2024-08-26 05:15:47","-0.01"
" 2024-08-26 06:06:18","-0.009"
" 2024-08-26 06:26:55","-0.01"
" 2024-08-26 07:43:46","-0.009"
" 2024-08-26 07:54:11","-0.01"
" 2024-08-26 08:04:14","-0.009"
" 2024-08-26 08:14:24","-0.01"
" 2024-08-26 09:20:17","-0.009"
" 2024-08-26 09:31:37","-0.01"
" 2024-08-26 10:26:12","-0.009"
" 2024-08-26 10:36:21","-0.01"
" 2024-08-26 12:43:40","-0.009"
" 2024-08-26 12:54:05","-0.01"
" 2024-08-26 14:02:36","-0.009"
" 2024-08-26 14:15:20","-0.01"
" 2024-08-26 15:19:31","-0.009"
" 2024-08-26 15:32:46","-0.01"
" 2024-08-26 16:30:53","-0.009"
" 2024-08-26 16:51:53","-0.01"
" 2024-08-26 18:06:36","-0.011"
" 2024-08-26 19:10:02","-0.009"
" 2024-08-26 19:21:36","-0.01"
" 2024-08-26 19:42:17","-0.009"
" 2024-08-26 20:22:19","-0.01"
" 2024-08-26 20:56:37","-0.009"
" 2024-08-26 21:09:31","-0.01"
" 2024-08-26 21:20:04","-0.009"
" 2024-08-26 21:54:31","-0.01"
" 2024-08-26 22:14:43","-0.009"
" 2024-08-27 00:57:53","-0.011"
" 2024-08-27 01:08:57","-0.009"
" 2024-08-27 01:55:09","-0.01"
" 2024-08-27 02:06:42","-0.009"
" 2024-08-27 02:21:30","-0.01"
" 2024-08-27 03:13:06","-0.009"
" 2024-08-27 03:47:49","-0.01"
" 2024-08-27 04:02:19","-0.009"
" 2024-08-27 04:29:38","-0.01"
" 2024-08-27 04:53:56","-0.01"
" 2024-08-27 05:04:04","-0.009"
" 2024-08-27 05:40:38","-0.01"
" 2024-08-27 06:02:05","-0.009"
" 2024-08-27 06:18:05","-0.01"
" 2024-08-27 06:53:10","-0.009"
" 2024-08-27 07:04:47","-0.01"
" 2024-08-27 07:15:27","2.484"
" 2024-08-27 07:20:52","-0.013"
" 2024-08-27 07:56:14","-0.011"
" 2024-08-27 08:22:13","-0.009"
" 2024-08-27 08:33:55","-0.011"
" 2024-08-27 08:47:34","2.579"
" 2024-08-27 08:59:39","2.524"
" 2024-08-27 09:09:41","2.451"
" 2024-08-27 09:15:05","-0.011"
" 2024-08-27 09:49:24","-0.008"
" 2024-08-27 10:29:34","-0.01"
" 2024-08-27 10:52:45","-0.009"
" 2024-08-27 11:15:48","-0.011"
" 2024-08-27 11:40:30","-0.01"
" 2024-08-27 11:50:32","-0.011"
" 2024-08-27 12:11:31","-0.01"
" 2024-08-27 12:52:56","-0.011"
" 2024-08-27 14:06:05","-0.011"
" 2024-08-27 14:17:08","-0.011"
" 2024-08-27 14:48:25","-0.011"
" 2024-08-27 15:04:31","-0.011"
" 2024-08-27 15:25:50","-0.011"
" 2024-08-27 15:55:42","-0.011"
" 2024-08-27 16:55:27","-0.011"
" 2024-08-27 17:08:55","-0.011"
" 2024-08-27 17:20:31","-0.012"
" 2024-08-27 19:20:34","-0.011"
" 2024-08-27 21:20:13","-0.012"
" 2024-08-27 21:55:03","-0.011"
" 2024-08-27 22:05:31","-0.012"
" 2024-08-27 22:15:33","-0.011"
" 2024-08-27 22:27:39","-0.012"
" 2024-08-27 23:45:29","-0.011"
" 2024-08-28 00:05:36","-0.012"
" 2024-08-28 00:15:53","-0.011"
" 2024-08-28 00:26:01","-0.012"
" 2024-08-28 01:00:10","-0.013"
" 2024-08-28 01:13:49","-0.011"
" 2024-08-28 01:37:20","-0.012"
" 2024-08-28 03:41:09","-0.013"
" 2024-08-28 04:06:15","-0.012"
" 2024-08-28 04:51:40","-0.013"
" 2024-08-28 05:07:28","-0.012"
" 2024-08-28 08:27:45","-0.011"
" 2024-08-28 08:48:52","-0.012"
" 2024-08-28 09:02:07","-0.011"
" 2024-08-28 09:52:50","-0.012"
" 2024-08-28 10:03:01","-0.011"
" 2024-08-28 10:13:03","-0.012"
" 2024-08-28 10:55:23","-0.012"
" 2024-08-28 11:05:56","-0.011"
" 2024-08-28 11:17:24","-0.012"
" 2024-08-28 11:39:17","-0.011"
" 2024-08-28 12:05:46","-0.012"
" 2024-08-28 12:21:28","-0.011"
" 2024-08-28 13:14:55","-0.012"
" 2024-08-28 13:35:46","-0.011"
" 2024-08-28 13:58:46","-0.012"
" 2024-08-28 16:30:57","-0.013"
" 2024-08-28 16:41:00","-0.012"
" 2024-08-28 16:52:12","-0.013"
" 2024-08-28 17:07:13","-0.012"
" 2024-08-28 18:07:23","-0.011"
" 2024-08-28 18:31:40","-0.012"
" 2024-08-28 19:01:57","-0.011"
" 2024-08-28 20:21:45","-0.012"
" 2024-08-28 20:31:55","-0.011"
" 2024-08-28 20:41:57","-0.012"
" 2024-08-28 21:17:44","-0.011"
" 2024-08-28 21:29:58","-0.012"
" 2024-08-28 22:03:19","-0.011"
" 2024-08-28 22:29:47","-0.012"
" 2024-08-28 23:24:01","-0.013"
" 2024-08-28 23:44:28","-0.012"
" 2024-08-29 00:04:41","-0.013"
" 2024-08-29 00:51:47","-0.011"
" 2024-08-29 01:10:39","-0.012"
" 2024-08-29 05:30:54","-0.013"
" 2024-08-29 05:41:01","-0.012"
" 2024-08-29 06:05:30","-0.013"
" 2024-08-29 06:16:01","-0.012"
" 2024-08-29 06:29:25","-0.013"
" 2024-08-29 06:59:53","-0.012"
" 2024-08-29 07:15:29","-0.013"
" 2024-08-29 08:17:14","-0.012"
" 2024-08-29 12:31:03","-0.011"
" 2024-08-29 13:19:25","-0.012"
" 2024-08-29 14:08:11","-0.012"
" 2024-08-29 14:48:20","-0.011"
" 2024-08-29 14:58:22","-0.012"
" 2024-08-29 15:08:55","-0.011"
" 2024-08-29 15:23:51","-0.012"
" 2024-08-29 15:55:29","-0.011"
" 2024-08-29 16:06:18","-0.012"
" 2024-08-29 17:18:36","-0.011"
" 2024-08-29 17:46:40","-0.012"
" 2024-08-29 18:01:41","-0.011"
" 2024-08-29 18:11:46","-0.012"
" 2024-08-29 18:49:20","-0.011"
" 2024-08-29 19:01:33","-0.012"
" 2024-08-29 19:11:41","-0.011"
" 2024-08-29 22:06:19","-0.012"
" 2024-08-29 22:16:21","-0.011"
" 2024-08-29 22:38:12","-0.012"
" 2024-08-30 00:00:00","-0.012"
" 2024-08-30 01:19:04","-0.011"
" 2024-08-30 01:29:21","-0.012"
" 2024-08-30 01:50:35","-0.012"
" 2024-08-30 02:10:56","-0.011"
" 2024-08-30 02:47:49","-0.012"
" 2024-08-30 05:59:34","-0.01"
" 2024-08-30 07:00:33","-0.009"
" 2024-08-30 07:11:13","-0.01"
" 2024-08-30 07:52:08","-0.009"
" 2024-08-30 08:05:38","-0.01"
" 2024-08-30 08:15:40","-0.009"
" 2024-08-30 08:57:29","-0.011"
" 2024-08-30 09:18:20","-0.01"
" 2024-08-30 09:28:37","-0.011"
" 2024-08-30 09:49:28","-0.01"
" 2024-08-30 13:23:12","-0.009"
" 2024-08-30 13:37:28","-0.01"
" 2024-08-30 16:34:48","-0.011"
" 2024-08-30 17:15:35","-0.01"
" 2024-08-30 17:50:02","-0.009"
" 2024-08-30 18:03:27","-0.01"
" 2024-08-30 18:42:24","-0.009"
" 2024-08-30 19:14:20","-0.01"
" 2024-08-30 19:44:32","-0.009"
" 2024-08-30 19:58:35","-0.01"
" 2024-08-30 21:26:55","-0.009"
" 2024-08-30 21:37:15","-0.01"
" 2024-08-30 21:58:19","-0.009"
" 2024-08-30 22:10:49","-0.01"
" 2024-08-30 23:06:23","-0.009"
" 2024-08-30 23:17:29","-0.01"
" 2024-08-31 00:00:00","-0.01"
" 2024-08-31 00:15:44","-0.009"
" 2024-08-31 00:25:55","-0.01"
" 2024-08-31 00:50:45","-0.01"
" 2024-08-31 02:23:00","-0.009"
" 2024-08-31 02:35:44","-0.011"
" 2024-08-31 03:26:56","-0.01"
" 2024-08-31 03:59:06","-0.009"
" 2024-08-31 04:09:24","-0.01"
" 2024-08-31 07:13:47","-0.009"
" 2024-08-31 07:23:57","-0.01"
" 2024-08-31 07:44:24","-0.01"
" 2024-08-31 08:35:27","-0.009"
" 2024-08-31 08:46:18","-0.01"
" 2024-08-31 08:56:25","-0.009"
" 2024-08-31 09:12:33","-0.01"
" 2024-08-31 09:35:56","-0.009"
" 2024-08-31 10:19:05","-0.01"
" 2024-08-31 10:29:12","-0.009"
" 2024-08-31 10:52:16","-0.01"
" 2024-08-31 11:10:15","-0.009"
" 2024-08-31 12:32:04","-0.01"
" 2024-08-31 12:42:12","-0.009"
" 2024-08-31 13:15:24","-0.01"
" 2024-08-31 13:25:31","-0.009"
" 2024-08-31 14:10:34","-0.01"
" 2024-08-31 14:20:42","-0.009"
" 2024-08-31 14:52:13","-0.01"
" 2024-08-31 15:02:46","-0.009"
" 2024-08-31 16:02:16","-0.01"
" 2024-08-31 16:15:32","-0.009"
" 2024-08-31 16:36:22","-0.009"
" 2024-08-31 17:08:30","-0.01"
" 2024-08-31 17:19:03","-0.009"
" 2024-08-31 17:40:08","-0.009"
" 2024-08-31 18:23:21","-0.011"
" 2024-08-31 18:33:30","-0.009"
" 2024-08-31 18:56:47","-0.011"
" 2024-08-31 19:08:19","-0.01"
" 2024-08-31 19:19:09","-0.011"
" 2024-08-31 19:30:43","-0.009"
" 2024-08-31 19:58:45","-0.01"
" 2024-08-31 20:09:10","-0.011"
" 2024-08-31 21:08:03","-0.009"
" 2024-08-31 21:28:30","-0.01"
" 2024-08-31 21:38:31","-0.009"
" 2024-08-31 22:08:37","-0.01"
" 2024-08-31 22:18:39","-0.009"
" 2024-08-31 22:38:58","-0.01"
" 2024-08-31 23:24:21","-0.009"
" 2024-08-31 23:36:42","-0.011"
" 2024-08-31 23:56:46","-0.009"
" 2024-09-01 00:00:00","-0.009"
" 2024-09-01 00:37:23","-0.011"
" 2024-09-01 02:00:28","-0.01"
" 2024-09-01 04:04:56","-0.011"
" 2024-09-01 04:49:09","-0.01"
" 2024-09-01 05:02:47","-0.011"
" 2024-09-01 05:25:32","-0.009"
" 2024-09-01 06:23:16","-0.01"
" 2024-09-01 06:39:11","-0.009"
" 2024-09-01 07:12:47","-0.01"
" 2024-09-01 07:33:05","-0.009"
" 2024-09-01 07:50:17","-0.01"
" 2024-09-01 08:03:49","-0.011"
" 2024-09-01 08:50:06","-0.009"
" 2024-09-01 10:00:49","-0.01"
" 2024-09-01 10:34:59","-0.009"
" 2024-09-01 10:57:48","-0.01"
" 2024-09-01 11:09:36","-0.009"
" 2024-09-01 11:29:57","-0.01"
" 2024-09-01 13:30:00","-0.009"
" 2024-09-01 13:51:38","-0.01"
" 2024-09-01 14:44:59","-0.009"
" 2024-09-01 14:55:09","-0.01"
" 2024-09-01 15:05:11","-0.009"
" 2024-09-01 15:15:28","-0.01"
" 2024-09-01 17:37:33","-0.009"
" 2024-09-01 17:48:29","-0.01"
" 2024-09-01 17:59:15","-0.009"
" 2024-09-01 18:12:32","-0.01"
" 2024-09-01 19:57:41","-0.009"
" 2024-09-01 20:27:09","-0.01"
" 2024-09-01 20:37:17","-0.009"
" 2024-09-01 22:24:55","-0.01"
" 2024-09-01 22:41:53","-0.009"
" 2024-09-02 00:00:00","-0.009"
" 2024-09-02 02:58:25","-0.01"
" 2024-09-02 03:08:33","-0.009"
" 2024-09-02 03:20:24","-0.01"
" 2024-09-02 03:52:09","2.541"
" 2024-09-02 04:02:11","2.459"
" 2024-09-02 04:31:53","-0.009"
" 2024-09-02 04:42:02","-0.008"
" 2024-09-02 05:02:44","-0.009"
" 2024-09-02 05:56:37","-0.011"
" 2024-09-02 06:19:14","-0.01"
" 2024-09-02 06:31:43","-0.011"
" 2024-09-02 06:56:08","-0.011"
" 2024-09-02 07:17:07","-0.01"
" 2024-09-02 07:38:58","-0.011"
" 2024-09-02 08:34:21","-0.011"
" 2024-09-02 09:04:19","-0.011"
" 2024-09-02 10:11:19","-0.011"
" 2024-09-02 10:21:27","-0.011"
" 2024-09-02 11:27:58","-0.012"
" 2024-09-02 12:40:37","-0.013"
" 2024-09-02 12:57:41","-0.011"
" 2024-09-02 13:40:01","-0.012"
" 2024-09-02 14:00:19","-0.011"
" 2024-09-02 14:10:21","-0.012"
" 2024-09-02 14:56:31","-0.012"
" 2024-09-02 15:22:22","-0.011"
" 2024-09-02 15:34:25","-0.012"
" 2024-09-02 16:52:35","-0.011"
" 2024-09-02 17:02:38","-0.012"
" 2024-09-02 18:02:02","-0.013"
" 2024-09-02 18:27:30","-0.011"
" 2024-09-02 18:39:27","-0.012"
" 2024-09-02 18:59:39","-0.013"
" 2024-09-02 19:44:55","-0.012"
" 2024-09-02 20:21:41","-0.013"
" 2024-09-02 20:42:46","-0.012"
" 2024-09-02 21:12:59","-0.013"
" 2024-09-02 21:43:56","-0.011"
" 2024-09-02 22:29:29","-0.012"
" 2024-09-02 23:04:59","-0.011"
" 2024-09-02 23:19:29","-0.012"
" 2024-09-03 00:00:00","-0.012"
" 2024-09-03 00:13:38","-0.011"
" 2024-09-03 00:29:10","-0.012"
" 2024-09-03 01:39:16","-0.013"
" 2024-09-03 02:12:49","-0.012"
" 2024-09-03 03:06:19","-0.013"
" 2024-09-03 03:27:09","-0.011"
" 2024-09-03 03:37:17","-0.012"
" 2024-09-03 07:52:08","-0.013"
" 2024-09-03 08:15:32","-0.012"
" 2024-09-03 08:53:12","2.508"
" 2024-09-03 09:03:14","2.525"
" 2024-09-03 09:38:35","-0.009"
" 2024-09-03 10:13:34","-0.01"
" 2024-09-03 10:24:07","-0.009"
" 2024-09-03 10:46:06","-0.009"
" 2024-09-03 11:07:42","-0.011"
" 2024-09-03 11:30:59","-0.01"
" 2024-09-03 11:56:34","-0.01"
" 2024-09-03 12:42:57","-0.011"
" 2024-09-03 12:58:17","-0.01"
" 2024-09-03 13:11:06","-0.011"
" 2024-09-03 13:25:24","-0.011"
" 2024-09-03 14:12:06","-0.011"
" 2024-09-03 14:23:17","-0.011"
" 2024-09-03 15:44:39","-0.011"
" 2024-09-03 15:54:47","-0.011"
" 2024-09-03 16:45:26","-0.012"
" 2024-09-03 17:19:08","-0.011"
" 2024-09-03 17:29:20","-0.012"
" 2024-09-03 18:23:42","-0.013"
" 2024-09-03 18:41:11","-0.012"
" 2024-09-03 19:04:04","-0.011"
" 2024-09-03 19:30:16","-0.012"
" 2024-09-03 20:39:11","-0.011"
" 2024-09-03 21:56:44","-0.012"
" 2024-09-03 22:28:33","-0.013"
" 2024-09-03 22:49:39","-0.012"
" 2024-09-03 22:59:54","-0.011"
" 2024-09-03 23:49:28","-0.013"
" 2024-09-04 00:00:00","-0.013"
" 2024-09-04 00:10:18","-0.012"
" 2024-09-04 00:20:20","-0.011"
" 2024-09-04 00:42:57","-0.012"
" 2024-09-04 02:13:03","-0.013"
" 2024-09-04 02:23:36","-0.012"
" 2024-09-04 02:43:56","-0.012"
" 2024-09-04 03:33:04","-0.011"
" 2024-09-04 03:45:23","-0.012"
" 2024-09-04 06:16:50","2.255"
" 2024-09-04 06:33:26","-0.014"
" 2024-09-04 06:59:17","-0.01"
" 2024-09-04 07:45:29","-0.011"
" 2024-09-04 08:19:11","-0.01"
" 2024-09-04 08:58:49","2.535"
" 2024-09-04 09:08:51","2.458"
" 2024-09-04 09:14:16","-0.011"
" 2024-09-04 09:30:10","-0.008"
" 2024-09-04 10:05:12","-0.009"
" 2024-09-04 10:35:52","246"
" 2024-09-05 00:00:00","246"
" 2024-09-05 14:05:38","-0.012"
" 2024-09-05 14:07:16","246"
" 2024-09-05 14:11:19","-0.012"
" 2024-09-05 16:52:48","-0.011"
" 2024-09-05 17:02:49","-0.012"
" 2024-09-05 17:13:37","-0.011"
" 2024-09-05 18:16:28","-0.012"
" 2024-09-05 19:28:30","-0.011"
" 2024-09-05 20:03:36","-0.012"
" 2024-09-05 20:13:38","-0.011"
" 2024-09-05 20:23:39","-0.012"
" 2024-09-05 21:15:05","-0.011"
" 2024-09-05 21:32:32","-0.012"
" 2024-09-05 23:34:50","-0.013"
" 2024-09-05 23:56:41","-0.011"
" 2024-09-06 00:00:00","-0.011"
" 2024-09-06 00:15:41","-0.012"
" 2024-09-06 03:15:50","-0.013"
" 2024-09-06 03:35:53","-0.012"
" 2024-09-06 04:51:59","-0.013"
" 2024-09-06 05:04:20","-0.012"
" 2024-09-06 05:35:49","-0.013"
" 2024-09-06 05:57:17","-0.013"
" 2024-09-06 06:07:42","-0.012"
" 2024-09-06 07:10:49","-0.013"
" 2024-09-06 07:34:42","-0.012"
" 2024-09-06 08:54:43","-0.013"
" 2024-09-06 09:10:14","-0.012"
" 2024-09-06 09:41:38","-0.013"
" 2024-09-06 10:25:57","-0.012"
" 2024-09-06 17:06:57","-0.011"
" 2024-09-06 17:16:59","-0.012"
" 2024-09-06 17:55:16","-0.012"
" 2024-09-06 18:19:27","-0.011"
" 2024-09-06 18:30:23","-0.012"
" 2024-09-06 18:50:01","-0.011"
" 2024-09-06 19:11:39","-0.012"
" 2024-09-06 19:41:40","-0.011"
" 2024-09-06 21:57:28","-0.012"
" 2024-09-06 23:54:42","-0.011"
" 2024-09-07 00:00:00","-0.011"
" 2024-09-07 00:12:47","-0.012"
" 2024-09-07 00:32:52","-0.011"
" 2024-09-07 00:52:46","-0.012"
" 2024-09-07 03:01:44","-0.01"
" 2024-09-07 03:11:52","-0.009"
" 2024-09-07 03:48:25","-0.01"
" 2024-09-07 05:09:30","-0.009"
" 2024-09-07 05:39:52","-0.01"
" 2024-09-07 05:59:46","-0.009"
" 2024-09-07 06:09:49","-0.01"
" 2024-09-07 06:52:22","-0.01"
" 2024-09-07 07:02:30","-0.009"
" 2024-09-07 07:14:21","-0.01"
" 2024-09-07 07:37:22","-0.01"
" 2024-09-07 08:35:05","-0.009"
" 2024-09-07 08:48:04","-0.01"
" 2024-09-07 09:35:44","-0.009"
" 2024-09-07 10:30:40","-0.01"
" 2024-09-07 10:40:48","-0.009"
" 2024-09-07 11:31:44","-0.01"
" 2024-09-07 11:41:52","-0.009"
" 2024-09-07 12:08:07","-0.01"
" 2024-09-07 12:19:10","-0.011"
" 2024-09-07 12:37:08","-0.009"
" 2024-09-07 13:00:12","-0.011"
" 2024-09-07 13:35:26","-0.009"
" 2024-09-07 16:36:56","-0.01"
" 2024-09-07 16:57:46","-0.009"
" 2024-09-07 17:07:48","-0.011"
" 2024-09-07 17:40:35","-0.009"
" 2024-09-07 19:09:54","-0.01"
" 2024-09-07 20:13:03","-0.009"
" 2024-09-07 20:23:05","-0.01"
" 2024-09-07 21:04:45","-0.009"
" 2024-09-07 21:25:42","-0.01"
" 2024-09-07 21:57:56","-0.009"
" 2024-09-07 22:08:15","-0.01"
" 2024-09-07 22:12:45","-0.009"
" 2024-09-07 23:09:40","-0.01"
" 2024-09-07 23:20:14","-0.011"
" 2024-09-07 23:54:32","-0.009"
" 2024-09-08 00:00:00","-0.009"
" 2024-09-08 06:37:52","-0.01"
" 2024-09-08 06:53:16","-0.009"
" 2024-09-08 07:44:04","-0.01"
" 2024-09-08 08:40:36","-0.009"
" 2024-09-08 08:51:18","-0.01"
" 2024-09-08 09:21:53","-0.009"
" 2024-09-08 09:38:53","-0.011"
" 2024-09-08 09:49:01","-0.01"
" 2024-09-08 10:11:01","-0.009"
" 2024-09-08 10:51:29","-0.01"
" 2024-09-08 11:01:38","-0.009"
" 2024-09-08 11:22:45","-0.01"
" 2024-09-08 11:43:26","-0.01"
" 2024-09-08 12:03:53","-0.009"
" 2024-09-08 12:14:10","-0.01"
" 2024-09-08 12:57:59","-0.009"
" 2024-09-08 16:48:21","-0.01"
" 2024-09-08 17:21:55","-0.009"
" 2024-09-08 19:22:53","-0.01"
" 2024-09-08 19:32:54","-0.009"
" 2024-09-08 19:45:52","-0.01"
" 2024-09-08 20:26:08","-0.009"
" 2024-09-08 20:47:11","-0.01"
" 2024-09-08 20:57:14","-0.009"
" 2024-09-08 21:17:19","-0.01"
" 2024-09-08 21:37:22","-0.009"
" 2024-09-08 21:57:25","-0.01"
" 2024-09-08 22:22:14","-0.009"
" 2024-09-08 22:32:19","-0.01"
" 2024-09-08 22:49:24","-0.009"
" 2024-09-08 23:44:36","-0.01"
" 2024-09-09 00:00:00","-0.01"
" 2024-09-09 00:02:23","-0.011"
" 2024-09-09 00:34:07","-0.009"
" 2024-09-09 05:00:53","0.018"
" 2024-09-09 05:14:23","2.564"
" 2024-09-09 05:51:02","-0.007"
" 2024-09-09 06:24:57","-0.008"
" 2024-09-09 06:57:30","-0.009"
" 2024-09-09 07:19:59","-0.01"
" 2024-09-09 07:51:52","-0.009"
" 2024-09-09 08:04:28","-0.011"
" 2024-09-09 08:29:24","-0.01"
" 2024-09-09 08:52:48","-0.01"
" 2024-09-09 09:36:36","-0.011"
" 2024-09-09 11:00:36","-0.011"
" 2024-09-09 11:12:55","-0.011"
" 2024-09-09 11:45:28","-0.011"
" 2024-09-09 12:04:28","-0.011"
" 2024-09-09 12:14:46","-0.011"
" 2024-09-09 12:59:29","-0.011"
" 2024-09-09 13:17:13","-0.011"
" 2024-09-09 13:42:09","-0.011"
" 2024-09-09 14:03:29","-0.011"
" 2024-09-09 14:27:16","-0.011"
" 2024-09-09 14:58:47","-0.011"
" 2024-09-09 15:32:50","-0.012"
" 2024-09-09 16:33:22","-0.011"
" 2024-09-09 17:36:40","-0.012"
" 2024-09-09 17:47:04","-0.011"
" 2024-09-09 17:58:24","-0.012"
" 2024-09-09 18:13:42","-0.011"
" 2024-09-09 18:25:22","-0.012"
" 2024-09-09 19:16:03","-0.013"
" 2024-09-09 19:26:51","-0.011"
" 2024-09-09 19:52:18","-0.011"
" 2024-09-09 20:12:29","-0.012"
" 2024-09-09 20:42:58","-0.011"
" 2024-09-09 20:53:30","-0.012"
" 2024-09-09 21:06:29","-0.011"
" 2024-09-09 21:16:39","-0.012"
" 2024-09-09 21:37:28","-0.011"
" 2024-09-09 22:30:48","-0.012"
" 2024-09-09 23:38:02","-0.011"
" 2024-09-10 00:00:00","-0.011"
" 2024-09-10 00:18:10","-0.012"
" 2024-09-10 00:39:01","-0.013"
" 2024-09-10 00:59:43","-0.012"
" 2024-09-10 01:10:54","-0.011"
" 2024-09-10 01:17:12","-0.012"
" 2024-09-10 03:44:39","-0.011"
" 2024-09-10 04:12:15","-0.012"
" 2024-09-10 07:02:30","-0.013"
" 2024-09-10 07:45:50","-0.011"
" 2024-09-10 08:25:55","-0.009"
" 2024-09-10 09:33:25","-0.01"
" 2024-09-10 09:48:37","-0.009"
" 2024-09-10 09:59:00","-0.01"
" 2024-09-10 10:50:50","-0.009"
" 2024-09-10 11:02:40","-0.01"
" 2024-09-10 11:28:00","-0.009"
" 2024-09-10 11:51:16","-0.01"
" 2024-09-10 12:03:29","-0.009"
" 2024-09-10 12:44:44","-0.01"
" 2024-09-10 12:57:29","-0.009"
" 2024-09-10 15:40:39","-0.01"
" 2024-09-10 15:50:47","-0.009"
" 2024-09-10 16:01:52","-0.01"
" 2024-09-10 16:29:15","-0.009"
" 2024-09-10 16:40:40","-0.01"
" 2024-09-10 17:19:53","-0.009"
" 2024-09-10 17:40:35","-0.01"
" 2024-09-10 18:21:43","-0.009"
" 2024-09-10 23:53:48","0.575"
" 2024-09-10 23:59:27","2.58"
" 2024-09-10 23:59:35","-0.017"
" 2024-09-11 00:00:00","-0.017"
" 2024-09-11 00:10:39","-0.011"
" 2024-09-11 00:20:41","-0.01"
" 2024-09-11 00:46:02","-0.012"
" 2024-09-11 00:58:30","-0.011"
" 2024-09-11 01:21:47","-0.01"
" 2024-09-11 01:49:57","-0.011"
" 2024-09-11 02:12:28","-0.011"
" 2024-09-11 02:49:54","-0.011"
" 2024-09-11 03:00:03","-0.011"
" 2024-09-11 03:45:06","-0.011"
" 2024-09-11 04:43:23","-0.011"
" 2024-09-11 04:53:30","-0.011"
" 2024-09-11 05:27:53","-0.012"
" 2024-09-11 05:49:38","-0.013"
" 2024-09-11 06:03:21","-0.011"
" 2024-09-11 06:13:25","-0.012"
" 2024-09-11 06:50:57","-0.011"
" 2024-09-11 08:01:13","-0.012"
" 2024-09-11 08:56:32","2.542"
" 2024-09-11 09:04:16","-0.008"
" 2024-09-11 09:43:06","-0.009"
" 2024-09-11 09:54:18","-0.008"
" 2024-09-11 10:04:20","-0.01"
" 2024-09-11 10:28:47","-0.009"
" 2024-09-11 11:05:42","-0.011"
" 2024-09-11 11:30:40","-0.01"
" 2024-09-11 11:43:32","-0.011"
" 2024-09-11 12:03:44","-0.01"
" 2024-09-11 12:48:02","-0.011"
" 2024-09-11 13:01:29","-0.011"
" 2024-09-11 14:30:09","-0.011"
" 2024-09-11 14:42:00","-0.011"
" 2024-09-11 14:55:00","-0.011"
" 2024-09-11 15:43:10","-0.011"
" 2024-09-11 15:54:50","-0.011"
" 2024-09-11 16:26:46","-0.011"
" 2024-09-11 16:45:46","-0.012"
" 2024-09-11 17:06:01","-0.011"
" 2024-09-11 17:16:03","-0.012"
" 2024-09-11 18:46:44","-0.011"
" 2024-09-11 19:01:26","-0.012"
" 2024-09-11 19:29:30","-0.011"
" 2024-09-11 19:48:07","-0.012"
" 2024-09-11 21:17:48","-0.011"
" 2024-09-11 22:06:42","-0.012"
" 2024-09-11 22:51:54","-0.013"
" 2024-09-11 23:02:35","-0.011"
" 2024-09-11 23:30:46","-0.012"
" 2024-09-12 00:00:00","-0.012"
" 2024-09-12 00:35:38","-0.013"
" 2024-09-12 00:45:48","-0.012"
" 2024-09-12 00:56:29","-0.013"
" 2024-09-12 01:07:33","-0.012"
" 2024-09-12 01:28:16","-0.011"
" 2024-09-12 01:49:15","-0.011"
" 2024-09-12 02:09:25","-0.012"
" 2024-09-12 03:40:41","-0.013"
" 2024-09-12 04:01:01","-0.012"
" 2024-09-12 04:24:35","-0.013"
" 2024-09-12 04:44:47","-0.011"
" 2024-09-12 05:41:14","-0.012"
" 2024-09-12 08:55:28","2.251"
" 2024-09-12 08:55:58","2.003"
" 2024-09-12 08:59:19","2.25"
" 2024-09-12 09:00:36","2.355"
" 2024-09-12 09:12:34","2.541"
" 2024-09-12 09:28:30","-0.01"
" 2024-09-12 09:58:26","-0.008"
" 2024-09-12 10:49:07","-0.009"
" 2024-09-12 11:51:30","-0.011"
" 2024-09-12 12:01:32","-0.01"
" 2024-09-12 12:16:58","-0.011"
" 2024-09-12 12:30:13","-0.01"
" 2024-09-12 13:31:14","-0.011"
" 2024-09-12 14:46:14","-0.011"
" 2024-09-12 15:01:15","-0.011"
" 2024-09-12 15:11:50","-0.011"
" 2024-09-12 15:57:34","-0.011"
" 2024-09-12 16:29:36","-0.011"
" 2024-09-12 18:09:53","-0.012"
" 2024-09-12 18:55:01","-0.011"
" 2024-09-12 19:14:47","-0.012"
" 2024-09-12 19:44:37","-0.011"
" 2024-09-12 21:24:55","-0.012"
" 2024-09-12 22:35:17","-0.013"
" 2024-09-12 23:14:45","-0.011"
" 2024-09-12 23:41:01","-0.012"
" 2024-09-13 00:00:00","-0.012"
" 2024-09-13 00:03:16","-0.011"
" 2024-09-13 00:13:31","-0.012"
" 2024-09-13 01:14:30","-0.011"
" 2024-09-13 01:44:57","-0.012"
" 2024-09-13 04:15:41","-0.013"
" 2024-09-13 04:35:52","-0.012"
" 2024-09-13 05:47:14","-0.011"
" 2024-09-13 06:19:07","-0.012"
" 2024-09-13 07:03:00","2.222"
" 2024-09-13 07:20:06","2.538"
" 2024-09-13 07:47:37","-0.01"
" 2024-09-13 07:58:10","-0.007"
" 2024-09-13 08:08:58","-0.007"
" 2024-09-13 08:19:44","-0.008"
" 2024-09-13 09:00:24","-0.009"
" 2024-09-13 09:11:35","-0.01"
" 2024-09-13 09:44:53","-0.009"
" 2024-09-13 10:09:27","-0.011"
" 2024-09-13 10:34:24","-0.01"
" 2024-09-13 10:57:01","-0.011"
" 2024-09-13 11:18:00","-0.01"
" 2024-09-13 11:43:04","-0.011"
" 2024-09-13 11:58:24","-0.01"
" 2024-09-13 12:10:43","-0.011"
" 2024-09-13 13:25:47","-0.011"
" 2024-09-13 13:41:18","-0.011"
" 2024-09-13 14:04:23","-0.011"
" 2024-09-13 15:45:23","-0.012"
" 2024-09-13 16:23:52","-0.011"
" 2024-09-13 16:55:36","-0.012"
" 2024-09-13 17:33:44","-0.011"
" 2024-09-13 18:08:30","-0.012"
" 2024-09-13 20:08:48","-0.011"
" 2024-09-13 23:58:49","-0.012"
" 2024-09-14 00:23:36","-0.011"
" 2024-09-14 01:09:10","-0.012"
" 2024-09-14 01:20:14","-0.011"
" 2024-09-14 01:35:38","-0.012"
" 2024-09-14 02:16:13","-0.011"
" 2024-09-14 02:27:08","-0.012"
" 2024-09-14 03:09:13","-0.011"
" 2024-09-14 03:19:14","-0.012"
" 2024-09-14 03:49:24","-0.011"
" 2024-09-14 04:16:14","-0.012"
" 2024-09-14 06:53:15","-0.013"
" 2024-09-14 07:23:48","-0.012"
" 2024-09-14 07:44:52","-0.011"
" 2024-09-14 07:54:53","-0.012"
" 2024-09-14 08:05:25","-0.011"
" 2024-09-14 08:26:29","-0.012"
" 2024-09-14 08:49:42","2.55"
" 2024-09-14 08:59:43","2.461"
" 2024-09-14 09:54:48","-0.008"
" 2024-09-14 10:42:50","-0.009"
" 2024-09-14 11:05:19","-0.01"
" 2024-09-14 11:18:17","-0.009"
" 2024-09-14 11:58:35","-0.011"
" 2024-09-14 12:26:06","-0.01"
" 2024-09-14 12:43:09","-0.011"
" 2024-09-14 16:09:11","-0.011"
" 2024-09-14 16:32:26","-0.011"
" 2024-09-14 16:51:10","-0.011"
" 2024-09-14 18:20:02","-0.011"
" 2024-09-14 19:06:11","-0.011"
" 2024-09-14 20:08:10","-0.011"
" 2024-09-14 20:42:16","-0.012"
" 2024-09-14 20:52:26","-0.011"
" 2024-09-14 21:04:22","-0.012"
" 2024-09-14 21:35:39","-0.011"
" 2024-09-14 22:08:26","-0.012"
" 2024-09-14 22:49:26","-0.011"
" 2024-09-14 23:57:35","-0.012"
" 2024-09-15 01:18:20","-0.011"
" 2024-09-15 02:06:38","-0.012"
" 2024-09-15 02:18:20","-0.011"
" 2024-09-15 02:33:44","-0.012"
" 2024-09-15 03:16:58","-0.011"
" 2024-09-15 03:27:39","-0.012"
" 2024-09-15 03:48:52","-0.012"
" 2024-09-15 04:11:14","-0.011"
" 2024-09-15 04:21:22","-0.012"
" 2024-09-15 05:02:33","-0.011"
" 2024-09-15 05:12:41","-0.012"
" 2024-09-15 07:22:43","-0.013"
" 2024-09-15 07:32:51","-0.012"
" 2024-09-15 07:54:52","-0.013"
" 2024-09-15 07:59:38","2.272"
" 2024-09-15 08:11:51","2.545"
" 2024-09-15 08:42:59","-0.01"
" 2024-09-15 08:53:24","-0.007"
" 2024-09-15 09:11:07","-0.008"
" 2024-09-15 10:03:36","-0.01"
" 2024-09-15 10:14:01","-0.009"
" 2024-09-15 10:47:04","-0.009"
" 2024-09-15 10:59:25","-0.011"
" 2024-09-15 11:23:59","-0.01"
" 2024-09-15 11:55:14","-0.01"
" 2024-09-15 12:45:29","-0.011"
" 2024-09-15 14:47:44","-0.011"
" 2024-09-15 14:59:31","-0.011"
" 2024-09-15 15:14:02","-0.011"
" 2024-09-15 16:07:44","-0.011"
" 2024-09-15 16:21:54","-0.011"
" 2024-09-15 17:07:07","-0.012"
" 2024-09-15 18:22:54","-0.011"
" 2024-09-15 18:35:51","-0.012"
" 2024-09-15 18:57:25","-0.012"
" 2024-09-15 19:58:16","-0.011"
" 2024-09-15 20:09:51","-0.012"
" 2024-09-15 20:35:39","-0.011"
" 2024-09-15 21:13:09","-0.012"
" 2024-09-15 21:51:32","-0.011"
" 2024-09-15 22:15:22","-0.012"
" 2024-09-15 22:38:43","-0.011"
" 2024-09-15 23:04:00","-0.012"
" 2024-09-16 00:02:39","-0.011"
" 2024-09-16 00:30:09","-0.012"
" 2024-09-16 00:40:48","-0.011"
" 2024-09-16 01:02:14","-0.012"
" 2024-09-16 01:44:31","-0.013"
" 2024-09-16 01:55:26","-0.011"
" 2024-09-16 02:05:51","-0.012"
" 2024-09-16 02:15:59","-0.011"
" 2024-09-16 02:57:59","-0.012"
" 2024-09-16 06:23:22","-0.013"
" 2024-09-16 06:49:19","-0.012"
" 2024-09-16 06:59:35","-0.013"
" 2024-09-16 07:24:46","-0.011"
" 2024-09-16 08:23:42","-0.009"
" 2024-09-16 08:57:14","2.536"
" 2024-09-16 09:07:16","2.455"
" 2024-09-16 09:21:38","-0.008"
" 2024-09-16 09:58:06","-0.008"
" 2024-09-16 10:41:55","-0.009"
" 2024-09-16 10:51:56","-0.008"
" 2024-09-16 11:01:58","-0.009"
" 2024-09-16 11:12:22","-0.01"
" 2024-09-16 11:24:50","-0.009"
" 2024-09-16 12:08:45","-0.011"
" 2024-09-16 12:18:46","-0.01"
" 2024-09-16 12:40:05","-0.011"
" 2024-09-16 13:42:29","-0.01"
" 2024-09-16 14:13:56","-0.011"
" 2024-09-16 14:43:38","-0.01"
" 2024-09-16 14:56:51","-0.011"
" 2024-09-16 16:23:02","-0.01"
" 2024-09-16 16:38:58","-0.011"
" 2024-09-16 17:07:12","-0.011"
" 2024-09-16 17:57:02","-0.011"
" 2024-09-16 18:40:34","-0.011"
" 2024-09-16 19:46:44","-0.011"
" 2024-09-16 20:18:58","-0.011"
" 2024-09-16 20:29:22","-0.012"
" 2024-09-16 21:25:22","-0.011"
" 2024-09-16 22:23:50","-0.012"
" 2024-09-16 22:33:51","-0.011"
" 2024-09-16 23:45:24","-0.012"
" 2024-09-17 00:06:27","-0.011"
" 2024-09-17 00:20:17","-0.012"
" 2024-09-17 01:00:23","-0.011"
" 2024-09-17 01:10:32","-0.011"
" 2024-09-17 01:23:53","-0.011"
" 2024-09-17 02:15:47","-0.012"
" 2024-09-17 03:10:22","2.278"
" 2024-09-17 03:28:13","2.557"
" 2024-09-17 03:53:32","-0.008"
" 2024-09-17 04:03:56","-0.007"
" 2024-09-17 04:29:12","-0.008"
" 2024-09-17 05:10:04","-0.009"
" 2024-09-17 05:23:34","-0.01"
" 2024-09-17 05:47:19","-0.009"
" 2024-09-17 06:27:54","-0.011"
" 2024-09-17 06:48:27","-0.01"
" 2024-09-17 07:27:22","-0.011"
" 2024-09-17 07:47:47","-0.01"
" 2024-09-17 08:15:31","-0.011"
" 2024-09-17 08:30:03","-0.011"
" 2024-09-17 08:53:11","2.483"
" 2024-09-17 08:58:57","2.587"
" 2024-09-17 09:34:01","-0.007"
" 2024-09-17 10:18:41","-0.008"
" 2024-09-17 11:00:43","-0.009"
" 2024-09-17 11:11:15","-0.01"
" 2024-09-17 11:55:42","-0.009"
" 2024-09-17 12:05:51","-0.01"
" 2024-09-17 12:20:21","-0.011"
" 2024-09-17 12:40:31","-0.01"
" 2024-09-17 14:54:35","-0.011"
" 2024-09-17 15:49:33","-0.011"
" 2024-09-17 16:04:11","-0.011"
" 2024-09-17 16:26:03","-0.011"
" 2024-09-17 16:41:33","-0.011"
" 2024-09-17 18:06:30","-0.011"
" 2024-09-17 19:04:16","-0.011"
" 2024-09-17 20:05:24","-0.011"
" 2024-09-17 20:25:28","-0.011"
" 2024-09-17 21:05:40","-0.011"
" 2024-09-17 22:28:11","-0.012"
" 2024-09-17 22:50:48","-0.011"
" 2024-09-18 00:33:32","-0.012"
" 2024-09-18 01:45:07","-0.011"
" 2024-09-18 02:19:42","-0.011"
" 2024-09-18 02:52:55","2.545"
" 2024-09-18 03:02:56","2.455"
" 2024-09-18 03:24:32","-0.007"
" 2024-09-18 04:30:58","-0.008"
" 2024-09-18 05:03:40","-0.01"
" 2024-09-18 05:14:58","-0.009"
" 2024-09-18 05:54:43","-0.011"
" 2024-09-18 06:06:00","-0.01"
" 2024-09-18 06:20:48","-0.011"
" 2024-09-18 06:55:32","-0.011"
" 2024-09-18 07:54:56","-0.01"
" 2024-09-18 08:10:28","-0.011"
" 2024-09-18 08:43:25","2.545"
" 2024-09-18 08:53:27","2.531"
" 2024-09-18 09:03:29","2.448"
" 2024-09-18 09:57:36","-0.008"
" 2024-09-18 10:29:46","-0.009"
" 2024-09-18 11:01:24","-0.01"
" 2024-09-18 11:22:46","-0.009"
" 2024-09-18 11:51:20","-0.011"
" 2024-09-18 12:02:01","-0.01"
" 2024-09-18 13:26:05","-0.011"
" 2024-09-18 16:06:45","-0.011"
" 2024-09-18 18:06:18","-0.011"
" 2024-09-18 18:21:13","-0.012"
" 2024-09-18 18:55:33","-0.011"
" 2024-09-18 19:46:07","-0.012"
" 2024-09-18 19:56:40","-0.011"
" 2024-09-18 20:12:04","-0.012"
" 2024-09-18 20:59:47","-0.011"
" 2024-09-18 21:34:26","-0.012"
" 2024-09-18 23:18:29","-0.011"
" 2024-09-19 00:50:21","-0.012"
" 2024-09-19 01:57:29","-0.011"
" 2024-09-19 03:11:42","-0.012"
" 2024-09-19 03:22:54","-0.011"
" 2024-09-19 03:33:02","-0.012"
" 2024-09-19 04:02:15","2.349"
" 2024-09-19 04:19:05","2.545"
" 2024-09-19 04:51:11","-0.004"
" 2024-09-19 05:05:04","-0.006"
" 2024-09-19 05:15:31","-0.008"
" 2024-09-19 05:35:38","-0.008"
" 2024-09-19 06:35:49","-0.01"
" 2024-09-19 07:06:48","-0.009"
" 2024-09-19 08:02:52","-0.011"
" 2024-09-19 08:13:49","-0.01"
" 2024-09-19 08:32:12","-0.011"
" 2024-09-19 10:56:46","-0.01"
" 2024-09-19 11:07:55","-0.011"
" 2024-09-19 11:28:32","-0.01"
" 2024-09-19 11:38:40","-0.011"
" 2024-09-19 12:42:30","2.422"
" 2024-09-19 12:42:45","2.109"
" 2024-09-19 12:49:57","2.544"
" 2024-09-19 12:59:59","2.529"
" 2024-09-19 13:10:01","2.449"
" 2024-09-19 13:40:17","-0.007"
" 2024-09-19 14:00:52","-0.008"
" 2024-09-19 14:10:54","-0.007"
" 2024-09-19 14:21:40","-0.008"
" 2024-09-19 15:14:03","-0.01"
" 2024-09-19 16:01:22","-0.009"
" 2024-09-19 16:36:53","-0.011"
" 2024-09-19 16:59:16","-0.01"
" 2024-09-19 18:35:10","-0.011"
" 2024-09-19 21:18:19","-0.011"
" 2024-09-19 21:28:44","-0.011"
" 2024-09-19 21:38:47","-0.011"
" 2024-09-19 22:15:40","-0.011"
" 2024-09-19 22:32:17","-0.012"
" 2024-09-19 23:05:56","-0.011"
" 2024-09-19 23:26:02","-0.012"
" 2024-09-20 00:06:15","-0.011"
" 2024-09-20 02:06:16","-0.012"
" 2024-09-20 02:20:01","-0.011"
" 2024-09-20 02:30:09","-0.012"
" 2024-09-20 03:28:32","-0.011"
" 2024-09-20 03:39:14","-0.011"
" 2024-09-20 05:02:58","-0.012"
" 2024-09-20 06:04:40","-0.011"
" 2024-09-20 06:24:53","-0.012"
" 2024-09-20 06:55:22","-0.012"
" 2024-09-20 07:06:02","-0.011"
" 2024-09-20 07:16:11","-0.012"
" 2024-09-20 07:27:07","-0.011"
" 2024-09-20 08:16:44","-0.012"
" 2024-09-20 08:50:43","2.544"
" 2024-09-20 09:00:44","2.564"
" 2024-09-20 09:39:42","-0.007"
" 2024-09-20 09:49:44","-0.007"
" 2024-09-20 10:00:09","-0.007"
" 2024-09-20 10:13:30","-0.008"
" 2024-09-20 11:01:00","-0.009"
" 2024-09-20 11:12:11","-0.01"
" 2024-09-20 11:58:30","-0.009"
" 2024-09-20 12:08:32","-0.01"
" 2024-09-20 12:20:06","-0.009"
" 2024-09-20 12:34:23","-0.011"
" 2024-09-20 14:34:38","-0.01"
" 2024-09-20 14:52:59","-0.011"
" 2024-09-20 15:03:35","-0.01"
" 2024-09-20 15:16:01","-0.011"
" 2024-09-20 16:11:44","-0.011"
" 2024-09-20 16:29:35","-0.011"
" 2024-09-20 16:58:23","-0.011"
" 2024-09-20 18:24:17","-0.011"
" 2024-09-20 18:41:15","-0.011"
" 2024-09-20 18:56:58","-0.012"
" 2024-09-20 19:34:06","-0.011"
" 2024-09-20 20:16:01","-0.012"
" 2024-09-20 20:28:22","-0.011"
" 2024-09-20 22:26:19","-0.012"
" 2024-09-20 22:36:37","-0.011"
" 2024-09-20 22:56:23","-0.012"
" 2024-09-20 23:46:26","-0.011"
" 2024-09-21 00:24:20","-0.011"
" 2024-09-21 03:07:33","-0.012"
" 2024-09-21 03:17:44","-0.011"
" 2024-09-21 03:39:12","-0.011"
" 2024-09-21 04:09:26","-0.012"
" 2024-09-21 04:23:27","-0.011"
" 2024-09-21 04:35:38","-0.012"
" 2024-09-21 06:57:54","-0.011"
" 2024-09-21 07:08:01","-0.012"
" 2024-09-21 07:49:12","-0.011"
" 2024-09-21 08:09:39","-0.012"
" 2024-09-21 08:59:02","2.525"
" 2024-09-21 09:09:04","2.449"
" 2024-09-21 09:24:06","-0.008"
" 2024-09-21 09:34:54","-0.007"
" 2024-09-21 10:04:19","-0.008"
" 2024-09-21 10:56:42","-0.01"
" 2024-09-21 11:16:54","-0.009"
" 2024-09-21 11:39:40","-0.011"
" 2024-09-21 12:31:37","-0.01"
" 2024-09-21 12:46:17","-0.011"
" 2024-09-21 13:34:22","-0.01"
" 2024-09-21 13:53:45","-0.011"
" 2024-09-21 14:35:11","-0.01"
" 2024-09-21 14:45:19","-0.011"
" 2024-09-21 16:11:45","-0.011"
" 2024-09-21 16:38:59","-0.011"
" 2024-09-21 16:57:00","-0.011"
" 2024-09-21 17:59:46","-0.011"
" 2024-09-21 18:12:53","-0.011"
" 2024-09-21 18:37:04","-0.011"
" 2024-09-21 19:13:44","-0.011"
" 2024-09-21 19:57:05","-0.012"
" 2024-09-21 20:09:18","-0.011"
" 2024-09-21 20:19:41","-0.012"
" 2024-09-21 20:30:15","-0.011"
" 2024-09-21 22:06:04","-0.012"
" 2024-09-21 22:16:13","-0.011"
" 2024-09-21 22:59:55","-0.011"
" 2024-09-21 23:37:00","-0.012"
" 2024-09-22 00:23:48","-0.011"
" 2024-09-22 01:24:37","-0.012"
" 2024-09-22 01:49:26","-0.011"
" 2024-09-22 02:00:04","-0.012"
" 2024-09-22 02:45:36","-0.011"
" 2024-09-22 02:56:57","-0.012"
" 2024-09-22 03:17:47","-0.011"
" 2024-09-22 03:52:44","-0.012"
" 2024-09-22 06:17:27","-0.013"
" 2024-09-22 06:38:32","-0.011"
" 2024-09-22 07:09:16","-0.012"
" 2024-09-22 07:19:49","-0.011"
" 2024-09-22 07:41:18","-0.011"
" 2024-09-22 08:13:02","-0.012"
" 2024-09-22 08:35:03","2.544"
" 2024-09-22 08:55:14","2.437"
" 2024-09-22 09:05:16","2.392"
" 2024-09-22 09:24:57","-0.007"
" 2024-09-22 09:45:00","-0.007"
" 2024-09-22 10:18:24","-0.008"
" 2024-09-22 11:01:32","-0.01"
" 2024-09-22 11:49:08","-0.009"
" 2024-09-22 11:59:17","-0.01"
" 2024-09-22 12:13:49","-0.009"
" 2024-09-22 12:38:38","-0.011"
" 2024-09-22 13:15:23","-0.01"
" 2024-09-22 14:08:09","-0.011"
" 2024-09-22 14:39:16","-0.01"
" 2024-09-22 14:57:38","-0.011"
" 2024-09-22 15:28:16","-0.01"
" 2024-09-22 15:47:00","-0.011"
" 2024-09-22 16:22:16","-0.011"
" 2024-09-22 16:40:22","-0.011"
" 2024-09-22 17:45:44","-0.011"
" 2024-09-22 18:04:05","-0.011"
" 2024-09-22 18:34:06","-0.011"
" 2024-09-22 18:54:54","-0.011"
" 2024-09-22 19:24:52","-0.011"
" 2024-09-22 19:54:52","-0.011"
" 2024-09-22 20:27:01","-0.012"
" 2024-09-22 20:37:03","-0.011"
" 2024-09-22 22:43:50","-0.012"
" 2024-09-22 23:36:10","-0.011"
" 2024-09-22 23:56:45","-0.011"
" 2024-09-23 00:06:53","-0.011"
" 2024-09-23 00:47:33","-0.012"
" 2024-09-23 01:02:35","-0.011"
" 2024-09-23 01:20:57","-0.009"
" 2024-09-23 03:31:32","-0.011"
" 2024-09-23 03:41:34","-0.01"
" 2024-09-23 04:01:53","-0.011"
" 2024-09-23 04:02:08","-0.009"
" 2024-09-23 06:09:58","-0.01"
" 2024-09-23 06:20:06","-0.009"
" 2024-09-23 07:40:47","0.334"
" 2024-09-23 07:58:16","2.536"
" 2024-09-23 08:08:18","2.46"
" 2024-09-23 08:30:33","-0.008"
" 2024-09-23 08:41:13","-0.007"
" 2024-09-23 09:14:53","-0.008"
" 2024-09-23 09:56:27","-0.009"
" 2024-09-23 10:08:17","-0.01"
" 2024-09-23 10:52:16","-0.009"
" 2024-09-23 11:18:23","0"
" 2024-09-23 11:18:30","2.626"
" 2024-09-23 11:58:53","2.385"
" 2024-09-23 12:02:52","-0.005"
" 2024-09-23 12:33:07","-0.008"
" 2024-09-23 12:57:17","-0.008"
" 2024-09-23 13:34:18","-0.01"
" 2024-09-23 14:21:37","-0.009"
" 2024-09-23 15:01:30","-0.011"
" 2024-09-23 15:12:26","-0.01"
" 2024-09-23 15:35:34","-0.01"
" 2024-09-23 17:28:12","-0.011"
" 2024-09-23 17:48:17","-0.01"
" 2024-09-23 17:58:34","-0.011"
" 2024-09-23 18:11:41","-0.01"
" 2024-09-23 18:21:49","-0.011"
" 2024-09-23 19:48:55","-0.01"
" 2024-09-23 20:07:16","-0.011"
" 2024-09-23 21:16:44","-0.011"
" 2024-09-23 21:45:02","-0.012"
" 2024-09-23 22:04:57","-0.011"
" 2024-09-23 23:17:30","-0.012"
" 2024-09-23 23:31:44","-0.009"
" 2024-09-23 23:54:47","-0.011"
" 2024-09-24 00:04:57","-0.009"
" 2024-09-24 00:47:39","-0.01"
" 2024-09-24 01:09:46","-0.009"
" 2024-09-24 02:26:17","-0.01"
" 2024-09-24 02:36:19","-0.009"
" 2024-09-24 02:57:09","-0.009"
" 2024-09-24 03:07:41","-0.011"
" 2024-09-24 03:54:51","-0.009"
" 2024-09-24 04:54:19","-0.01"
" 2024-09-24 05:04:26","-0.009"
" 2024-09-24 07:11:08","-0.01"
" 2024-09-24 07:21:16","-0.009"
" 2024-09-24 07:41:52","-0.01"
" 2024-09-24 08:49:38","2.067"
" 2024-09-24 08:51:03","1.898"
" 2024-09-24 08:58:31","2.548"
" 2024-09-24 09:08:33","2.524"
" 2024-09-24 09:50:37","-0.007"
" 2024-09-24 10:16:41","-0.008"
" 2024-09-24 11:20:46","-0.01"
" 2024-09-24 11:45:51","2.714"
" 2024-09-24 11:56:08","2.538"
" 2024-09-24 12:06:10","2.451"
" 2024-09-24 12:45:46","-0.008"
" 2024-09-24 13:08:55","-0.007"
" 2024-09-24 13:58:02","-0.01"
" 2024-09-24 14:09:21","-0.009"
" 2024-09-24 14:43:03","-0.011"
" 2024-09-24 15:19:34","-0.01"
" 2024-09-24 15:32:49","-0.011"
" 2024-09-24 16:17:42","-0.01"
" 2024-09-24 16:50:05","-0.011"
" 2024-09-24 17:03:14","-0.011"
" 2024-09-24 17:17:21","-0.011"
" 2024-09-24 18:03:10","-0.011"
" 2024-09-24 18:48:11","-0.01"
" 2024-09-24 18:58:34","-0.011"
" 2024-09-24 19:09:16","-0.011"
" 2024-09-24 19:21:29","-0.01"
" 2024-09-24 19:56:05","-0.011"
" 2024-09-24 21:18:01","-0.011"
" 2024-09-24 21:42:48","-0.011"
" 2024-09-24 21:52:53","-0.011"
" 2024-09-24 22:02:55","-0.012"
" 2024-09-24 22:21:41","-0.011"
" 2024-09-24 23:38:56","-0.012"
" 2024-09-25 00:02:45","-0.011"
" 2024-09-25 00:12:53","-0.012"
" 2024-09-25 00:33:00","-0.011"
" 2024-09-25 02:00:00","-0.012"
" 2024-09-25 02:58:33","2.375"
" 2024-09-25 03:00:21","2.491"
" 2024-09-25 03:10:24","2.545"
" 2024-09-25 03:21:20","-0.011"
" 2024-09-25 03:41:53","-0.008"
" 2024-09-25 04:12:25","-0.009"
" 2024-09-25 04:23:21","-0.01"
" 2024-09-25 04:50:08","-0.009"
" 2024-09-25 05:10:36","-0.01"
" 2024-09-25 05:21:25","-0.011"
" 2024-09-25 06:01:41","-0.01"
" 2024-09-25 07:19:33","-0.011"
" 2024-09-25 07:34:42","-0.011"
" 2024-09-25 08:01:45","2.453"
" 2024-09-25 08:07:48","2.543"
" 2024-09-25 08:48:20","-0.008"
" 2024-09-25 08:59:17","-0.007"
" 2024-09-25 09:27:10","-0.008"
" 2024-09-25 10:18:49","-0.009"
" 2024-09-25 10:45:43","-0.01"
" 2024-09-25 11:18:10","-0.009"
" 2024-09-25 11:56:01","-0.011"
" 2024-09-25 11:59:14","2.575"
" 2024-09-25 11:59:22","2.407"
" 2024-09-25 12:01:57","2.516"
" 2024-09-25 12:12:07","2.532"
" 2024-09-25 12:37:28","-0.008"
" 2024-09-25 12:47:30","-0.007"
" 2024-09-25 13:16:48","-0.008"
" 2024-09-25 13:49:01","-0.009"
" 2024-09-25 14:11:03","-0.01"
" 2024-09-25 14:23:01","-0.009"
" 2024-09-25 14:45:25","-0.01"
" 2024-09-25 15:09:05","-0.011"
" 2024-09-25 15:34:18","-0.01"
" 2024-09-25 16:38:13","-0.011"
" 2024-09-25 17:31:47","-0.01"
" 2024-09-25 17:53:32","-0.011"
" 2024-09-25 18:12:55","-0.011"
" 2024-09-25 18:23:01","-0.011"
" 2024-09-25 18:42:09","-0.011"
" 2024-09-25 19:28:31","-0.011"
" 2024-09-25 19:43:48","-0.011"
" 2024-09-25 21:45:17","-0.011"
" 2024-09-25 22:02:01","-0.011"
" 2024-09-25 22:30:20","-0.011"
" 2024-09-26 00:24:52","-0.012"
" 2024-09-26 00:49:58","-0.011"
" 2024-09-26 01:08:38","-0.011"
" 2024-09-26 02:28:59","-0.012"
" 2024-09-26 02:52:47","2.557"
" 2024-09-26 03:01:56","2.455"
" 2024-09-26 03:29:19","-0.008"
" 2024-09-26 04:41:59","-0.01"
" 2024-09-26 04:52:16","-0.009"
" 2024-09-26 05:59:47","-0.011"
" 2024-09-26 06:09:49","-0.01"
" 2024-09-26 06:41:04","-0.011"
" 2024-09-26 07:41:12","-0.01"
" 2024-09-26 07:57:32","-0.011"
" 2024-09-26 08:12:56","-0.011"
" 2024-09-26 08:47:26","2.544"
" 2024-09-26 08:57:28","2.541"
" 2024-09-26 09:07:30","2.454"
" 2024-09-26 09:26:55","-0.007"
" 2024-09-26 09:47:38","-0.007"
" 2024-09-26 10:00:43","-0.008"
" 2024-09-26 11:01:27","-0.009"
" 2024-09-26 11:06:59","2.709"
" 2024-09-26 11:50:05","-0.01"
" 2024-09-26 12:00:54","-0.007"
" 2024-09-26 12:50:46","-0.008"
" 2024-09-26 13:33:52","-0.01"
" 2024-09-26 13:44:40","-0.009"
" 2024-09-26 14:11:24","-0.01"
" 2024-09-26 14:25:58","-0.011"
" 2024-09-26 14:52:59","-0.01"
" 2024-09-26 15:05:50","-0.011"
" 2024-09-26 15:49:34","-0.01"
" 2024-09-26 16:19:55","-0.011"
" 2024-09-26 16:35:27","-0.011"
" 2024-09-26 16:51:18","-0.011"
" 2024-09-26 17:22:48","-0.01"
" 2024-09-26 17:32:50","-0.011"
" 2024-09-26 18:12:42","-0.011"
" 2024-09-26 18:31:50","-0.011"
" 2024-09-26 19:36:47","-0.011"
" 2024-09-26 19:48:29","-0.011"
" 2024-09-26 20:08:35","-0.011"
" 2024-09-26 20:37:30","-0.011"
" 2024-09-26 20:47:42","-0.011"
" 2024-09-26 21:33:58","-0.011"
" 2024-09-26 21:56:23","-0.011"
" 2024-09-26 22:07:57","-0.012"
" 2024-09-26 22:28:17","-0.011"
" 2024-09-26 23:02:45","-0.012"
" 2024-09-26 23:28:37","-0.011"
" 2024-09-27 00:29:21","-0.012"
" 2024-09-27 01:08:13","-0.011"
" 2024-09-27 02:04:38","-0.012"
" 2024-09-27 02:28:34","-0.011"
" 2024-09-27 03:13:29","-0.012"
" 2024-09-27 03:24:09","-0.011"
" 2024-09-27 03:34:17","-0.012"
" 2024-09-27 04:34:22","-0.011"
" 2024-09-27 05:17:20","-0.012"
" 2024-09-27 05:31:29","-0.011"
" 2024-09-27 05:41:44","-0.012"
" 2024-09-27 06:27:10","1.69"
" 2024-09-27 06:40:56","2.587"
" 2024-09-27 06:41:19","-0.014"
" 2024-09-27 06:51:21","-0.009"
" 2024-09-27 07:28:30","-0.01"
" 2024-09-27 07:42:48","-0.011"
" 2024-09-27 08:20:22","-0.01"
" 2024-09-27 08:33:44","-0.011"
" 2024-09-27 08:53:25","2.545"
" 2024-09-27 09:03:27","2.46"
" 2024-09-27 09:08:20","-0.008"
" 2024-09-27 09:40:19","-0.008"
" 2024-09-27 10:25:20","-0.009"
" 2024-09-27 10:35:24","-0.01"
" 2024-09-27 10:46:19","-0.009"
" 2024-09-27 11:09:52","2.112"
" 2024-09-27 11:13:36","-0.011"
" 2024-09-27 11:14:14","2.664"
" 2024-09-27 11:51:33","-0.007"
" 2024-09-27 12:10:02","-0.008"
" 2024-09-27 13:03:50","-0.009"
" 2024-09-27 13:14:15","-0.01"
" 2024-09-27 13:47:41","-0.01"
" 2024-09-27 14:11:36","-0.009"
" 2024-09-27 14:34:06","-0.011"
" 2024-09-27 14:44:47","-0.01"
" 2024-09-27 15:12:49","-0.011"
" 2024-09-27 16:11:12","-0.01"
" 2024-09-27 16:21:22","-0.011"
" 2024-09-27 16:47:11","-0.011"
" 2024-09-27 17:13:58","-0.011"
" 2024-09-27 17:35:11","-0.011"
" 2024-09-27 18:03:44","-0.011"
" 2024-09-27 18:14:09","-0.01"
" 2024-09-27 18:47:41","-0.011"
" 2024-09-27 19:12:09","-0.011"
" 2024-09-27 19:39:08","-0.011"
" 2024-09-27 20:05:30","-0.011"
" 2024-09-27 20:25:18","-0.011"
" 2024-09-27 20:36:08","-0.011"
" 2024-09-27 21:21:30","-0.011"
" 2024-09-27 21:48:09","-0.012"
" 2024-09-27 21:58:19","-0.011"
" 2024-09-27 22:35:37","-0.012"
" 2024-09-27 23:05:48","-0.011"
" 2024-09-28 00:11:40","-0.012"
" 2024-09-28 00:32:09","-0.011"
" 2024-09-28 00:55:54","-0.011"
" 2024-09-28 01:31:55","-0.012"
" 2024-09-28 02:12:35","-0.011"
" 2024-09-28 02:29:01","-0.012"
" 2024-09-28 04:05:07","-0.011"
" 2024-09-28 04:45:29","-0.012"
" 2024-09-28 06:51:11","-0.013"
" 2024-09-28 07:14:20","-0.011"
" 2024-09-28 07:31:01","-0.012"
" 2024-09-28 07:46:37","2.557"
" 2024-09-28 07:56:38","2.517"
" 2024-09-28 08:06:40","2.43"
" 2024-09-28 08:37:55","-0.007"
" 2024-09-28 08:48:13","-0.006"
" 2024-09-28 09:00:03","-0.007"
" 2024-09-28 09:21:31","-0.008"
" 2024-09-28 10:33:46","-0.009"
" 2024-09-28 11:02:29","-0.01"
" 2024-09-28 11:27:03","-0.009"
" 2024-09-28 11:39:16","-0.01"
" 2024-09-28 12:10:16","-0.009"
" 2024-09-28 12:42:33","-0.011"
" 2024-09-28 12:54:44","-0.01"
" 2024-09-28 13:07:38","-0.011"
" 2024-09-28 13:46:04","-0.01"
" 2024-09-28 14:06:33","-0.011"
" 2024-09-28 14:32:39","-0.01"
" 2024-09-28 14:55:08","-0.011"
" 2024-09-28 15:38:38","-0.011"
" 2024-09-28 16:03:13","-0.01"
" 2024-09-28 16:57:43","-0.011"
" 2024-09-28 17:08:09","-0.012"
" 2024-09-28 17:37:37","-0.01"
" 2024-09-28 17:55:35","-0.011"
" 2024-09-28 18:22:51","-0.011"
" 2024-09-28 18:52:51","-0.012"
" 2024-09-28 19:06:42","-0.011"
" 2024-09-28 23:22:49","-0.012"
" 2024-09-28 23:43:24","-0.011"
" 2024-09-28 23:53:26","-0.012"
" 2024-09-29 00:10:38","-0.011"
" 2024-09-29 00:38:09","-0.009"
" 2024-09-29 00:58:36","-0.009"
" 2024-09-29 01:13:26","-0.01"
" 2024-09-29 01:35:17","-0.011"
" 2024-09-29 01:45:19","-0.01"
" 2024-09-29 02:05:39","-0.011"
" 2024-09-29 02:19:22","-0.009"
" 2024-09-29 02:53:04","-0.009"
" 2024-09-29 03:35:10","-0.01"
" 2024-09-29 03:45:17","-0.009"
" 2024-09-29 04:50:16","-0.01"
" 2024-09-29 07:28:44","2.184"
" 2024-09-29 07:29:00","1.893"
" 2024-09-29 07:45:58","2.547"
" 2024-09-29 07:56:00","2.465"
" 2024-09-29 08:06:02","2.416"
" 2024-09-29 08:47:34","-0.006"
" 2024-09-29 09:08:39","-0.005"
" 2024-09-29 09:54:11","-0.008"
" 2024-09-29 10:06:24","-0.007"
" 2024-09-29 11:24:42","-0.008"
" 2024-09-29 13:23:56","-0.009"
" 2024-09-29 13:36:46","-0.008"
" 2024-09-29 14:07:55","2.162"
" 2024-09-29 14:23:13","2.554"
" 2024-09-29 14:52:40","-0.009"
" 2024-09-29 15:03:51","-0.007"
" 2024-09-29 15:26:04","-0.008"
" 2024-09-29 15:49:10","-0.008"
" 2024-09-29 16:19:13","-0.009"
" 2024-09-29 16:29:23","-0.01"
" 2024-09-29 17:52:24","-0.009"
" 2024-09-29 18:02:26","-0.01"
" 2024-09-29 18:12:44","-0.011"
" 2024-09-29 19:11:59","-0.01"
" 2024-09-29 19:34:22","-0.011"
" 2024-09-29 23:10:42","-0.012"
" 2024-09-29 23:31:15","-0.011"
" 2024-09-30 01:07:34","-0.012"
" 2024-09-30 01:17:50","-0.011"
" 2024-09-30 01:56:56","-0.011"
" 2024-09-30 02:06:57","-0.011"
" 2024-09-30 02:48:21","-0.012"
" 2024-09-30 03:07:29","-0.011"
" 2024-09-30 03:19:27","-0.012"
" 2024-09-30 03:56:20","-0.012"
" 2024-09-30 05:21:20","-0.011"
" 2024-09-30 05:59:06","-0.012"
" 2024-09-30 07:23:49","-0.011"
" 2024-09-30 07:36:41","-0.012"
" 2024-09-30 07:58:18","-0.011"
" 2024-09-30 08:08:18","-0.012"
" 2024-09-30 08:36:51","2.555"
" 2024-09-30 08:57:02","2.424"
" 2024-09-30 09:07:04","2.381"
" 2024-09-30 09:45:44","-0.008"
" 2024-09-30 10:51:35","-0.01"
" 2024-09-30 11:36:37","-0.009"
" 2024-09-30 12:19:09","-0.011"
" 2024-09-30 15:03:19","-0.01"
" 2024-09-30 15:20:25","-0.011"
" 2024-09-30 15:38:47","-0.011"
" 2024-09-30 16:53:31","-0.012"
" 2024-09-30 17:03:48","-0.011"
" 2024-09-30 17:25:09","-0.012"
" 2024-09-30 17:53:50","-0.012"
" 2024-09-30 18:38:02","-0.011"
" 2024-09-30 19:28:20","-0.012"
" 2024-09-30 19:46:18","-0.011"
" 2024-09-30 21:17:47","-0.012"
" 2024-09-30 21:28:38","-0.011"
" 2024-09-30 21:40:42","-0.012"
" 2024-09-30 22:16:48","-0.011"
" 2024-09-30 22:27:07","-0.011"
" 2024-09-30 22:54:52","-0.011"
" 2024-09-30 23:43:08","-0.012"
" 2024-10-01 02:50:23","-0.011"
" 2024-10-01 03:51:20","-0.012"
" 2024-10-01 06:44:13","-0.011"
" 2024-10-01 06:54:15","-0.012"
" 2024-10-01 07:04:17","-0.011"
" 2024-10-01 07:14:19","-0.012"
" 2024-10-01 07:26:24","2.525"
" 2024-10-01 07:56:30","2.403"
" 2024-10-01 08:06:31","2.374"
" 2024-10-01 08:08:35","-0.009"
" 2024-10-01 08:29:02","-0.008"
" 2024-10-01 09:30:45","-0.01"
" 2024-10-01 09:54:25","-0.009"
" 2024-10-01 10:31:03","-0.011"
" 2024-10-01 10:56:17","-0.01"
" 2024-10-01 11:11:27","-0.011"
" 2024-10-01 12:05:36","-0.01"
" 2024-10-01 12:50:21","-0.011"
" 2024-10-01 13:10:00","-0.011"
" 2024-10-01 13:21:39","-0.01"
" 2024-10-01 13:33:21","-0.011"
" 2024-10-01 14:55:24","-0.012"
" 2024-10-01 15:05:57","-0.011"
" 2024-10-01 15:28:04","-0.012"
" 2024-10-01 15:42:51","-0.011"
" 2024-10-01 17:13:29","-0.012"
" 2024-10-01 17:35:23","-0.011"
" 2024-10-01 18:23:19","-0.012"
" 2024-10-01 20:03:25","-0.011"
" 2024-10-01 21:32:41","-0.011"
" 2024-10-01 22:18:01","-0.012"
" 2024-10-01 22:28:03","-0.011"
" 2024-10-01 22:38:21","-0.012"
" 2024-10-01 23:44:46","-0.011"
" 2024-10-02 00:05:12","-0.012"
" 2024-10-02 00:56:04","-0.011"
" 2024-10-02 01:55:06","-0.012"
" 2024-10-02 04:16:05","-0.011"
" 2024-10-02 04:26:13","-0.012"
" 2024-10-02 04:36:25","-0.011"
" 2024-10-02 05:02:00","-0.012"
" 2024-10-02 05:12:36","-0.011"
" 2024-10-02 05:22:43","-0.012"
" 2024-10-02 08:46:04","2.2"
" 2024-10-02 08:47:06","1.956"
" 2024-10-02 08:53:32","2.488"
" 2024-10-02 09:03:34","2.558"
" 2024-10-02 09:38:12","-0.008"
" 2024-10-02 09:59:34","2.53"
" 2024-10-02 10:08:19","2.428"
" 2024-10-02 10:56:50","-0.007"
" 2024-10-02 11:27:57","-0.008"
" 2024-10-02 11:36:53","2.657"
" 2024-10-02 11:58:00","2.394"
" 2024-10-02 12:08:02","2.377"
" 2024-10-02 12:18:59","-0.008"
" 2024-10-02 12:56:50","-0.007"
" 2024-10-02 13:07:08","-0.008"
" 2024-10-02 14:02:44","-0.01"
" 2024-10-02 14:46:14","-0.009"
" 2024-10-02 15:17:53","-0.011"
" 2024-10-02 15:28:03","-0.01"
" 2024-10-02 15:56:07","-0.01"
" 2024-10-02 16:07:26","-0.011"
" 2024-10-02 16:30:44","-0.01"
" 2024-10-02 17:24:02","-0.011"
" 2024-10-02 19:52:03","-0.01"
" 2024-10-02 20:07:27","-0.011"
" 2024-10-02 21:06:32","-0.011"
" 2024-10-02 21:30:53","-0.011"
" 2024-10-02 21:41:02","-0.011"
" 2024-10-02 23:08:33","-0.011"
" 2024-10-02 23:37:00","-0.011"
" 2024-10-03 00:28:08","-0.012"
" 2024-10-03 00:50:55","-0.011"
" 2024-10-03 01:01:03","-0.012"
" 2024-10-03 01:29:22","-0.011"
" 2024-10-03 01:50:54","-0.012"
" 2024-10-03 02:01:04","-0.011"
" 2024-10-03 02:54:59","2.565"
" 2024-10-03 03:03:52","2.463"
" 2024-10-03 03:40:39","-0.007"
" 2024-10-03 04:05:26","-0.008"
" 2024-10-03 04:47:48","-0.009"
" 2024-10-03 05:12:22","-0.01"
" 2024-10-03 05:56:59","-0.009"
" 2024-10-03 06:25:40","-0.011"
" 2024-10-03 07:44:14","-0.01"
" 2024-10-03 07:59:15","-0.011"
" 2024-10-03 08:16:47","-0.01"
" 2024-10-03 08:32:57","-0.011"
" 2024-10-03 08:57:34","2.543"
" 2024-10-03 09:07:43","2.537"
" 2024-10-03 09:31:15","-0.008"
" 2024-10-03 09:43:13","-0.007"
" 2024-10-03 10:02:36","-0.008"
" 2024-10-03 10:44:18","-0.01"
" 2024-10-03 11:17:44","-0.009"
" 2024-10-03 11:42:19","-0.011"
" 2024-10-03 11:52:21","-0.01"
" 2024-10-03 12:03:01","-0.011"
" 2024-10-03 12:28:22","2.559"
" 2024-10-03 12:58:28","2.417"
" 2024-10-03 13:08:29","-0.007"
" 2024-10-03 13:40:55","-0.008"
" 2024-10-03 14:22:45","-0.009"
" 2024-10-03 14:34:58","-0.01"
" 2024-10-03 14:45:08","-0.009"
" 2024-10-03 15:46:58","-0.01"
" 2024-10-03 15:58:58","-0.011"
" 2024-10-03 16:36:46","-0.01"
" 2024-10-03 17:35:17","-0.011"
" 2024-10-03 18:02:33","-0.01"
" 2024-10-03 18:15:08","-0.011"
" 2024-10-03 18:45:15","-0.01"
" 2024-10-03 19:01:41","-0.011"
" 2024-10-03 20:04:30","-0.011"
" 2024-10-03 20:17:06","-0.011"
" 2024-10-03 21:22:55","-0.011"
" 2024-10-03 23:33:05","-0.011"
" 2024-10-03 23:50:42","-0.011"
" 2024-10-04 00:59:46","-0.012"
" 2024-10-04 01:40:11","-0.011"
" 2024-10-04 01:50:13","-0.012"
" 2024-10-04 02:40:15","0.266"
" 2024-10-04 02:58:15","2.559"
" 2024-10-04 03:06:37","2.457"
" 2024-10-04 03:49:58","-0.007"
" 2024-10-04 04:10:08","-0.008"
" 2024-10-04 04:55:02","-0.01"
" 2024-10-04 05:18:04","-0.009"
" 2024-10-04 05:51:07","-0.011"
" 2024-10-04 06:16:50","-0.01"
" 2024-10-04 06:27:38","-0.011"
" 2024-10-04 06:39:27","-0.01"
" 2024-10-04 07:26:02","-0.011"
" 2024-10-04 07:54:36","2.579"
" 2024-10-04 08:04:37","2.539"
" 2024-10-04 08:42:57","-0.007"
" 2024-10-04 09:04:47","-0.008"
" 2024-10-04 09:55:53","-0.01"
" 2024-10-04 10:06:03","-0.009"
" 2024-10-04 10:18:16","-0.01"
" 2024-10-04 10:46:57","2.607"
" 2024-10-04 10:56:58","2.542"
" 2024-10-04 11:07:01","2.462"
" 2024-10-04 11:30:10","-0.008"
" 2024-10-04 11:40:59","-0.007"
" 2024-10-04 12:01:08","-0.008"
" 2024-10-04 12:11:27","-0.007"
" 2024-10-04 12:24:09","-0.008"
" 2024-10-04 13:07:32","-0.01"
" 2024-10-04 13:17:35","-0.009"
" 2024-10-04 13:27:52","-0.01"
" 2024-10-04 14:02:12","-0.009"
" 2024-10-04 14:13:16","-0.011"
" 2024-10-04 14:51:43","-0.011"
" 2024-10-04 16:10:57","-0.01"
" 2024-10-04 16:41:41","-0.011"
" 2024-10-04 17:09:18","-0.011"
" 2024-10-04 18:09:41","-0.011"
" 2024-10-04 18:20:52","-0.011"
" 2024-10-04 19:27:37","-0.011"
" 2024-10-04 20:35:25","-0.012"
" 2024-10-04 20:57:30","-0.011"
" 2024-10-04 22:58:04","-0.012"
" 2024-10-04 23:19:02","-0.011"
" 2024-10-04 23:36:45","-0.011"
" 2024-10-04 23:57:12","-0.011"
" 2024-10-05 00:00:00","-0.011"
"",""