{
    "tagnames": [
        "3370-01-AI215",
        "3370-01-AI216",
        "3370-01-AI217",
        "3370-01-G-MODE",
        "3370-01-P-MODE"
    ],
    "target_tagnames": [
        "3370-01-AI215",
        "3370-01-AI216",
        "3370-01-AI217",
        "3370-01-G-MODE",
        "3370-01-P-MODE"
    ],
    "data_params": {
        "sampling_interval_seconds": 5,
        "durations": [
            {
                "start": "2023-11-25 00:00:10.466",
                "end": "2024-05-14 03:31:17.862"
            },
            {
                "start": "2024-05-15 02:38:46.717",
                "end": "2024-06-13 06:10:04.580"
            },
            {
                "start": "2024-06-14 08:10:59.541",
                "end": "2024-06-27 05:28:32.977"
            },
            {
                "start": "2024-07-09 03:38:37.557",
                "end": "2024-09-04 00:00:00.000"
            }
        ]
    },
    "model_params": {
        "window_size": 8,
        "scaler_type": "MinMaxScaler",
        "optimizer_type": "ADAM"
    },
    "hyper_params": {
        "num_epochs": 300,
        "batch_size": 1024,
        "learning_rate": 0.001,
        "early_stop_patience": 9223372036854775807
    }
}