{
    "tagnames": [
        "3370-01-AI014",
        "3370-01-AI007",
        "3370-01-AI008",
        "3370-01-AI009",
        "3370-01-AI013",
        "3370-01-AI015",
        "3370-01-P-MODE",
        "3370-01-G-MODE"
    ],
    "target_tagnames": [
        "3370-01-AI014",
        "3370-01-AI007",
        "3370-01-AI008",
        "3370-01-AI009",
        "3370-01-AI013",
        "3370-01-AI015",
        "3370-01-P-MODE",
        "3370-01-G-MODE"
    ],
    "data_params": {
        "sampling_interval_seconds": 5,
        "durations": [
            {
                "start": "2023-11-24 16:18:11.486",
                "end": "2024-02-19 05:44:10.095"
            },
            {
                "start": "2024-02-20 20:39:00.344",
                "end": "2024-03-21 10:49:47.380"
            },
            {
                "start": "2024-03-23 01:44:37.629",
                "end": "2024-05-13 20:33:29.942"
            },
            {
                "start": "2024-05-15 01:44:37.629",
                "end": "2024-06-12 15:36:08.260"
            },
            {
                "start": "2024-06-14 08:56:54.149",
                "end": "2024-06-24 00:00:00.000"
            }
        ]
    },
    "model_params": {
        "window_size": 8,
        "scaler_type": "MinMaxScaler",
        "optimizer_type": "ADAM"
    },
    "hyper_params": {
        "num_epochs": 300,
        "batch_size": 1024,
        "learning_rate": 0.001,
        "early_stop_patience": 9223372036854775807
    }
}