{
    "tagnames": [
        "3370-01-G-MODE",
        "3370-01-P-MODE",
        "3370-01-AI210",
        "3370-01-AI211",
        "3370-01-GEN-AI019-OUT",
        "3370-01-GEN-AI020",
        "3370-01-GEN-AI021",
        "3370-01-GEN-AI022",
        "3370-01-GEN-AI023",
        "3370-01-GEN-AI024",
        "3370-01-GEN-AI025",
        "3370-01-GEN-AI026",
        "3370-01-GEN-AI027",
        "3370-01-GEN-AI029",
        "3370-01-GEN-AI028",
        "3370-01-GEN-AI030",
        "3370-01-GEN-AI031",
        "3370-01-GEN-AI032",
        "3370-01-GEN-AI033",
        "3370-01-GEN-AI034",
        "3370-01-GEN-AI035",
        "3370-01-GEN-AI036",
        "3370-01-GEN-AI037",
        "3370-01-GEN-AI038"
    ],
    "target_tagnames": [
        "3370-01-G-MODE",
        "3370-01-P-MODE",
        "3370-01-AI210",
        "3370-01-AI211",
        "3370-01-GEN-AI019-OUT",
        "3370-01-GEN-AI020",
        "3370-01-GEN-AI021",
        "3370-01-GEN-AI022",
        "3370-01-GEN-AI023",
        "3370-01-GEN-AI024",
        "3370-01-GEN-AI025",
        "3370-01-GEN-AI026",
        "3370-01-GEN-AI027",
        "3370-01-GEN-AI029",
        "3370-01-GEN-AI028",
        "3370-01-GEN-AI030",
        "3370-01-GEN-AI031",
        "3370-01-GEN-AI032",
        "3370-01-GEN-AI033",
        "3370-01-GEN-AI034",
        "3370-01-GEN-AI035",
        "3370-01-GEN-AI036",
        "3370-01-GEN-AI037",
        "3370-01-GEN-AI038"
    ],
    "data_params": {
        "sampling_interval_seconds": 5,
        "durations": [
            {
                "start": "2023-11-25 01:09:09",
                "end": "2024-02-24 00:00:00"
            }
        ]
    },
    "model_params": {
        "window_size": 8,
        "scaler_type": "MinMaxScaler",
        "optimizer_type": "ADAM"
    },
    "hyper_params": {
        "num_epochs": 300,
        "batch_size": 1024,
        "learning_rate": 0.001,
        "early_stop_patience": 9223372036854775807
    }
}