{
    "tagnames": [
        "3370-01-STR-PROTECT-AI001",
        "3370-01-STR-PROTECT-AI002"
    ],
    "target_tagnames": [
        "3370-01-STR-PROTECT-AI001",
        "3370-01-STR-PROTECT-AI002"
    ],
    "data_params": {
        "sampling_interval_seconds": 5,
        "durations": [
            {
                "start": "2023-11-24 23:55:09.485",
                "end": "2023-12-19 21:43:42.562"
            },
            {
                "start": "2023-12-21 13:44:37.629",
                "end": "2024-05-13 19:04:00.917"
            },
            {
                "start": "2024-05-15 01:04:42.217",
                "end": "2024-06-13 02:50:42.447"
            },
            {
                "start": "2024-06-14 08:51:23.747",
                "end": "2024-06-19 23:54:29.598"
            },
            {
                "start": "2024-06-21 08:25:14.340",
                "end": "2024-06-29 23:57:56.044"
            }
        ]
    },
    "model_params": {
        "window_size": 8,
        "scaler_type": "MinMaxScaler",
        "optimizer_type": "ADAM"
    },
    "hyper_params": {
        "num_epochs": 300,
        "batch_size": 1024,
        "learning_rate": 0.001,
        "early_stop_patience": 9223372036854775807
    }
}