{
    "tagnames": [
        "3370-02-AI098",
        "3370-02-AI099",
        "3370-02-AI201",
        "3370-02-AI202",
        "3370-02-AI202-1",
        "3370-02-EA5G5",
        "3370-02-G-MODE",
        "3370-02-P-MODE"
    ],
    "target_tagnames": [
        "3370-02-AI098",
        "3370-02-AI099",
        "3370-02-AI201",
        "3370-02-AI202",
        "3370-02-AI202-1",
        "3370-02-EA5G5",
        "3370-02-G-MODE",
        "3370-02-P-MODE"
    ],
    "data_params": {
        "sampling_interval_seconds": 5,
        "durations": [
            {
                "start": "2023-11-25 00:00:02.486",
                "end": "2024-05-14 00:37:51.755"
            },
            {
                "start": "2024-05-15 05:32:12.824",
                "end": "2024-05-28 08:36:38.473"
            },
            {
                "start": "2024-07-12 18:21:40.763",
                "end": "2024-09-04 00:00:00.000"
            }
        ]
    },
    "model_params": {
        "window_size": 8,
        "scaler_type": "MinMaxScaler",
        "optimizer_type": "ADAM"
    },
    "hyper_params": {
        "num_epochs": 10,
        "batch_size": 1024,
        "learning_rate": 0.001,
        "early_stop_patience": 9223372036854775807
    }
}