{
    "tagnames": [
        "3370-02-MTR-PROTECT-AI006",
        "3370-02-MTR-PROTECT-AI002",
        "3370-02-MTR-PROTECT-AI003",
        "3370-02-MTR-PROTECT-AI004",
        "3370-02-MTR-PROTECT-AI005",
        "3370-02-MTR-PROTECT-AI001"
    ],
    "target_tagnames": [
        "3370-02-MTR-PROTECT-AI006",
        "3370-02-MTR-PROTECT-AI002",
        "3370-02-MTR-PROTECT-AI003",
        "3370-02-MTR-PROTECT-AI004",
        "3370-02-MTR-PROTECT-AI005",
        "3370-02-MTR-PROTECT-AI001"
    ],
    "data_params": {
        "sampling_interval_seconds": 5,
        "durations": [
            {
                "start": "2023-11-24 23:30:46.546",
                "end": "2023-12-20 00:13:46.003"
            },
            {
                "start": "2023-12-21 06:14:27.304",
                "end": "2024-05-14 10:04:21.567"
            },
            {
                "start": "2024-05-15 13:34:59.426",
                "end": "2024-05-28 14:12:09.636"
            },
            {
                "start": "2024-05-28 14:11:29.269",
                "end": "2024-06-29 23:59:45.114"
            }
        ]
    },
    "model_params": {
        "window_size": 8,
        "scaler_type": "MinMaxScaler",
        "optimizer_type": "ADAM"
    },
    "hyper_params": {
        "num_epochs": 300,
        "batch_size": 1024,
        "learning_rate": 0.001,
        "early_stop_patience": 9223372036854775807
    }
}