{
    "tagnames": [
        "3370-20-AI011",
        "3370-20-AI012",
        "3370-20-AI013"
    ],
    "target_tagnames": [
        "3370-20-AI011",
        "3370-20-AI012",
        "3370-20-AI013"
    ],
    "data_params": {
        "sampling_interval_seconds": 5,
        "durations": [
            {
                "start": "2023-11-25 00:00:02.486",
                "end": "2024-05-14 06:24:43.969"
            },
            {
                "start": "2024-05-15 02:38:46.717",
                "end": "2024-06-13 06:10:04.580"
            },
            {
                "start": "2024-06-13 20:37:15.114",
                "end": "2024-06-27 02:35:06.870"
            },
            {
                "start": "2024-07-09 03:38:37.557",
                "end": "2024-09-03 23:59:53.885"
            }
        ]
    },
    "model_params": {
        "window_size": 8,
        "scaler_type": "MinMaxScaler",
        "optimizer_type": "ADAM"
    },
    "hyper_params": {
        "num_epochs": 300,
        "batch_size": 1024,
        "learning_rate": 0.001,
        "early_stop_patience": 9223372036854775807
    }
}