{
    "tagnames": [
        "3370-20-AI008",
        "3370-20-AI009",
        "3370-20-AI010"
    ],
    "target_tagnames": [
        "3370-20-AI008",
        "3370-20-AI009",
        "3370-20-AI010"
    ],
    "data_params": {
        "sampling_interval_seconds": 5,
        "durations": [
            {
                "start": "2023-11-24 23:59:55.485",
                "end": "2024-05-14 10:04:21.567"
            },
            {
                "start": "2024-05-15 03:34:45.659",
                "end": "2024-06-12 21:50:35.564"
            },
            {
                "start": "2024-06-14 01:21:13.422",
                "end": "2024-06-20 12:24:46.806"
            },
            {
                "start": "2024-06-21 15:55:24.665",
                "end": "2024-06-29 23:59:52.119"
            }
        ]
    },
    "model_params": {
        "window_size": 8,
        "scaler_type": "MinMaxScaler",
        "optimizer_type": "ADAM"
    },
    "hyper_params": {
        "num_epochs": 300,
        "batch_size": 1024,
        "learning_rate": 0.001,
        "early_stop_patience": 9223372036854775807
    }
}