{
    "tagnames": [
        "3370-02-G-MODE",
        "3370-02-P-MODE",
        "3370-02-AI105",
        "3370-02-AI106",
        "3370-02-AI107",
        "3370-02-AI108",
        "3370-02-AI146"
    ],
    "target_tagnames": [
        "3370-02-G-MODE",
        "3370-02-P-MODE",
        "3370-02-AI105",
        "3370-02-AI106",
        "3370-02-AI107",
        "3370-02-AI108",
        "3370-02-AI146"
    ],
    "data_params": {
        "sampling_interval_seconds": 5,
        "durations": [
            {
                "start": "2023-11-25 00:00:02.486",
                "end": "2024-01-20 02:48:00.000"
            },
            {
                "start": "2024-01-20 17:21:36.000",
                "end": "2024-02-24 00:00:00.000"
            }
        ]
    },
    "model_params": {
        "window_size": 8,
        "scaler_type": "MinMaxScaler",
        "optimizer_type": "ADAM"
    },
    "hyper_params": {
        "num_epochs": 300,
        "batch_size": 1024,
        "learning_rate": 0.001,
        "early_stop_patience": 9223372036854775807
    }
}