{
    "tagnames": [
        "3370-01-AI098",
        "3370-01-AI099",
        "3370-01-AI201",
        "3370-01-AI202",
        "3370-01-AI202-1",
        "3370-01-EA5G5",
        "3370-01-G-MODE",
        "3370-01-P-MODE"
    ],
    "target_tagnames": [
        "3370-01-AI098",
        "3370-01-AI099",
        "3370-01-AI201",
        "3370-01-AI202",
        "3370-01-AI202-1",
        "3370-01-EA5G5",
        "3370-01-G-MODE",
        "3370-01-P-MODE"
    ],
    "data_params": {
        "sampling_interval_seconds": 5,
        "durations": [
            {
                "start": "2023-11-25 00:00:02.486",
                "end": "2024-05-14 00:37:51.755"
            },
            {
                "start": "2024-05-15 05:32:12.824",
                "end": "2024-06-13 03:16:38.473"
            },
            {
                "start": "2024-06-14 11:04:25.648",
                "end": "2024-09-04 00:00:00.000"
            }
        ]
    },
    "model_params": {
        "window_size": 8,
        "scaler_type": "MinMaxScaler",
        "optimizer_type": "ADAM"
    },
    "hyper_params": {
        "num_epochs": 300,
        "batch_size": 1024,
        "learning_rate": 0.001,
        "early_stop_patience": 9223372036854775807
    }
}