{
    "tagnames": [
        "3370-01-G-MODE",
        "3370-01-P-MODE",
        "3370-01-TBN-AI058",
        "3370-01-TBN-AI059"
    ],
    "target_tagnames": [
        "3370-01-G-MODE",
        "3370-01-P-MODE",
        "3370-01-TBN-AI058",
        "3370-01-TBN-AI059"
    ],
    "data_params": {
        "sampling_interval_seconds": 5,
        "durations": [
            {
                "start": "2023-11-25 01:04:21.499",
                "end": "2024-05-14 00:37:51.755"
            },
            {
                "start": "2024-05-15 05:32:12.824",
                "end": "2024-06-13 03:16:38.473"
            },
            {
                "start": "2024-06-13 23:30:41.221",
                "end": "2024-06-26 09:14:30.229"
            },
            {
                "start": "2024-07-08 07:24:34.809",
                "end": "2024-09-04 00:00:00.000"
            }
        ]
    },
    "model_params": {
        "window_size": 8,
        "scaler_type": "MinMaxScaler",
        "optimizer_type": "ADAM"
    },
    "hyper_params": {
        "num_epochs": 300,
        "batch_size": 1024,
        "learning_rate": 0.001,
        "early_stop_patience": 9223372036854775807
    }
}