Timestamp,3370-01-AI098,3370-01-AI099,3370-01-AI201,3370-01-AI202-1,3370-01-AI202,3370-01-EA5G5,3370-01-G-MODE,3370-01-P-MODE
2024-08-06 12:30:00,0.005,-0.003,9.251,8.997,9.019,0.784,0,1
2024-08-06 12:30:05,0.005,-0.003,9.251,8.997,9.019,0.784,0,1
2024-08-06 12:30:10,0.005,-0.003,9.251,8.997,9.019,0.784,0,1
2024-08-06 12:30:15,0.005,-0.003,9.251,8.997,9.019,0.784,0,1
2024-08-06 12:30:20,0.005,-0.003,9.251,8.997,9.019,0.784,0,1
2024-08-06 12:30:25,0.005,-0.003,9.251,8.997,9.017,0.784,0,1
2024-08-06 12:30:30,0.005,-0.003,9.251,8.997,9.017,0.784,0,1
2024-08-06 12:30:35,0.005,-0.003,9.251,8.997,9.017,0.784,0,1
2024-08-06 12:30:40,0.005,-0.003,9.249,9.004,9.017,0.784,0,1
2024-08-06 12:30:45,0.005,-0.003,9.249,9.004,9.017,0.784,0,1
2024-08-06 12:30:50,0.005,-0.003,9.251,9.012,9.017,0.784,0,1
2024-08-06 12:30:55,0.005,-0.003,9.249,9.012,9.019,0.784,0,1
2024-08-06 12:31:00,0.005,-0.003,9.249,9.012,9.019,0.784,0,1
2024-08-06 12:31:05,0.005,-0.003,9.251,9.012,9.019,0.784,0,1
2024-08-06 12:31:10,0.005,-0.003,9.251,9.004,9.017,0.784,0,1
2024-08-06 12:31:15,0.005,-0.003,9.251,9.004,9.017,0.784,0,1
2024-08-06 12:31:20,0.005,-0.003,9.249,9.004,9.019,0.784,0,1
2024-08-06 12:31:25,0.005,-0.003,9.249,9.004,9.019,0.784,0,1
2024-08-06 12:31:30,0.005,-0.003,9.251,9.012,9.019,0.784,0,1
2024-08-06 12:31:35,0.005,-0.003,9.251,9.012,9.017,0.784,0,1
2024-08-06 12:31:40,0.005,-0.003,9.251,9.012,9.017,0.784,0,1
2024-08-06 12:31:45,0.005,-0.003,9.249,9.012,9.017,0.784,0,1
2024-08-06 12:31:50,0.005,-0.003,9.249,9.019,9.017,0.784,0,1
2024-08-06 12:31:55,0.005,-0.003,9.249,9.019,9.017,0.784,0,1
2024-08-06 12:32:00,0.005,-0.003,9.249,9.027,9.017,0.784,0,1
2024-08-06 12:32:05,0.005,-0.003,9.251,9.027,9.019,0.784,0,1
2024-08-06 12:32:10,0.005,-0.003,9.251,9.027,9.019,0.784,0,1
2024-08-06 12:32:15,0.005,-0.003,9.249,9.027,9.017,0.784,0,1
2024-08-06 12:32:20,0.005,-0.003,9.249,9.027,9.017,0.784,0,1
2024-08-06 12:32:25,0.005,-0.003,9.249,9.027,9.017,0.784,0,1
2024-08-06 12:32:30,0.005,-0.003,9.249,9.019,9.017,0.784,0,1
2024-08-06 12:32:35,0.005,-0.003,9.251,9.019,9.019,0.784,0,1
2024-08-06 12:32:40,0.005,-0.003,9.251,9.019,9.019,0.784,0,1
2024-08-06 12:32:45,0.005,-0.003,9.251,9.019,9.017,0.784,0,1
2024-08-06 12:32:50,0.005,-0.003,9.251,9.027,9.019,0.784,0,1
2024-08-06 12:32:55,0.005,-0.003,9.251,9.027,9.019,0.784,0,1
2024-08-06 12:33:00,0.005,-0.003,9.251,9.042,9.019,0.784,0,1
2024-08-06 12:33:05,0.005,-0.003,9.251,9.042,9.019,0.784,0,1
2024-08-06 12:33:10,0.005,-0.003,9.251,9.042,9.019,0.784,0,1
2024-08-06 12:33:15,0.006,-0.003,9.251,9.05,9.019,0.784,0,1
2024-08-06 12:33:20,0.006,-0.003,9.251,9.05,9.019,0.784,0,1
2024-08-06 12:33:25,0.005,-0.003,9.251,9.058,9.019,0.784,0,1
2024-08-06 12:33:30,0.005,-0.003,9.251,9.065,9.019,0.784,0,1
2024-08-06 12:33:35,0.005,-0.003,9.251,9.065,9.019,0.784,0,1
2024-08-06 12:33:40,0.005,-0.003,9.251,9.05,9.019,0.784,0,1
2024-08-06 12:33:45,0.005,-0.003,9.251,9.058,9.019,0.784,0,1
2024-08-06 12:33:50,0.005,-0.003,9.251,9.058,9.019,0.784,0,1
2024-08-06 12:33:55,0.005,-0.003,9.251,9.05,9.019,0.784,0,1
2024-08-06 12:34:00,0.005,-0.003,9.251,9.05,9.019,0.784,0,1
2024-08-06 12:34:05,0.005,-0.003,9.251,9.058,9.019,0.784,0,1
2024-08-06 12:34:10,0.005,-0.003,9.251,9.058,9.019,0.784,0,1
2024-08-06 12:34:15,0.005,-0.003,9.251,9.058,9.019,0.784,0,1
2024-08-06 12:34:20,0.005,-0.003,9.251,9.058,9.019,0.784,0,1
2024-08-06 12:34:25,0.005,-0.003,9.251,9.065,9.019,0.784,0,1
2024-08-06 12:34:30,0.005,-0.003,9.251,9.065,9.019,0.784,0,1
2024-08-06 12:34:35,0.005,-0.003,9.251,9.065,9.019,0.784,0,1
2024-08-06 12:34:40,0.005,-0.003,9.251,9.065,9.019,0.784,0,1
2024-08-06 12:34:45,0.005,-0.003,9.251,9.065,9.019,0.784,0,1
2024-08-06 12:34:50,0.005,-0.003,9.251,9.073,9.019,0.784,0,1
2024-08-06 12:34:55,0.005,-0.003,9.251,9.073,9.019,0.784,0,1
2024-08-06 12:35:00,0.005,-0.003,9.251,9.073,9.019,0.784,0,1
2024-08-06 12:35:05,0.005,-0.003,9.251,9.081,9.019,0.784,0,1
2024-08-06 12:35:10,0.005,-0.003,9.251,9.065,9.019,0.784,0,1
2024-08-06 12:35:15,0.005,-0.003,9.251,9.065,9.019,0.784,0,1
2024-08-06 12:35:20,0.005,-0.003,9.251,9.073,9.019,0.784,0,1
2024-08-06 12:35:25,0.005,-0.003,9.251,9.073,9.019,0.784,0,1
2024-08-06 12:35:30,0.005,-0.003,9.251,9.073,9.019,0.784,0,1
2024-08-06 12:35:35,0.005,-0.003,9.251,9.073,9.019,0.784,0,1
2024-08-06 12:35:40,0.005,-0.003,9.251,9.073,9.019,0.784,0,1
2024-08-06 12:35:45,0.005,-0.003,9.251,9.081,9.019,0.784,0,1
2024-08-06 12:35:50,0.005,-0.003,9.249,9.088,9.019,0.784,0,1
2024-08-06 12:35:55,0.005,-0.003,9.249,9.088,9.019,0.784,0,1
2024-08-06 12:36:00,0.005,-0.003,9.251,9.081,9.019,0.784,0,1
2024-08-06 12:36:05,0.005,-0.003,9.251,9.088,9.019,0.784,0,1
2024-08-06 12:36:10,0.005,-0.003,9.251,9.088,9.019,0.784,0,1
2024-08-06 12:36:15,0.005,-0.003,9.251,9.096,9.019,0.784,0,1
2024-08-06 12:36:20,0.005,-0.003,9.251,9.096,9.019,0.784,0,1
2024-08-06 12:36:25,0.005,-0.003,9.251,9.096,9.019,0.784,0,1
2024-08-06 12:36:30,0.005,-0.003,9.251,9.096,9.019,0.784,0,1
2024-08-06 12:36:35,0.005,-0.003,9.251,9.096,9.019,0.784,0,1
2024-08-06 12:36:40,0.005,-0.003,9.251,9.096,9.019,0.784,0,1
2024-08-06 12:36:45,0.005,-0.003,9.249,9.096,9.017,0.784,0,1
2024-08-06 12:36:50,0.005,-0.003,9.249,9.096,9.017,0.784,0,1
2024-08-06 12:36:55,0.005,-0.003,9.251,9.096,9.019,0.784,0,1
2024-08-06 12:37:00,0.005,-0.003,9.251,9.088,9.017,0.784,0,1
2024-08-06 12:37:05,0.005,-0.003,9.251,9.088,9.017,0.784,0,1
2024-08-06 12:37:10,0.005,-0.003,9.249,9.096,9.017,0.784,0,1
2024-08-06 12:37:15,0.005,-0.003,9.249,9.103,9.017,0.784,0,1
2024-08-06 12:37:20,0.005,-0.003,9.249,9.103,9.019,0.784,0,1
2024-08-06 12:37:25,0.005,-0.003,9.249,9.103,9.019,0.784,0,1
2024-08-06 12:37:30,0.005,-0.003,9.251,9.103,9.017,0.784,0,1
2024-08-06 12:37:35,0.005,-0.003,9.251,9.103,9.017,0.784,0,1
2024-08-06 12:37:40,0.005,-0.003,9.249,9.103,9.017,0.784,0,1
2024-08-06 12:37:45,0.005,-0.003,9.249,9.103,9.017,0.784,0,1
2024-08-06 12:37:50,0.005,-0.003,9.249,9.103,9.017,0.784,0,1
2024-08-06 12:37:55,0.005,-0.003,9.249,9.103,9.017,0.784,0,1
2024-08-06 12:38:00,0.005,-0.003,9.249,9.103,9.017,0.784,0,1
2024-08-06 12:38:05,0.005,-0.003,9.249,9.103,9.017,0.784,0,1
2024-08-06 12:38:10,0.005,-0.003,9.249,9.103,9.017,0.784,0,1
2024-08-06 12:38:15,0.005,-0.003,9.249,9.103,9.017,0.784,0,1
2024-08-06 12:38:20,0.005,-0.003,9.249,9.103,9.017,0.784,0,1
2024-08-06 12:38:25,0.005,-0.003,9.249,9.111,9.019,0.784,0,1
2024-08-06 12:38:30,0.005,-0.003,9.249,9.111,9.017,0.784,0,1
2024-08-06 12:38:35,0.005,-0.003,9.249,9.111,9.017,0.784,0,1
2024-08-06 12:38:40,0.005,-0.003,9.249,9.111,9.017,0.784,0,1
2024-08-06 12:38:45,0.006,-0.003,9.249,9.111,9.017,0.784,0,1
2024-08-06 12:38:50,0.006,-0.003,9.249,9.111,9.017,0.784,0,1
2024-08-06 12:38:55,0.005,-0.003,9.249,9.119,9.019,0.784,0,1
2024-08-06 12:39:00,0.005,-0.003,9.249,9.119,9.019,0.784,0,1
2024-08-06 12:39:05,0.005,-0.003,9.249,9.119,9.017,0.784,0,1
2024-08-06 12:39:10,0.005,-0.003,9.251,9.119,9.019,0.784,0,1
2024-08-06 12:39:15,0.005,-0.003,9.251,9.119,9.019,0.784,0,1
2024-08-06 12:39:20,0.005,-0.003,9.251,9.119,9.019,0.784,0,1
2024-08-06 12:39:25,0.005,-0.003,9.251,9.119,9.017,0.784,0,1
2024-08-06 12:39:30,0.005,-0.003,9.251,9.119,9.017,0.784,0,1
2024-08-06 12:39:35,0.005,-0.003,9.251,9.126,9.019,0.784,0,1
2024-08-06 12:39:40,0.005,-0.003,9.251,9.126,9.019,0.784,0,1
2024-08-06 12:39:45,0.005,-0.003,9.251,9.126,9.019,0.784,0,1
2024-08-06 12:39:50,0.005,-0.003,9.251,9.134,9.019,0.784,0,1
2024-08-06 12:39:55,0.005,-0.003,9.251,9.134,9.019,0.784,0,1
2024-08-06 12:40:00,0.005,-0.003,9.251,9.142,9.019,0.784,0,1
2024-08-06 12:40:05,0.006,-0.003,9.251,9.142,9.019,0.784,0,1
2024-08-06 12:40:10,0.006,-0.003,9.251,9.142,9.019,0.784,0,1
2024-08-06 12:40:15,0.005,-0.003,9.251,9.142,9.019,0.784,0,1
2024-08-06 12:40:20,0.005,-0.003,9.251,9.149,9.019,0.784,0,1
2024-08-06 12:40:25,0.005,-0.003,9.251,9.149,9.019,0.784,0,1
2024-08-06 12:40:30,0.005,-0.003,9.251,9.149,9.019,0.784,0,1
2024-08-06 12:40:35,0.005,-0.003,9.251,9.149,9.019,0.784,0,1
2024-08-06 12:40:40,0.005,-0.003,9.251,9.149,9.019,0.784,0,1
2024-08-06 12:40:45,0.005,-0.003,9.249,9.149,9.019,0.784,0,1
2024-08-06 12:40:50,0.005,-0.003,9.251,9.149,9.019,0.784,0,1
2024-08-06 12:40:55,0.005,-0.003,9.251,9.149,9.019,0.784,0,1
2024-08-06 12:41:00,0.005,-0.003,9.251,9.149,9.019,0.784,0,1
2024-08-06 12:41:05,0.005,-0.003,9.251,9.149,9.019,0.784,0,1
2024-08-06 12:41:10,0.005,-0.003,9.251,9.149,9.019,0.784,0,1
2024-08-06 12:41:15,0.005,-0.003,9.251,9.149,9.019,0.784,0,1
2024-08-06 12:41:20,0.005,-0.003,9.251,9.157,9.019,0.784,0,1
2024-08-06 12:41:25,0.005,-0.003,9.251,9.157,9.019,0.784,0,1
2024-08-06 12:41:30,0.005,-0.003,9.251,9.149,9.019,0.784,0,1
2024-08-06 12:41:35,0.005,-0.003,9.251,9.157,9.019,0.784,0,1
2024-08-06 12:41:40,0.005,-0.003,9.251,9.157,9.019,0.784,0,1
2024-08-06 12:41:45,0.005,-0.003,9.251,9.149,9.019,0.784,0,1
2024-08-06 12:41:50,0.005,-0.003,9.251,9.149,9.019,0.784,0,1
2024-08-06 12:41:55,0.005,-0.003,9.251,9.149,9.019,0.784,0,1
2024-08-06 12:42:00,0.005,-0.003,9.251,9.149,9.019,0.784,0,1
2024-08-06 12:42:05,0.005,-0.003,9.251,9.149,9.019,0.784,0,1
2024-08-06 12:42:10,0.005,-0.003,9.251,9.157,9.019,0.784,0,1
2024-08-06 12:42:15,0.005,-0.003,9.251,9.157,9.019,0.784,0,1
2024-08-06 12:42:20,0.005,-0.003,9.251,9.157,9.019,0.784,0,1
2024-08-06 12:42:25,0.005,-0.003,9.249,9.164,9.019,0.784,0,1
2024-08-06 12:42:30,0.005,-0.003,9.249,9.172,9.019,0.784,0,1
2024-08-06 12:42:35,0.005,-0.003,9.249,9.172,9.019,0.784,0,1
2024-08-06 12:42:40,0.005,-0.003,9.249,9.164,9.017,0.784,0,1
2024-08-06 12:42:45,0.005,-0.003,9.249,9.164,9.019,0.784,0,1
2024-08-06 12:42:50,0.005,-0.003,9.249,9.164,9.019,0.784,0,1
2024-08-06 12:42:55,0.005,-0.003,9.249,9.164,9.017,0.784,0,1
2024-08-06 12:43:00,0.005,-0.003,9.249,9.164,9.017,0.784,0,1
2024-08-06 12:43:05,0.005,-0.003,9.249,9.164,9.017,0.784,0,1
2024-08-06 12:43:10,0.005,-0.003,9.249,9.172,9.017,0.784,0,1
2024-08-06 12:43:15,0.005,-0.003,9.249,9.172,9.017,0.784,0,1
2024-08-06 12:43:20,0.005,-0.003,9.249,9.172,9.017,0.784,0,1
2024-08-06 12:43:25,0.005,-0.003,9.249,9.172,9.017,0.784,0,1
2024-08-06 12:43:30,0.005,-0.003,9.249,9.172,9.017,0.784,0,1
2024-08-06 12:43:35,0.005,-0.003,9.249,9.172,9.017,0.784,0,1
2024-08-06 12:43:40,0.005,-0.003,9.249,9.18,9.017,0.784,0,1
2024-08-06 12:43:45,0.005,-0.003,9.249,9.18,9.017,0.784,0,1
2024-08-06 12:43:50,0.005,-0.003,9.251,9.18,9.017,0.784,0,1
2024-08-06 12:43:55,0.005,-0.003,9.249,9.18,9.017,0.784,0,1
2024-08-06 12:44:00,0.005,-0.003,9.249,9.18,9.017,0.784,0,1
2024-08-06 12:44:05,0.005,-0.003,9.249,9.187,9.019,0.784,0,1
2024-08-06 12:44:10,0.005,-0.003,9.249,9.18,9.019,0.784,0,1
2024-08-06 12:44:15,0.005,-0.003,9.249,9.18,9.019,0.784,0,1
2024-08-06 12:44:20,0.005,-0.003,9.249,9.187,9.017,0.784,0,1
2024-08-06 12:44:25,0.005,-0.003,9.249,9.187,9.019,0.784,0,1
2024-08-06 12:44:30,0.005,-0.003,9.249,9.187,9.019,0.784,0,1
2024-08-06 12:44:35,0.006,-0.003,9.251,9.187,9.019,0.784,0,1
2024-08-06 12:44:40,0.005,-0.003,9.249,9.187,9.017,0.784,0,1
2024-08-06 12:44:45,0.005,-0.003,9.249,9.187,9.017,0.784,0,1
2024-08-06 12:44:50,0.005,-0.003,9.251,9.187,9.019,0.784,0,1
2024-08-06 12:44:55,0.005,-0.003,9.251,9.187,9.019,0.784,0,1
2024-08-06 12:45:00,0.005,-0.003,9.251,9.187,9.019,0.784,0,1
2024-08-06 12:45:05,0.005,-0.003,9.251,9.187,9.019,0.784,0,1
2024-08-06 12:45:10,0.005,-0.003,9.251,9.187,9.019,0.784,0,1
2024-08-06 12:45:15,0.005,-0.003,9.251,9.187,9.019,0.784,0,1
2024-08-06 12:45:20,0.005,-0.003,9.251,9.187,9.019,0.784,0,1
2024-08-06 12:45:25,0.005,-0.003,9.251,9.187,9.019,0.784,0,1
2024-08-06 12:45:30,0.005,-0.003,9.251,9.187,9.019,0.784,0,1
2024-08-06 12:45:35,0.005,-0.003,9.251,9.18,9.019,0.784,0,1
2024-08-06 12:45:40,0.005,-0.003,9.251,9.18,9.019,0.784,0,1
2024-08-06 12:45:45,0.005,-0.003,9.251,9.18,9.019,0.784,0,1
2024-08-06 12:45:50,0.005,-0.003,9.251,9.18,9.019,0.784,0,1
2024-08-06 12:45:55,0.005,-0.003,9.251,9.18,9.019,0.784,0,1
2024-08-06 12:46:00,0.005,-0.003,9.251,9.195,9.019,0.784,0,1
2024-08-06 12:46:05,0.005,-0.003,9.251,9.195,9.019,0.784,0,1
2024-08-06 12:46:10,0.005,-0.003,9.251,9.195,9.017,0.784,0,1
2024-08-06 12:46:15,0.005,-0.003,9.251,9.187,9.019,0.784,0,1
2024-08-06 12:46:20,0.005,-0.003,9.251,9.187,9.019,0.784,0,1
2024-08-06 12:46:25,0.006,-0.003,9.251,9.195,9.019,0.784,0,1
2024-08-06 12:46:30,0.005,-0.003,9.251,9.195,9.019,0.784,0,1
2024-08-06 12:46:35,0.005,-0.003,9.251,9.195,9.019,0.784,0,1
2024-08-06 12:46:40,0.005,-0.003,9.251,9.203,9.019,0.784,0,1
2024-08-06 12:46:45,0.005,-0.003,9.251,9.203,9.019,0.784,0,1
2024-08-06 12:46:50,0.005,-0.003,9.251,9.203,9.019,0.784,0,1
2024-08-06 12:46:55,0.005,-0.003,9.251,9.21,9.019,0.784,0,1
2024-08-06 12:47:00,0.005,-0.003,9.251,9.21,9.019,0.784,0,1
2024-08-06 12:47:05,0.005,-0.003,9.251,9.21,9.019,0.784,0,1
2024-08-06 12:47:10,0.005,-0.003,9.251,9.21,9.019,0.784,0,1
2024-08-06 12:47:15,0.005,-0.003,9.249,9.21,9.017,0.784,0,1
2024-08-06 12:47:20,0.005,-0.003,9.249,9.21,9.017,0.784,0,1
2024-08-06 12:47:25,0.005,-0.003,9.249,9.218,9.019,0.784,0,1
2024-08-06 12:47:30,0.005,-0.003,9.249,9.218,9.019,0.784,0,1
2024-08-06 12:47:35,0.006,-0.003,9.249,9.21,9.019,0.784,0,1
2024-08-06 12:47:40,0.005,-0.003,9.249,9.218,9.019,0.784,0,1
2024-08-06 12:47:45,0.005,-0.003,9.249,9.218,9.019,0.784,0,1
2024-08-06 12:47:50,0.005,-0.003,9.251,9.218,9.019,0.784,0,1
2024-08-06 12:47:55,0.005,-0.003,9.251,9.218,9.019,0.784,0,1
2024-08-06 12:48:00,0.005,-0.003,9.251,9.218,9.019,0.784,0,1
2024-08-06 12:48:05,0.005,-0.003,9.251,9.21,9.017,0.784,0,1
2024-08-06 12:48:10,0.005,-0.003,9.249,9.218,9.019,0.784,0,1
2024-08-06 12:48:15,0.005,-0.003,9.249,9.218,9.019,0.784,0,1
2024-08-06 12:48:20,0.005,-0.003,9.251,9.218,9.019,0.784,0,1
2024-08-06 12:48:25,0.005,-0.003,9.249,9.225,9.017,0.784,0,1
2024-08-06 12:48:30,0.005,-0.003,9.249,9.225,9.017,0.784,0,1
2024-08-06 12:48:35,0.005,-0.003,9.251,9.225,9.017,0.784,0,1
2024-08-06 12:48:40,0.005,-0.003,9.249,9.218,9.017,0.784,0,1
2024-08-06 12:48:45,0.005,-0.003,9.249,9.218,9.017,0.784,0,1
2024-08-06 12:48:50,0.005,-0.003,9.249,9.225,9.017,0.784,0,1
2024-08-06 12:48:55,0.005,-0.003,9.249,9.225,9.017,0.784,0,1
2024-08-06 12:49:00,0.005,-0.003,9.249,9.233,9.017,0.784,0,1
2024-08-06 12:49:05,0.005,-0.003,9.249,9.233,9.019,0.784,0,1
2024-08-06 12:49:10,0.005,-0.003,9.249,9.233,9.019,0.784,0,1
2024-08-06 12:49:15,0.005,-0.003,9.251,9.225,9.017,0.784,0,1
2024-08-06 12:49:20,0.005,-0.003,9.251,9.218,9.017,0.784,0,1
2024-08-06 12:49:25,0.005,-0.003,9.251,9.218,9.017,0.784,0,1
2024-08-06 12:49:30,0.005,-0.003,9.251,9.218,9.017,0.784,0,1
2024-08-06 12:49:35,0.005,-0.003,9.249,9.225,9.017,0.784,0,1
2024-08-06 12:49:40,0.005,-0.003,9.249,9.225,9.017,0.784,0,1
2024-08-06 12:49:45,0.006,-0.003,9.249,9.233,9.017,0.784,0,1
2024-08-06 12:49:50,-0.022,-0.003,9.251,9.233,9.019,0.784,0,1
2024-08-06 12:49:55,-0.022,-0.003,9.251,9.233,9.019,0.784,0,1
2024-08-06 12:50:00,-0.022,-0.003,9.251,9.233,9.017,0.784,0,1
2024-08-06 12:50:05,-0.022,-0.003,9.249,9.233,9.017,0.784,0,1
2024-08-06 12:50:10,-0.022,-0.003,9.249,9.233,9.017,0.784,0,1
2024-08-06 12:50:15,-0.022,-0.003,9.251,9.233,9.017,0.784,0,1
2024-08-06 12:50:20,-0.022,-0.003,9.251,9.233,9.019,0.784,0,1
2024-08-06 12:50:25,-0.022,-0.003,9.251,9.233,9.019,0.784,0,1
2024-08-06 12:50:30,-0.022,-0.003,9.251,9.241,9.019,0.784,0,1
2024-08-06 12:50:35,-0.022,-0.003,9.251,9.241,9.019,0.784,0,1
2024-08-06 12:50:40,-0.022,-0.003,9.249,9.248,9.019,0.784,0,1
2024-08-06 12:50:45,-0.022,-0.003,9.251,9.248,9.019,0.784,0,1
2024-08-06 12:50:50,-0.022,-0.003,9.251,9.248,9.019,0.784,0,1
2024-08-06 12:50:55,-0.022,-0.003,9.251,9.248,9.019,0.784,0,1
2024-08-06 12:51:00,-0.022,-0.003,9.251,9.248,9.019,0.784,0,1
2024-08-06 12:51:05,-0.022,-0.003,9.251,9.248,9.019,0.784,0,1
2024-08-06 12:51:10,-0.022,-0.003,9.251,9.241,9.019,0.784,0,1
2024-08-06 12:51:15,-0.022,-0.003,9.251,9.241,9.019,0.784,0,1
2024-08-06 12:51:20,-0.022,-0.003,9.251,9.241,9.019,0.784,0,1
2024-08-06 12:51:25,-0.022,-0.003,9.251,9.241,9.019,0.784,0,1
2024-08-06 12:51:30,-0.022,-0.003,9.249,9.241,9.019,0.784,0,1
2024-08-06 12:51:35,-0.022,-0.003,9.249,9.241,9.019,0.784,0,1
2024-08-06 12:51:40,-0.022,-0.003,8.332,9.248,9.019,0.784,0,1
2024-08-06 12:51:45,-0.022,-0.003,8.332,9.256,9.019,0.784,0,1
2024-08-06 12:51:50,-0.022,-0.003,8.332,9.256,9.019,0.784,0,1
2024-08-06 12:51:55,-0.022,-0.003,8.332,9.256,9.019,0.784,0,1
2024-08-06 12:52:00,-0.022,-0.003,8.332,9.256,9.019,0.784,0,1
2024-08-06 12:52:05,-0.022,-0.003,8.332,9.256,9.017,0.784,0,1
2024-08-06 12:52:10,-0.022,-0.003,8.332,9.256,10.522,0.784,0,1
2024-08-06 12:52:15,-0.022,-0.003,8.332,9.256,10.522,0.784,0,1
2024-08-06 12:52:20,-0.022,0.009,8.332,9.256,10.522,0.784,0,1
2024-08-06 12:52:25,-0.022,0.009,8.332,9.256,10.522,0.784,0,1
2024-08-06 12:52:30,-0.022,0.009,8.332,9.256,10.522,0.784,0,1
2024-08-06 12:52:35,-0.022,0.009,8.332,9.256,10.522,0.784,0,1
2024-08-06 12:52:40,-0.022,0.009,8.332,9.256,10.522,0.784,0,1
2024-08-06 12:52:45,-0.022,0.009,8.332,9.256,10.522,0.784,0,1
2024-08-06 12:52:50,0.123,0.096,9.145,9.187,13.343,4.197,0,1
2024-08-06 12:52:55,0.124,0.099,9.135,9.187,13.318,4.19,0,1
2024-08-06 12:53:00,0.124,0.099,9.135,9.187,13.318,4.19,0,1
2024-08-06 12:53:05,0.129,0.097,9.141,9.058,13.328,4.189,0,1
2024-08-06 12:53:10,0.125,0.095,9.14,8.928,13.338,4.193,0,1
2024-08-06 12:53:15,0.125,0.095,9.14,8.928,13.338,4.193,0,1
2024-08-06 12:53:20,0.129,0.097,9.145,8.813,13.34,4.198,0,1
2024-08-06 12:53:25,0.122,0.101,9.148,8.73,13.332,4.191,0,1
2024-08-06 12:53:30,0.122,0.101,9.148,8.73,13.332,4.191,0,1
2024-08-06 12:53:35,0.126,0.107,9.148,8.623,13.345,4.195,0,1
2024-08-06 12:53:40,0.126,0.107,9.148,8.623,13.345,4.195,0,1
2024-08-06 12:53:45,0.134,0.107,9.138,8.501,13.283,4.143,0,1
2024-08-06 12:53:50,0.137,0.106,9.069,8.409,13.221,4.146,0,1
2024-08-06 12:53:55,0.138,0.104,9.091,8.302,13.239,4.154,0,1
2024-08-06 12:54:00,0.138,0.104,9.091,8.302,13.239,4.154,0,1
2024-08-06 12:54:05,0.138,0.108,9.017,8.211,13.165,4.149,0,1
2024-08-06 12:54:10,0.138,0.108,9.017,8.211,13.165,4.149,0,1
2024-08-06 12:54:15,0.137,0.104,9.2,8.119,13.349,4.147,0,1
2024-08-06 12:54:20,0.139,0.109,9.056,8.02,13.206,4.147,0,1
2024-08-06 12:54:25,0.139,0.109,9.056,8.02,13.206,4.147,0,1
2024-08-06 12:54:30,0.136,0.106,9.159,7.921,13.303,4.142,0,1
2024-08-06 12:54:35,0.136,0.11,9.167,7.852,13.309,4.146,0,1
2024-08-06 12:54:40,0.136,0.11,9.167,7.852,13.309,4.146,0,1
2024-08-06 12:54:45,0.136,0.109,9.13,7.776,13.273,4.146,0,1
2024-08-06 12:54:50,0.141,0.106,9.156,7.722,13.312,4.157,0,1
2024-08-06 12:54:55,0.141,0.106,9.156,7.722,13.312,4.157,0,1
2024-08-06 12:55:00,0.138,0.103,9.109,7.661,13.258,4.149,0,1
2024-08-06 12:55:05,0.139,0.115,9.168,7.57,13.307,4.139,0,1
2024-08-06 12:55:10,0.139,0.115,9.168,7.57,13.307,4.139,0,1
2024-08-06 12:55:15,0.139,0.113,9.116,7.509,13.27,4.15,0,1
2024-08-06 12:55:20,0.138,0.111,9.145,7.455,13.298,4.153,0,1
2024-08-06 12:55:25,0.138,0.111,9.145,7.455,13.298,4.153,0,1
2024-08-06 12:55:30,0.137,0.114,9.137,7.402,13.279,4.146,0,1
2024-08-06 12:55:35,0.137,0.114,9.137,7.402,13.279,4.146,0,1
2024-08-06 12:55:40,0.136,0.113,9.144,7.349,13.288,4.143,0,1
2024-08-06 12:55:45,0.138,0.112,9.148,7.303,13.287,4.139,0,1
2024-08-06 12:55:50,0.138,0.112,9.148,7.303,13.287,4.139,0,1
2024-08-06 12:55:55,0.139,0.102,9.135,7.265,13.275,4.138,0,1
2024-08-06 12:56:00,0.138,0.109,9.137,7.234,13.28,4.14,0,1
2024-08-06 12:56:05,0.138,0.109,9.137,7.234,13.28,4.14,0,1
2024-08-06 12:56:10,0.14,0.108,9.135,7.204,13.279,4.145,0,1
2024-08-06 12:56:15,0.139,0.108,9.133,7.173,13.283,4.151,0,1
2024-08-06 12:56:20,0.139,0.108,9.133,7.173,13.283,4.151,0,1
2024-08-06 12:56:25,0.138,0.106,9.135,7.158,13.288,4.15,0,1
2024-08-06 12:56:30,0.138,0.107,9.142,7.127,13.288,4.145,0,1
2024-08-06 12:56:35,0.138,0.107,9.142,7.127,13.288,4.145,0,1
2024-08-06 12:56:40,0.138,0.109,9.131,7.097,13.283,4.153,0,1
2024-08-06 12:56:45,0.135,0.118,9.142,7.074,13.291,4.147,0,1
2024-08-06 12:56:50,0.135,0.118,9.142,7.074,13.291,4.147,0,1
2024-08-06 12:56:55,0.137,0.118,9.138,7.059,13.29,4.151,0,1
2024-08-06 12:57:00,0.137,0.116,9.134,7.036,13.281,4.149,0,1
2024-08-06 12:57:05,0.137,0.116,9.134,7.036,13.281,4.149,0,1
2024-08-06 12:57:10,0.139,0.11,9.153,7.005,13.29,4.147,0,1
2024-08-06 12:57:15,0.139,0.11,9.153,7.005,13.29,4.147,0,1
2024-08-06 12:57:20,0.139,0.109,9.153,6.998,13.288,4.134,0,1
2024-08-06 12:57:25,0.14,0.106,9.14,6.967,13.29,4.147,0,1
2024-08-06 12:57:30,0.14,0.106,9.14,6.967,13.29,4.147,0,1
2024-08-06 12:57:35,0.14,0.114,9.123,6.96,13.279,4.157,0,1
2024-08-06 12:57:40,0.135,0.117,9.144,6.929,13.296,4.149,0,1
2024-08-06 12:57:45,0.135,0.117,9.144,6.929,13.296,4.149,0,1
2024-08-06 12:57:50,0.14,0.108,9.141,6.914,13.284,4.143,0,1
2024-08-06 12:57:55,0.139,0.117,9.131,6.898,13.29,4.156,0,1
2024-08-06 12:58:00,0.139,0.117,9.131,6.898,13.29,4.156,0,1
2024-08-06 12:58:05,0.137,0.105,9.148,6.898,13.296,4.145,0,1
2024-08-06 12:58:10,0.138,0.105,9.133,6.876,13.288,4.151,0,1
2024-08-06 12:58:15,0.138,0.105,9.133,6.876,13.288,4.151,0,1
2024-08-06 12:58:20,0.139,0.109,9.14,6.868,13.292,4.158,0,1
2024-08-06 12:58:25,0.139,0.105,9.142,6.853,13.295,4.156,0,1
2024-08-06 12:58:30,0.139,0.105,9.142,6.853,13.295,4.156,0,1
2024-08-06 12:58:35,0.134,0.104,9.145,6.837,13.305,4.158,0,1
2024-08-06 12:58:40,0.134,0.104,9.145,6.837,13.305,4.158,0,1
2024-08-06 12:58:45,0.136,0.112,9.141,6.837,13.291,4.153,0,1
2024-08-06 12:58:50,0.141,0.114,9.144,6.83,13.285,4.149,0,1
2024-08-06 12:58:55,0.141,0.114,9.144,6.83,13.285,4.149,0,1
2024-08-06 12:59:00,0.14,0.102,9.134,6.822,13.285,4.162,0,1
2024-08-06 12:59:05,0.138,0.107,9.135,6.815,13.285,4.146,0,1
2024-08-06 12:59:10,0.138,0.107,9.135,6.815,13.285,4.146,0,1
2024-08-06 12:59:15,0.138,0.111,9.149,6.822,13.301,4.149,0,1
2024-08-06 12:59:20,0.139,0.109,9.133,6.815,13.291,4.162,0,1
2024-08-06 12:59:25,0.139,0.109,9.133,6.815,13.291,4.162,0,1
2024-08-06 12:59:30,0.14,0.114,9.142,6.807,13.287,4.145,0,1
2024-08-06 12:59:35,0.14,0.114,9.142,6.807,13.287,4.145,0,1
2024-08-06 12:59:40,0.139,0.109,9.135,6.807,13.291,4.158,0,1
2024-08-06 12:59:45,0.139,0.11,9.137,6.792,13.29,4.15,0,1
2024-08-06 12:59:50,0.139,0.11,9.137,6.792,13.29,4.15,0,1
2024-08-06 12:59:55,0.138,0.113,9.141,6.776,13.287,4.146,0,1
2024-08-06 13:00:00,0.139,0.112,9.133,6.769,13.288,4.154,0,1
2024-08-06 13:00:05,0.139,0.112,9.133,6.769,13.288,4.154,0,1
2024-08-06 13:00:10,0.14,0.106,9.134,6.769,13.288,4.149,0,1
2024-08-06 13:00:15,0.138,0.114,9.133,6.769,13.28,4.147,0,1
2024-08-06 13:00:20,0.138,0.114,9.133,6.769,13.28,4.147,0,1
2024-08-06 13:00:25,0.138,0.107,9.145,6.761,13.28,4.142,0,1
2024-08-06 13:00:30,0.139,0.106,9.13,6.754,13.291,4.153,0,1
2024-08-06 13:00:35,0.139,0.106,9.13,6.754,13.291,4.153,0,1
2024-08-06 13:00:40,0.138,0.116,9.137,6.754,13.284,4.151,0,1
2024-08-06 13:00:45,0.138,0.113,9.138,6.738,13.28,4.145,0,1
2024-08-06 13:00:50,0.138,0.113,9.138,6.738,13.28,4.145,0,1
2024-08-06 13:00:55,0.137,0.115,9.137,6.738,13.298,4.161,0,1
2024-08-06 13:01:00,0.139,0.109,9.138,6.738,13.29,4.15,0,1
2024-08-06 13:01:05,0.139,0.109,9.138,6.738,13.29,4.15,0,1
2024-08-06 13:01:10,0.141,0.112,9.144,6.738,13.296,4.147,0,1
2024-08-06 13:01:15,0.141,0.112,9.144,6.738,13.296,4.147,0,1
2024-08-06 13:01:20,0.137,0.11,9.135,6.738,13.288,4.147,0,1
2024-08-06 13:01:25,0.137,0.112,9.14,6.746,13.296,4.154,0,1
2024-08-06 13:01:30,0.137,0.112,9.14,6.746,13.296,4.154,0,1
2024-08-06 13:01:35,0.137,0.108,9.13,6.738,13.281,4.15,0,1
2024-08-06 13:01:40,0.139,0.109,9.134,6.723,13.283,4.151,0,1
2024-08-06 13:01:45,0.139,0.109,9.134,6.723,13.283,4.151,0,1
2024-08-06 13:01:50,0.136,0.112,9.134,6.708,13.276,4.145,0,1
2024-08-06 13:01:55,0.14,0.113,9.131,6.7,13.287,4.153,0,1
2024-08-06 13:02:00,0.14,0.113,9.131,6.7,13.287,4.153,0,1
2024-08-06 13:02:05,0.139,0.119,9.135,6.708,13.281,4.142,0,1
2024-08-06 13:02:10,0.139,0.115,9.13,6.708,13.28,4.143,0,1
2024-08-06 13:02:15,0.139,0.115,9.13,6.708,13.28,4.143,0,1
2024-08-06 13:02:20,0.139,0.109,9.145,6.715,13.29,4.147,0,1
2024-08-06 13:02:25,0.138,0.108,9.142,6.708,13.291,4.145,0,1
2024-08-06 13:02:30,0.138,0.108,9.142,6.708,13.291,4.145,0,1
2024-08-06 13:02:35,0.139,0.112,9.137,6.708,13.279,4.139,0,1
2024-08-06 13:02:40,0.139,0.112,9.137,6.708,13.279,4.139,0,1
2024-08-06 13:02:45,0.138,0.117,9.133,6.708,13.285,4.143,0,1
2024-08-06 13:02:50,0.14,0.109,9.133,6.715,13.281,4.146,0,1
2024-08-06 13:02:55,0.14,0.109,9.133,6.715,13.281,4.146,0,1
2024-08-06 13:03:00,0.137,0.115,9.133,6.708,13.294,4.153,0,1
2024-08-06 13:03:05,0.136,0.106,9.14,6.708,13.292,4.154,0,1
2024-08-06 13:03:10,0.136,0.106,9.14,6.708,13.292,4.154,0,1
2024-08-06 13:03:15,0.138,0.109,9.144,6.7,13.302,4.162,0,1
2024-08-06 13:03:20,0.143,0.106,9.14,6.693,13.29,4.15,0,1
2024-08-06 13:03:25,0.143,0.106,9.14,6.693,13.29,4.15,0,1
2024-08-06 13:03:30,0.14,0.124,9.133,6.685,13.285,4.158,0,1
2024-08-06 13:03:35,0.139,0.109,9.135,6.685,13.287,4.154,0,1
2024-08-06 13:03:40,0.139,0.109,9.135,6.685,13.287,4.154,0,1
2024-08-06 13:03:45,0.139,0.116,9.144,6.685,13.296,4.151,0,1
2024-08-06 13:03:50,0.141,0.107,9.14,6.685,13.295,4.16,0,1
2024-08-06 13:03:55,0.141,0.107,9.14,6.685,13.295,4.16,0,1
2024-08-06 13:04:00,0.138,0.112,9.137,6.677,13.295,4.153,0,1
2024-08-06 13:04:05,0.138,0.112,9.137,6.677,13.295,4.153,0,1
2024-08-06 13:04:10,0.14,0.114,9.142,6.677,13.288,4.157,0,1
2024-08-06 13:04:15,0.14,0.11,9.142,6.677,13.287,4.146,0,1
2024-08-06 13:04:20,0.14,0.11,9.142,6.677,13.287,4.146,0,1
2024-08-06 13:04:25,0.141,0.107,9.137,6.685,13.295,4.157,0,1
2024-08-06 13:04:30,0.142,0.116,9.133,6.685,13.299,4.162,0,1
2024-08-06 13:04:35,0.142,0.116,9.133,6.685,13.299,4.162,0,1
2024-08-06 13:04:40,0.136,0.102,9.133,6.685,13.288,4.161,0,1
2024-08-06 13:04:45,0.141,0.113,9.145,6.685,13.295,4.147,0,1
2024-08-06 13:04:50,0.141,0.113,9.145,6.685,13.295,4.147,0,1
2024-08-06 13:04:55,0.139,0.114,9.138,6.685,13.306,4.173,0,1
2024-08-06 13:05:00,0.137,0.116,9.141,6.685,13.305,4.168,0,1
2024-08-06 13:05:05,0.137,0.116,9.141,6.685,13.305,4.168,0,1
2024-08-06 13:05:10,0.133,0.106,9.137,6.647,13.29,4.15,0,1
2024-08-06 13:05:15,0.139,0.106,9.13,6.647,13.296,4.161,0,1
2024-08-06 13:05:20,0.139,0.106,9.13,6.647,13.296,4.161,0,1
2024-08-06 13:05:25,0.139,0.117,9.13,6.647,13.303,4.158,0,1
2024-08-06 13:05:30,0.135,0.109,9.13,6.647,13.301,4.16,0,1
2024-08-06 13:05:35,0.135,0.109,9.13,6.647,13.301,4.16,0,1
2024-08-06 13:05:40,0.139,0.116,9.14,6.677,13.288,4.156,0,1
2024-08-06 13:05:45,0.139,0.116,9.14,6.677,13.288,4.149,0,1
2024-08-06 13:05:50,0.137,0.113,9.141,6.685,13.288,4.149,0,1
2024-08-06 13:05:55,0.139,0.103,9.127,6.693,13.281,4.153,0,1
2024-08-06 13:06:00,0.139,0.103,9.127,6.693,13.281,4.153,0,1
2024-08-06 13:06:05,0.137,0.116,9.135,6.693,13.301,4.164,0,1
2024-08-06 13:06:10,0.138,0.114,9.144,6.693,13.307,4.158,0,1
2024-08-06 13:06:15,0.138,0.114,9.144,6.693,13.307,4.158,0,1
2024-08-06 13:06:20,0.141,0.107,9.146,6.693,13.309,4.16,0,1
2024-08-06 13:06:25,0.138,0.109,9.142,6.693,13.292,4.151,0,1
2024-08-06 13:06:30,0.138,0.109,9.142,6.693,13.292,4.151,0,1
2024-08-06 13:06:35,0.138,0.107,9.144,6.693,13.287,4.149,0,1
2024-08-06 13:06:40,0.141,0.106,9.138,6.7,13.288,4.154,0,1
2024-08-06 13:06:45,0.141,0.106,9.138,6.7,13.288,4.154,0,1
2024-08-06 13:06:50,0.137,0.107,9.149,6.7,13.302,4.151,0,1
2024-08-06 13:06:55,0.139,0.11,9.138,6.7,13.287,4.149,0,1
2024-08-06 13:07:00,0.139,0.11,9.138,6.7,13.287,4.149,0,1
2024-08-06 13:07:05,0.14,0.11,9.17,6.7,13.327,4.16,0,1
2024-08-06 13:07:10,0.134,0.098,9.245,6.7,13.459,4.211,0,1
2024-08-06 13:07:15,0.134,0.098,9.245,6.7,13.459,4.211,0,1
2024-08-06 13:07:20,0.132,0.106,9.119,6.7,13.325,4.204,0,1
2024-08-06 13:07:25,0.132,0.102,9.138,6.708,13.329,4.204,0,1
2024-08-06 13:07:30,0.132,0.102,9.138,6.708,13.329,4.194,0,1
2024-08-06 13:07:35,0.133,0.106,9.167,6.708,13.378,4.211,0,1
2024-08-06 13:07:40,0.134,0.098,9.167,6.708,13.378,4.211,0,1
2024-08-06 13:07:45,0.134,0.098,9.131,6.708,13.339,4.205,0,1
2024-08-06 13:07:50,0.131,0.106,9.151,6.7,13.354,4.198,0,1
2024-08-06 13:07:55,0.131,0.106,9.151,6.7,13.354,4.198,0,1
2024-08-06 13:08:00,0.129,0.106,9.134,6.7,13.335,4.197,0,1
2024-08-06 13:08:05,0.132,0.103,9.149,6.7,13.343,4.198,0,1
2024-08-06 13:08:10,0.132,0.103,9.149,6.7,13.343,4.198,0,1
2024-08-06 13:08:15,0.131,0.102,9.151,6.7,13.346,4.198,0,1
2024-08-06 13:08:20,0.132,0.105,9.146,6.7,13.336,4.18,0,1
2024-08-06 13:08:25,0.132,0.105,9.146,6.7,13.336,4.18,0,1
2024-08-06 13:08:30,0.131,0.105,9.142,6.7,13.34,4.197,0,1
2024-08-06 13:08:35,0.133,0.111,9.151,6.7,13.345,4.193,0,1
2024-08-06 13:08:40,0.133,0.111,9.151,6.7,13.345,4.193,0,1
2024-08-06 13:08:45,0.13,0.106,9.144,6.7,13.339,4.194,0,1
2024-08-06 13:08:50,0.135,0.107,9.145,6.708,13.34,4.193,0,1
2024-08-06 13:08:55,0.135,0.107,9.145,6.708,13.34,4.193,0,1
2024-08-06 13:09:00,0.136,0.101,9.145,6.715,13.351,4.204,0,1
2024-08-06 13:09:05,0.133,0.104,9.133,6.715,13.339,4.204,0,1
2024-08-06 13:09:10,0.133,0.104,9.133,6.715,13.339,4.204,0,1
2024-08-06 13:09:15,0.134,0.11,9.148,6.715,13.347,4.205,0,1
2024-08-06 13:09:20,0.134,0.11,9.148,6.715,13.347,4.205,0,1
2024-08-06 13:09:25,0.132,0.109,9.161,6.715,13.357,4.198,0,1
2024-08-06 13:09:30,0.132,0.105,9.142,6.723,13.339,4.19,0,1
2024-08-06 13:09:35,0.132,0.105,9.142,6.723,13.339,4.19,0,1
2024-08-06 13:09:40,0.134,0.106,9.17,6.723,13.371,4.204,0,1
2024-08-06 13:09:45,0.134,0.107,9.163,6.715,13.368,4.201,0,1
2024-08-06 13:09:50,0.134,0.107,9.163,6.715,13.368,4.201,0,1
2024-08-06 13:09:55,0.135,0.107,9.197,6.708,13.398,4.2,0,1
2024-08-06 13:10:00,0.19523724356957944,0.107,9.163,6.715,13.368,4.201,0,1
2024-08-06 13:10:05,0.22160254037844385,0.107,9.197,6.708,13.398,4.2,0,1
2024-08-06 13:10:10,0.2530660171779821,0.115,8.57,6.708,12.707,4.135,0,1
2024-08-06 13:10:15,0.2634744871391589,0.109,8.833,6.715,12.998,4.162,0,1
2024-08-06 13:10:20,0.2779306393762915,0.109,8.833,6.715,12.998,4.162,0,1
2024-08-06 13:10:25,0.28300000000000003,0.103,8.685,6.7,12.842,4.153,0,1
2024-08-06 13:10:30,0.135,0.106,9.08,6.708,13.255,4.172,0,1
2024-08-06 13:10:35,0.135,0.106,9.08,6.708,13.255,4.172,0,1
2024-08-06 13:10:40,0.138,0.109,8.94,6.708,13.111,4.162,0,1
2024-08-06 13:10:45,0.138,0.109,8.94,6.708,13.111,4.162,0,1
2024-08-06 13:10:50,0.14,0.117,8.956,6.715,13.123,4.162,0,1
2024-08-06 13:10:55,0.137,0.112,8.961,6.715,13.118,4.154,0,1
2024-08-06 13:11:00,0.137,0.112,8.961,6.715,13.118,4.154,0,1
2024-08-06 13:11:05,0.134,0.106,8.977,6.708,13.129,4.15,0,1
2024-08-06 13:11:10,0.136,0.117,8.972,6.7,13.137,4.162,0,1
2024-08-06 13:11:15,0.136,0.117,8.972,6.7,13.137,4.162,0,1
2024-08-06 13:11:20,0.134,0.108,8.925,6.693,13.077,4.153,0,1
2024-08-06 13:11:25,0.136,0.11,8.979,6.7,13.134,4.156,0,1
2024-08-06 13:11:30,0.136,0.11,8.979,6.7,13.134,4.156,0,1
2024-08-06 13:11:35,0.137,0.101,8.986,6.7,13.145,4.158,0,1
2024-08-06 13:11:40,0.137,0.101,8.986,6.7,13.145,4.158,0,1
2024-08-06 13:11:45,0.143,0.107,8.984,6.7,13.139,4.157,0,1
2024-08-06 13:11:50,0.139,0.107,8.998,6.708,13.155,4.164,0,1
2024-08-06 13:11:55,0.139,0.107,8.998,6.708,13.155,4.164,0,1
2024-08-06 13:12:00,0.135,0.114,9.024,6.715,13.188,4.161,0,1
2024-08-06 13:12:05,0.14,0.112,9.019,6.723,13.181,4.154,0,1
2024-08-06 13:12:10,0.14,0.112,9.019,6.723,13.181,4.154,0,1
2024-08-06 13:12:15,0.139,0.111,9.004,6.731,13.163,4.162,0,1
2024-08-06 13:12:20,0.14,0.107,9.002,6.738,13.162,4.157,0,1
2024-08-06 13:12:25,0.14,0.107,9.002,6.738,13.162,4.157,0,1
2024-08-06 13:12:30,0.138,0.112,8.962,6.746,13.128,4.165,0,1
2024-08-06 13:12:35,0.14,0.116,8.966,6.761,13.123,4.156,0,1
2024-08-06 13:12:40,0.14,0.116,8.966,6.761,13.123,4.156,0,1
2024-08-06 13:12:45,0.141,0.107,8.939,6.776,13.1,4.161,0,1
2024-08-06 13:12:50,0.139,0.114,8.945,6.784,13.111,4.153,0,1
2024-08-06 13:12:55,0.139,0.114,8.945,6.784,13.111,4.153,0,1
2024-08-06 13:13:00,0.137,0.11,8.969,6.776,13.126,4.153,0,1
2024-08-06 13:13:05,0.14,0.117,8.938,6.776,13.09,4.158,0,1
2024-08-06 13:13:10,0.14,0.117,8.938,6.776,13.09,4.158,0,1
2024-08-06 13:13:15,0.139,0.119,8.96,6.776,13.115,4.154,0,1
2024-08-06 13:13:20,0.138,0.112,8.99,6.769,13.14,4.146,0,1
2024-08-06 13:13:25,0.138,0.112,8.99,6.769,13.14,4.146,0,1
2024-08-06 13:13:30,0.139,0.108,8.993,6.761,13.151,4.157,0,1
2024-08-06 13:13:35,0.139,0.105,8.991,6.746,13.152,4.158,0,1
2024-08-06 13:13:40,0.139,0.105,8.991,6.746,13.152,4.158,0,1
2024-08-06 13:13:45,0.144,0.118,8.98,6.731,13.141,4.161,0,1
2024-08-06 13:13:50,0.144,0.118,8.98,6.731,13.141,4.161,0,1
2024-08-06 13:13:55,0.141,0.109,8.994,6.715,13.161,4.168,0,1
2024-08-06 13:14:00,0.141,0.111,8.98,6.708,13.147,4.162,0,1
2024-08-06 13:14:05,0.141,0.111,8.98,6.708,13.147,4.162,0,1
2024-08-06 13:14:10,0.138,0.116,8.962,6.7,13.132,4.165,0,1
2024-08-06 13:14:15,0.14,0.11,8.984,6.7,13.154,4.165,0,1
2024-08-06 13:14:20,0.14,0.11,8.984,6.7,13.154,4.165,0,1
2024-08-06 13:14:25,0.139,0.113,8.951,6.685,13.112,4.157,0,1
2024-08-06 13:14:30,0.138,0.105,8.954,6.685,13.123,4.165,0,1
2024-08-06 13:14:35,0.138,0.105,8.954,6.685,13.123,4.165,0,1
2024-08-06 13:14:40,0.139,0.105,8.951,6.677,13.119,4.168,0,1
2024-08-06 13:14:45,0.14,0.108,8.954,6.677,13.111,4.161,0,1
2024-08-06 13:14:50,0.14,0.108,8.954,6.677,13.111,4.161,0,1
2024-08-06 13:14:55,0.14,0.115,8.949,6.677,13.106,4.153,0,1
2024-08-06 13:15:00,0.138,0.116,8.965,6.677,13.119,4.15,0,1
2024-08-06 13:15:05,0.138,0.116,8.965,6.677,13.119,4.15,0,1
2024-08-06 13:15:10,0.14,0.116,8.964,6.677,13.118,4.15,0,1
2024-08-06 13:15:15,0.141,0.104,8.957,6.67,13.112,4.151,0,1
2024-08-06 13:15:20,0.141,0.104,8.957,6.67,13.112,4.151,0,1
2024-08-06 13:15:25,0.14,0.114,8.99,6.67,13.156,4.169,0,1
2024-08-06 13:15:30,0.14,0.114,8.99,6.67,13.156,4.169,0,1
2024-08-06 13:15:35,0.134,0.108,8.983,6.67,13.137,4.157,0,1
2024-08-06 13:15:40,0.137,0.111,9.004,6.662,13.163,4.156,0,1
2024-08-06 13:15:45,0.137,0.111,9.004,6.662,13.163,4.156,0,1
2024-08-06 13:15:50,0.136,0.109,8.968,6.647,13.128,4.156,0,1
2024-08-06 13:15:55,0.14,0.111,8.965,6.639,13.123,4.164,0,1
2024-08-06 13:16:00,0.14,0.111,8.965,6.639,13.123,4.164,0,1
2024-08-06 13:16:05,0.14,0.104,8.975,6.631,13.133,4.153,0,1
2024-08-06 13:16:10,0.138,0.104,8.951,6.631,13.115,4.16,0,1
2024-08-06 13:16:15,0.138,0.104,8.951,6.631,13.115,4.16,0,1
2024-08-06 13:16:20,0.139,0.107,8.96,6.631,13.114,4.157,0,1
2024-08-06 13:16:25,0.139,0.107,8.96,6.631,13.114,4.157,0,1
2024-08-06 13:16:30,0.141,0.108,8.96,6.631,13.125,4.161,0,1
2024-08-06 13:16:35,0.139,0.113,8.972,6.631,13.133,4.168,0,1
2024-08-06 13:16:40,0.139,0.113,8.972,6.631,13.133,4.168,0,1
2024-08-06 13:16:45,0.137,0.107,8.951,6.631,13.108,4.16,0,1
2024-08-06 13:16:50,0.139,0.118,9.004,6.624,13.15,4.149,0,1
2024-08-06 13:16:55,0.139,0.118,9.004,6.624,13.15,4.149,0,1
2024-08-06 13:17:00,0.141,0.114,8.966,6.616,13.115,4.15,0,1
2024-08-06 13:17:05,0.14,0.107,8.95,6.616,13.104,4.154,0,1
2024-08-06 13:17:10,0.14,0.107,8.95,6.616,13.104,4.154,0,1
2024-08-06 13:17:15,0.14,0.108,8.994,6.616,13.158,4.164,0,1
2024-08-06 13:17:20,0.14,0.109,8.969,6.616,13.128,4.154,0,1
2024-08-06 13:17:25,0.14,0.109,8.969,6.616,13.128,4.154,0,1
2024-08-06 13:17:30,0.14,0.111,8.984,6.616,13.144,4.165,0,1
2024-08-06 13:17:35,0.14,0.109,8.971,6.616,13.139,4.162,0,1
2024-08-06 13:17:40,0.14,0.109,8.971,6.616,13.139,4.162,0,1
2024-08-06 13:17:45,0.136,0.114,8.96,6.616,13.123,4.168,0,1
2024-08-06 13:17:50,0.136,0.114,8.96,6.616,13.123,4.168,0,1
2024-08-06 13:17:55,0.14,0.105,8.977,6.624,13.137,4.161,0,1
2024-08-06 13:18:00,0.137,0.114,8.946,6.624,13.104,4.165,0,1
2024-08-06 13:18:05,0.137,0.114,8.946,6.624,13.104,4.165,0,1
2024-08-06 13:18:10,0.14,0.11,8.95,6.616,13.117,4.165,0,1
2024-08-06 13:18:15,0.14,0.107,8.968,6.616,13.121,4.162,0,1
2024-08-06 13:18:20,0.14,0.107,8.968,6.616,13.121,4.162,0,1
2024-08-06 13:18:25,0.14,0.106,8.942,6.616,13.097,4.151,0,1
2024-08-06 13:18:30,0.138,0.109,8.958,6.616,13.114,4.158,0,1
2024-08-06 13:18:35,0.138,0.109,8.958,6.616,13.114,4.158,0,1
2024-08-06 13:18:40,0.142,0.11,8.979,6.609,13.136,4.158,0,1
2024-08-06 13:18:45,0.139,0.107,8.976,6.609,13.133,4.162,0,1
2024-08-06 13:18:50,0.139,0.107,8.976,6.609,13.133,4.162,0,1
2024-08-06 13:18:55,0.138,0.115,8.969,6.609,13.122,4.157,0,1
2024-08-06 13:19:00,0.139,0.11,8.982,6.601,13.145,4.165,0,1
2024-08-06 13:19:05,0.139,0.11,8.982,6.601,13.145,4.165,0,1
2024-08-06 13:19:10,0.139,0.107,8.983,6.601,13.144,4.16,0,1
2024-08-06 13:19:15,0.139,0.107,8.983,6.601,13.144,4.16,0,1
2024-08-06 13:19:20,0.137,0.112,8.968,6.601,13.126,4.158,0,1
2024-08-06 13:19:25,0.142,0.112,8.943,6.601,13.106,4.156,0,1
2024-08-06 13:19:30,0.142,0.112,8.943,6.601,13.106,4.156,0,1
2024-08-06 13:19:35,0.137,0.116,8.977,6.601,13.13,4.156,0,1
2024-08-06 13:19:40,0.143,0.115,8.949,6.601,13.106,4.153,0,1
2024-08-06 13:19:45,0.143,0.115,8.949,6.601,13.106,4.153,0,1
2024-08-06 13:19:50,0.136,0.12,8.954,6.601,13.115,4.161,0,1
2024-08-06 13:19:55,0.136,0.103,8.945,6.601,13.111,4.162,0,1
2024-08-06 13:20:00,0.136,0.103,8.945,6.601,13.111,4.162,0,1
2024-08-06 13:20:05,0.138,0.114,8.986,6.601,13.133,4.156,0,1
2024-08-06 13:20:10,0.139,0.109,8.971,6.601,13.128,4.157,0,1
2024-08-06 13:20:15,0.139,0.109,8.971,6.601,13.128,4.157,0,1
2024-08-06 13:20:20,0.138,0.111,8.947,6.593,13.11,4.161,0,1
2024-08-06 13:20:25,0.14,0.112,8.975,6.593,13.137,4.158,0,1
2024-08-06 13:20:30,0.14,0.112,8.975,6.593,13.137,4.158,0,1
2024-08-06 13:20:35,0.14,0.11,8.958,6.601,13.115,4.149,0,1
2024-08-06 13:20:40,0.137,0.109,8.961,6.601,13.112,4.154,0,1
2024-08-06 13:20:45,0.137,0.109,8.961,6.601,13.112,4.154,0,1
2024-08-06 13:20:50,0.137,0.112,8.982,6.601,13.141,4.158,0,1
2024-08-06 13:20:55,0.137,0.114,8.987,6.593,13.152,4.165,0,1
2024-08-06 13:21:00,0.137,0.114,8.987,6.593,13.152,4.165,0,1
2024-08-06 13:21:05,0.14,0.111,8.957,6.586,13.123,4.175,0,1
2024-08-06 13:21:10,0.14,0.111,8.957,6.586,13.123,4.175,0,1
2024-08-06 13:21:15,0.136,0.107,8.953,6.586,13.117,4.165,0,1
2024-08-06 13:21:20,0.137,0.116,8.977,6.586,13.133,4.154,0,1
2024-08-06 13:21:25,0.137,0.116,8.977,6.586,13.133,4.154,0,1
2024-08-06 13:21:30,0.138,0.106,8.965,6.586,13.126,4.157,0,1
2024-08-06 13:21:35,0.138,0.11,8.977,6.586,13.139,4.157,0,1
2024-08-06 13:21:40,0.138,0.11,8.977,6.586,13.139,4.157,0,1
2024-08-06 13:21:45,0.14,0.107,8.96,6.586,13.126,4.164,0,1
2024-08-06 13:21:50,0.136,0.114,8.936,6.586,13.095,4.156,0,1
2024-08-06 13:21:55,0.136,0.114,8.936,6.586,13.095,4.156,0,1
2024-08-06 13:22:00,0.137,0.107,8.953,6.586,13.115,4.162,0,1
2024-08-06 13:22:05,0.144,0.108,8.965,6.586,13.119,4.154,0,1
2024-08-06 13:22:10,0.144,0.108,8.965,6.586,13.119,4.154,0,1
2024-08-06 13:22:15,0.138,0.115,8.972,6.586,13.134,4.162,0,1
2024-08-06 13:22:20,0.138,0.115,8.972,6.586,13.134,4.162,0,1
2024-08-06 13:22:25,0.136,0.114,8.949,6.586,13.107,4.161,0,1
2024-08-06 13:22:30,0.138,0.113,8.957,6.586,13.117,4.158,0,1
2024-08-06 13:22:35,0.138,0.113,8.957,6.586,13.117,4.158,0,1
2024-08-06 13:22:40,0.139,0.119,8.984,6.586,13.143,4.165,0,1
2024-08-06 13:22:45,0.142,0.11,8.951,6.586,13.112,4.16,0,1
2024-08-06 13:22:50,0.142,0.11,8.951,6.586,13.112,4.16,0,1
2024-08-06 13:22:55,0.14,0.112,8.958,6.586,13.106,4.153,0,1
2024-08-06 13:23:00,0.141,0.115,8.958,6.586,13.125,4.16,0,1
2024-08-06 13:23:05,0.141,0.115,8.958,6.586,13.125,4.16,0,1
2024-08-06 13:23:10,0.138,0.109,8.977,6.586,13.137,4.161,0,1
2024-08-06 13:23:15,0.139,0.112,8.935,6.586,13.096,4.16,0,1
2024-08-06 13:23:20,0.139,0.112,8.935,6.586,13.096,4.16,0,1
2024-08-06 13:23:25,0.141,0.111,8.966,6.586,13.13,4.164,0,1
2024-08-06 13:23:30,0.14,0.12,8.929,6.586,13.1,4.173,0,1
2024-08-06 13:23:35,0.14,0.12,8.929,6.586,13.1,4.173,0,1
2024-08-06 13:23:40,0.14,0.109,8.946,6.586,13.104,4.161,0,1
2024-08-06 13:23:45,0.142,0.115,8.947,6.593,13.103,4.156,0,1
2024-08-06 13:23:50,0.142,0.115,8.947,6.593,13.103,4.156,0,1
2024-08-06 13:23:55,0.138,0.109,8.984,6.586,13.144,4.158,0,1
2024-08-06 13:24:00,0.138,0.109,8.984,6.586,13.144,4.158,0,1
2024-08-06 13:24:05,0.141,0.105,8.979,6.586,13.128,4.151,0,1
2024-08-06 13:24:10,0.14,0.108,8.972,6.586,13.133,4.165,0,1
2024-08-06 13:24:15,0.139,0.11,8.939,6.586,13.1,4.158,0,1
2024-08-06 13:24:20,0.139,0.11,8.939,6.586,13.1,4.158,0,1
2024-08-06 13:24:25,0.137,0.109,8.965,6.586,13.133,4.169,0,1
2024-08-06 13:24:30,0.137,0.109,8.965,6.586,13.133,4.169,0,1
2024-08-06 13:24:35,0.139,0.114,8.988,6.586,13.14,4.157,0,1
2024-08-06 13:24:40,0.141,0.106,8.958,6.593,13.123,4.161,0,1
2024-08-06 13:24:45,0.141,0.106,8.958,6.593,13.123,4.161,0,1
2024-08-06 13:24:50,0.139,0.112,8.935,6.586,13.108,4.173,0,1
2024-08-06 13:24:55,0.14,0.104,8.971,6.586,13.123,4.15,0,1
2024-08-06 13:25:00,0.14,0.104,8.971,6.586,13.123,4.15,0,1
2024-08-06 13:25:05,0.138,0.104,8.939,6.586,13.093,4.151,0,1
2024-08-06 13:25:10,0.14,0.109,8.976,6.586,13.13,4.157,0,1
2024-08-06 13:25:15,0.14,0.109,8.976,6.586,13.13,4.157,0,1
2024-08-06 13:25:20,0.142,0.11,8.971,6.586,13.125,4.15,0,1
2024-08-06 13:25:25,0.136,0.117,8.962,6.586,13.13,4.158,0,1
2024-08-06 13:25:30,0.136,0.117,8.962,6.586,13.13,4.158,0,1
2024-08-06 13:25:35,0.139,0.109,8.982,6.586,13.143,4.167,0,1
2024-08-06 13:25:40,0.138,0.109,8.946,6.586,13.115,4.172,0,1
2024-08-06 13:25:45,0.138,0.109,8.946,6.586,13.115,4.172,0,1
2024-08-06 13:25:50,0.138,0.111,8.969,6.586,13.125,4.156,0,1
2024-08-06 13:25:55,0.138,0.111,8.969,6.586,13.125,4.156,0,1
2024-08-06 13:26:00,0.138,0.117,8.965,6.593,13.119,4.151,0,1
2024-08-06 13:26:05,0.14,0.113,8.964,6.593,13.111,4.162,0,1
2024-08-06 13:26:10,0.14,0.113,8.964,6.593,13.111,4.162,0,1
2024-08-06 13:26:15,0.138,0.109,8.946,6.593,13.111,4.165,0,1
2024-08-06 13:26:20,0.14,0.107,8.957,6.586,13.112,4.153,0,1
2024-08-06 13:26:25,0.14,0.107,8.957,6.586,13.112,4.153,0,1
2024-08-06 13:26:30,0.136,0.115,8.969,6.586,13.115,4.146,0,1
2024-08-06 13:26:35,0.139,0.116,8.951,6.593,13.104,4.153,0,1
2024-08-06 13:26:40,0.139,0.116,8.951,6.593,13.104,4.153,0,1
2024-08-06 13:26:45,0.14,0.111,8.94,6.586,13.126,4.168,0,1
2024-08-06 13:26:50,0.135,0.114,8.975,6.593,13.126,4.154,0,1
2024-08-06 13:26:55,0.135,0.114,8.975,6.593,13.126,4.154,0,1
2024-08-06 13:27:00,0.141,0.115,8.951,6.586,13.1,4.149,0,1
2024-08-06 13:27:05,0.14,0.111,8.945,6.578,13.117,4.157,0,1
2024-08-06 13:27:10,0.14,0.111,8.945,6.578,13.117,4.157,0,1
2024-08-06 13:27:15,0.143,0.105,8.958,6.578,13.117,4.161,0,1
2024-08-06 13:27:20,0.138,0.108,8.964,6.578,13.123,4.153,0,1
2024-08-06 13:27:25,0.138,0.108,8.964,6.578,13.123,4.153,0,1
2024-08-06 13:27:30,0.137,0.106,8.951,6.57,13.112,4.165,0,1
2024-08-06 13:27:35,0.137,0.106,8.951,6.57,13.112,4.165,0,1
2024-08-06 13:27:40,0.139,0.11,8.971,6.57,13.132,4.165,0,1
2024-08-06 13:27:45,0.142,0.11,8.982,6.57,13.136,4.151,0,1
2024-08-06 13:27:50,0.142,0.11,8.982,6.57,13.136,4.151,0,1
2024-08-06 13:27:55,0.138,0.114,8.945,6.57,13.101,4.165,0,1
2024-08-06 13:28:00,0.14,0.115,8.958,6.57,13.114,4.16,0,1
2024-08-06 13:28:05,0.14,0.115,8.958,6.57,13.114,4.16,0,1
2024-08-06 13:28:10,0.14,0.111,8.965,6.57,13.125,4.161,0,1
2024-08-06 13:28:15,0.139,0.111,8.936,6.57,13.097,4.158,0,1
2024-08-06 13:28:20,0.139,0.111,8.936,6.57,13.097,4.158,0,1
2024-08-06 13:28:25,0.139,0.106,8.951,6.57,13.107,4.156,0,1
2024-08-06 13:28:30,0.141,0.117,8.956,6.578,13.117,4.162,0,1
2024-08-06 13:28:35,0.141,0.117,8.956,6.578,13.117,4.162,0,1
2024-08-06 13:28:40,0.139,0.109,8.965,6.578,13.134,4.175,0,1
2024-08-06 13:28:45,0.139,0.11,8.957,6.586,13.111,4.164,0,1
2024-08-06 13:28:50,0.139,0.11,8.957,6.586,13.111,4.164,0,1
2024-08-06 13:28:55,0.136,0.104,8.971,6.586,13.137,4.167,0,1
2024-08-06 13:29:00,0.136,0.104,8.971,6.586,13.137,4.167,0,1
2024-08-06 13:29:05,0.138,0.112,8.951,6.593,13.11,4.16,0,1
2024-08-06 13:29:10,0.137,0.114,8.99,6.586,13.151,4.161,0,1
2024-08-06 13:29:15,0.137,0.114,8.99,6.586,13.151,4.161,0,1
2024-08-06 13:29:20,0.138,0.114,8.943,6.578,13.092,4.151,0,1
2024-08-06 13:29:25,0.142,0.114,8.962,6.578,13.121,4.156,0,1
2024-08-06 13:29:30,0.142,0.114,8.962,6.578,13.121,4.156,0,1
2024-08-06 13:29:35,0.132,0.113,8.945,6.578,13.099,4.16,0,1
2024-08-06 13:29:40,0.14,0.114,8.965,6.578,13.123,4.156,0,1
2024-08-06 13:29:45,0.14,0.114,8.965,6.578,13.123,4.156,0,1
2024-08-06 13:29:50,0.141,0.105,8.95,6.57,13.103,4.145,0,1
2024-08-06 13:29:55,0.141,0.105,8.95,6.57,13.103,4.145,0,1
