{
    "tagnames": [
        "3370-01-G-MODE",
        "3370-01-P-MODE",
        "3370-01-THRUST-A",
        "3370-01-THRUST-B"
    ],
    "target_tagnames": [
        "3370-01-G-MODE",
        "3370-01-P-MODE",
        "3370-01-THRUST-A",
        "3370-01-THRUST-B"
    ],
    "data_params": {
        "sampling_interval_seconds": 5,
        "durations": [
            {
                "start": "2023-11-24 16:18:11.486",
                "end": "2024-05-14 00:04:07.801"
            },
            {
                "start": "2024-05-15 03:34:45.659",
                "end": "2024-06-13 02:50:42.447"
            },
            {
                "start": "2024-06-14 08:51:23.747",
                "end": "2024-06-30 00:00:00.000"
            }
        ]
    },
    "model_params": {
        "window_size": 8,
        "scaler_type": "MinMaxScaler",
        "optimizer_type": "ADAM"
    },
    "hyper_params": {
        "num_epochs": 300,
        "batch_size": 1024,
        "learning_rate": 0.001,
        "early_stop_patience": 9223372036854775807
    }
}