{
    "tagnames": [
        "3370-01-AI062",
        "3370-01-AI060",
        "3370-01-AI060-1",
        "3370-01-G-MODE",
        "3370-01-AI061",
        "3370-01-AI061-1",
        "3370-01-P-MODE"
    ],
    "target_tagnames": [
        "3370-01-AI062",
        "3370-01-AI060",
        "3370-01-AI060-1",
        "3370-01-G-MODE",
        "3370-01-AI061",
        "3370-01-AI061-1",
        "3370-01-P-MODE"
    ],
    "data_params": {
        "sampling_interval_seconds": 5,
        "durations": [
            {
                "start": "2023-11-25 00:00:57.477",
                "end": "2024-05-13 21:44:25.648"
            },
            {
                "start": "2024-05-14 20:51:54.503",
                "end": "2024-06-13 00:23:12.366"
            },
            {
                "start": "2024-06-13 23:30:41.221",
                "end": "2024-09-04 00:00:00.000"
            }
        ]
    },
    "model_params": {
        "window_size": 8,
        "scaler_type": "MinMaxScaler",
        "optimizer_type": "ADAM"
    },
    "hyper_params": {
        "num_epochs": 300,
        "batch_size": 1024,
        "learning_rate": 0.001,
        "early_stop_patience": 9223372036854775807
    }
}