{
    "tagnames": [
        "3370-01-G-MODE",
        "3370-01-P-MODE",
        "3370-01-AI096",
        "3370-01-AI097"
    ],
    "target_tagnames": [
        "3370-01-G-MODE",
        "3370-01-P-MODE",
        "3370-01-AI096",
        "3370-01-AI097"
    ],
    "data_params": {
        "sampling_interval_seconds": 5,
        "durations": [
            {
                "start": "2023-11-25 00:02:07.450",
                "end": "2024-05-14 00:37:51.755"
            },
            {
                "start": "2024-05-15 02:38:46.717",
                "end": "2024-06-13 03:16:38.473"
            },
            {
                "start": "2024-06-14 13:57:51.755",
                "end": "2024-09-04 00:00:00.000"
            }
        ]
    },
    "model_params": {
        "window_size": 8,
        "scaler_type": "MinMaxScaler",
        "optimizer_type": "ADAM"
    },
    "hyper_params": {
        "num_epochs": 300,
        "batch_size": 1024,
        "learning_rate": 0.001,
        "early_stop_patience": 9223372036854775807
    }
}