{
    "tagnames": [
        "3370-02-GEN-AI031",
        "3370-02-GEN-AI036",
        "3370-02-GEN-AI037",
        "3370-02-GEN-AI038",
        "3370-02-P-MODE",
        "3370-02-AI210",
        "3370-02-AI211",
        "3370-02-G-MODE",
        "3370-02-GEN-AI019",
        "3370-02-GEN-AI020",
        "3370-02-GEN-AI021",
        "3370-02-GEN-AI022",
        "3370-02-GEN-AI024",
        "3370-02-GEN-AI026",
        "3370-02-GEN-AI027",
        "3370-02-GEN-AI028",
        "3370-02-GEN-AI029",
        "3370-02-GEN-AI032",
        "3370-02-GEN-AI033",
        "3370-02-GEN-AI034",
        "3370-02-GEN-AI035",
        "3370-02-GEN-AI023",
        "3370-02-GEN-AI030"
    ],
    "target_tagnames": [
        "3370-02-GEN-AI031",
        "3370-02-GEN-AI036",
        "3370-02-GEN-AI037",
        "3370-02-GEN-AI038",
        "3370-02-P-MODE",
        "3370-02-AI210",
        "3370-02-AI211",
        "3370-02-G-MODE",
        "3370-02-GEN-AI019",
        "3370-02-GEN-AI020",
        "3370-02-GEN-AI021",
        "3370-02-GEN-AI022",
        "3370-02-GEN-AI024",
        "3370-02-GEN-AI026",
        "3370-02-GEN-AI027",
        "3370-02-GEN-AI028",
        "3370-02-GEN-AI029",
        "3370-02-GEN-AI032",
        "3370-02-GEN-AI033",
        "3370-02-GEN-AI034",
        "3370-02-GEN-AI035",
        "3370-02-GEN-AI023",
        "3370-02-GEN-AI030"
    ],
    "data_params": {
        "sampling_interval_seconds": 5,
        "durations": [
            {
                "start": "2023-11-25 00:00:02.486",
                "end": "2024-05-14 00:37:51.755"
            },
            {
                "start": "2024-05-15 11:19:05.038",
                "end": "2024-05-29 07:44:07.328"
            },
            {
                "start": "2024-07-16 06:11:17.862",
                "end": "2024-09-04 00:00:00.000"
            }
        ]
    },
    "model_params": {
        "window_size": 8,
        "scaler_type": "MinMaxScaler",
        "optimizer_type": "ADAM"
    },
    "hyper_params": {
        "num_epochs": 300,
        "batch_size": 1024,
        "learning_rate": 0.001,
        "early_stop_patience": 9223372036854775807
    }
}