{
    "tagnames": [
        "3370-02-AI094",
        "3370-02-AI095",
        "3370-02-AI212",
        "3370-02-AI213",
        "3370-02-AI214",
        "3370-02-G-MODE",
        "3370-02-GEN-AI039",
        "3370-02-GEN-AI040",
        "3370-02-GEN-AI041",
        "3370-02-GEN-AI042",
        "3370-02-GEN-AI043",
        "3370-02-GEN-AI044",
        "3370-02-GEN-AI045",
        "3370-02-GEN-AI046",
        "3370-02-GEN-AI047",
        "3370-02-GEN-AI048",
        "3370-02-P-MODE",
        "3370-02-AI086",
        "3370-02-AI087",
        "3370-02-AI088",
        "3370-02-AI090",
        "3370-02-AI091",
        "3370-02-AI092",
        "3370-02-AI093"
    ],
    "target_tagnames": [
        "3370-02-AI094",
        "3370-02-AI095",
        "3370-02-AI212",
        "3370-02-AI213",
        "3370-02-AI214",
        "3370-02-G-MODE",
        "3370-02-GEN-AI039",
        "3370-02-GEN-AI040",
        "3370-02-GEN-AI041",
        "3370-02-GEN-AI042",
        "3370-02-GEN-AI043",
        "3370-02-GEN-AI044",
        "3370-02-GEN-AI045",
        "3370-02-GEN-AI046",
        "3370-02-GEN-AI047",
        "3370-02-GEN-AI048",
        "3370-02-P-MODE",
        "3370-02-AI086",
        "3370-02-AI087",
        "3370-02-AI088",
        "3370-02-AI090",
        "3370-02-AI091",
        "3370-02-AI092",
        "3370-02-AI093"
    ],
    "data_params": {
        "sampling_interval_seconds": 5,
        "durations": [
            {
                "start": "2023-11-25 00:00:02.486",
                "end": "2024-05-14 03:31:17.862"
            },
            {
                "start": "2024-05-15 08:25:38.931",
                "end": "2024-05-29 04:50:41.221"
            },
            {
                "start": "2024-07-16 17:45:02.290",
                "end": "2024-09-04 00:00:00.000"
            }
        ]
    },
    "model_params": {
        "window_size": 8,
        "scaler_type": "MinMaxScaler",
        "optimizer_type": "ADAM"
    },
    "hyper_params": {
        "num_epochs": 300,
        "batch_size": 1024,
        "learning_rate": 0.001,
        "early_stop_patience": 9223372036854775807
    }
}