{
    "tagnames": [
        "3370-20-AI004",
        "3370-20-AI005",
        "3370-20-AI006",
        "3370-20-AI007",
        "3370-20-AI-DRNPIT-DISCH-FLOW2",
        "3370-20-DRAIN-AI003"
    ],
    "target_tagnames": [
        "3370-20-AI004",
        "3370-20-AI005",
        "3370-20-AI006",
        "3370-20-AI007",
        "3370-20-AI-DRNPIT-DISCH-FLOW2",
        "3370-20-DRAIN-AI003"
    ],
    "data_params": {
        "sampling_interval_seconds": 5,
        "durations": [
            {
                "start": "2023-11-25 00:01:12",
                "end": "2024-02-24 00:00:00"
            }
        ]
    },
    "model_params": {
        "window_size": 8,
        "scaler_type": "MinMaxScaler",
        "optimizer_type": "ADAM"
    },
    "hyper_params": {
        "num_epochs": 300,
        "batch_size": 1024,
        "learning_rate": 0.001,
        "early_stop_patience": 9223372036854775807
    }
}