{
    "tagnames": [
        "3370-01-P-MODE",
        "3370-01-AI094",
        "3370-01-AI095",
        "3370-01-AI212",
        "3370-01-AI213",
        "3370-01-AI214",
        "3370-01-G-MODE",
        "3370-01-GEN-AI039",
        "3370-01-GEN-AI040",
        "3370-01-GEN-AI041",
        "3370-01-GEN-AI042",
        "3370-01-GEN-AI043",
        "3370-01-GEN-AI044",
        "3370-01-GEN-AI045",
        "3370-01-GEN-AI046",
        "3370-01-AI086",
        "3370-01-AI087",
        "3370-01-AI088",
        "3370-01-AI091",
        "3370-01-AI089",
        "3370-01-AI090",
        "3370-01-AI092",
        "3370-01-AI093",
        "3370-01-GEN-AI047",
        "3370-01-GEN-AI048"
    ],
    "target_tagnames": [
        "3370-01-P-MODE",
        "3370-01-AI094",
        "3370-01-AI095",
        "3370-01-AI212",
        "3370-01-AI213",
        "3370-01-AI214",
        "3370-01-G-MODE",
        "3370-01-GEN-AI039",
        "3370-01-GEN-AI040",
        "3370-01-GEN-AI041",
        "3370-01-GEN-AI042",
        "3370-01-GEN-AI043",
        "3370-01-GEN-AI044",
        "3370-01-GEN-AI045",
        "3370-01-GEN-AI046",
        "3370-01-AI086",
        "3370-01-AI087",
        "3370-01-AI088",
        "3370-01-AI091",
        "3370-01-AI089",
        "3370-01-AI090",
        "3370-01-AI092",
        "3370-01-AI093",
        "3370-01-GEN-AI047",
        "3370-01-GEN-AI048"
    ],
    "data_params": {
        "sampling_interval_seconds": 5,
        "durations": [
            {
                "start": "2023-11-25 00:00:10.466",
                "end": "2024-05-14 03:31:17.862"
            },
            {
                "start": "2024-05-15 02:38:46.717",
                "end": "2024-06-13 00:23:12.366"
            },
            {
                "start": "2024-06-14 08:10:59.541",
                "end": "2024-09-04 00:00:00.000"
            }
        ]
    },
    "model_params": {
        "window_size": 8,
        "scaler_type": "MinMaxScaler",
        "optimizer_type": "ADAM"
    },
    "hyper_params": {
        "num_epochs": 300,
        "batch_size": 1024,
        "learning_rate": 0.001,
        "early_stop_patience": 9223372036854775807
    }
}