{
    "tagnames": [
        "3370-02-AI081",
        "3370-02-AI082",
        "3370-02-AI083",
        "3370-02-AI084",
        "3370-02-AI085",
        "3370-02-G-MODE",
        "3370-02-P-MODE"
    ],
    "target_tagnames": [
        "3370-02-AI081",
        "3370-02-AI082",
        "3370-02-AI083",
        "3370-02-AI084",
        "3370-02-AI085",
        "3370-02-G-MODE",
        "3370-02-P-MODE"
    ],
    "data_params": {
        "sampling_interval_seconds": 5,
        "durations": [
            {
                "start": "2023-11-25 00:00:35.489",
                "end": "2024-05-14 06:24:43.969"
            },
            {
                "start": "2024-05-15 11:19:05.038",
                "end": "2024-05-29 04:50:41.221"
            },
            {
                "start": "2024-07-16 09:04:43.969",
                "end": "2024-08-31 15:03:49.007"
            },
            {
                "start": "2024-09-03 21:06:33.893",
                "end": "2024-09-04 00:00:00.000"
            }
        ]
    },
    "model_params": {
        "window_size": 8,
        "scaler_type": "MinMaxScaler",
        "optimizer_type": "ADAM"
    },
    "hyper_params": {
        "num_epochs": 300,
        "batch_size": 1024,
        "learning_rate": 0.001,
        "early_stop_patience": 9223372036854775807
    }
}