Timestamp,3370-02-AI060,3370-02-AI060-1,3370-02-AI061,3370-02-AI061-1,3370-02-AI062,3370-01-G-MODE,3370-01-P-MODE
2024-08-06 12:30:00,28.177,0.378,28.681,29.312,28.681,1,1
2024-08-06 12:30:05,28.177,0.378,28.681,29.312,28.681,1,1
2024-08-06 12:30:10,28.177,0.378,28.681,29.312,28.681,1,1
2024-08-06 12:30:15,28.177,0.378,28.681,29.312,28.681,1,1
2024-08-06 12:30:20,28.177,0.378,28.681,29.312,28.681,1,1
2024-08-06 12:30:25,28.177,0.378,28.681,29.312,28.681,1,1
2024-08-06 12:30:30,28.177,0.378,28.681,29.312,28.681,1,1
2024-08-06 12:30:35,28.177,0.378,28.681,29.312,28.681,1,1
2024-08-06 12:30:40,28.177,0.378,28.681,29.312,28.681,1,1
2024-08-06 12:30:45,28.177,0.378,28.681,29.312,28.681,1,1
2024-08-06 12:30:50,28.177,0.378,28.681,29.312,28.681,1,1
2024-08-06 12:30:55,28.177,0.378,28.681,29.312,28.681,1,1
2024-08-06 12:31:00,28.177,0.378,28.681,29.312,28.681,1,1
2024-08-06 12:31:05,28.177,0.378,28.681,29.312,28.681,1,1
2024-08-06 12:31:10,28.177,0.378,28.681,29.312,28.681,1,1
2024-08-06 12:31:15,28.177,0.378,28.681,29.312,28.681,1,1
2024-08-06 12:31:20,28.177,0.378,28.681,29.312,28.681,1,1
2024-08-06 12:31:25,28.177,0.378,28.681,29.312,28.681,1,1
2024-08-06 12:31:30,28.177,0.378,28.681,29.312,28.681,1,1
2024-08-06 12:31:35,28.177,0.378,28.681,29.312,28.681,1,1
2024-08-06 12:31:40,28.177,0.378,28.681,29.312,28.681,1,1
2024-08-06 12:31:45,28.177,0.378,28.681,29.312,28.681,1,1
2024-08-06 12:31:50,28.177,0.378,28.681,29.312,28.681,1,1
2024-08-06 12:31:55,28.177,0.378,28.681,29.312,28.681,1,1
2024-08-06 12:32:00,28.177,0.378,28.681,29.312,28.681,1,1
2024-08-06 12:32:05,28.177,0.378,28.681,29.312,28.681,1,1
2024-08-06 12:32:10,28.177,0.378,28.681,29.312,28.681,1,1
2024-08-06 12:32:15,28.177,0.378,28.681,29.312,28.681,1,1
2024-08-06 12:32:20,28.177,0.378,28.681,29.312,28.681,1,1
2024-08-06 12:32:25,28.177,0.378,28.681,29.312,28.681,1,1
2024-08-06 12:32:30,28.177,0.378,28.681,29.312,28.681,1,1
2024-08-06 12:32:35,28.177,0.378,28.681,29.312,28.681,1,1
2024-08-06 12:32:40,28.177,0.378,28.681,29.312,28.681,1,1
2024-08-06 12:32:45,28.177,0.378,28.681,29.312,28.681,1,1
2024-08-06 12:32:50,28.177,0.378,28.681,29.312,28.681,1,1
2024-08-06 12:32:55,28.177,0.378,28.681,29.312,28.681,1,1
2024-08-06 12:33:00,28.177,0.378,28.681,29.312,28.681,1,1
2024-08-06 12:33:05,28.177,0.378,28.681,29.312,28.681,1,1
2024-08-06 12:33:10,28.177,0.378,28.681,29.312,28.681,1,1
2024-08-06 12:33:15,28.177,0.378,28.681,29.312,28.681,1,1
2024-08-06 12:33:20,28.177,0.378,28.681,29.312,28.681,1,1
2024-08-06 12:33:25,28.177,0.378,28.681,29.312,28.681,1,1
2024-08-06 12:33:30,28.177,0.378,28.681,29.312,28.681,1,1
2024-08-06 12:33:35,28.177,0.378,28.681,29.312,28.681,1,1
2024-08-06 12:33:40,28.177,0.378,28.681,29.312,28.681,1,1
2024-08-06 12:33:45,28.177,0.378,28.681,29.312,28.681,1,1
2024-08-06 12:33:50,28.177,0.378,28.681,29.312,28.681,1,1
2024-08-06 12:33:55,28.177,0.378,28.681,29.312,28.681,1,1
2024-08-06 12:34:00,28.177,0.378,28.681,29.312,28.681,1,1
2024-08-06 12:34:05,28.177,0.378,28.681,29.312,28.681,1,1
2024-08-06 12:34:10,28.177,0.378,28.681,29.312,28.681,1,1
2024-08-06 12:34:15,28.177,0.378,28.681,29.312,28.681,1,1
2024-08-06 12:34:20,28.177,0.378,28.681,29.312,28.681,1,1
2024-08-06 12:34:25,28.177,0.378,28.681,29.312,28.681,1,1
2024-08-06 12:34:30,28.177,0.378,28.681,29.312,28.681,1,1
2024-08-06 12:34:35,28.177,0.378,28.681,29.312,28.681,1,1
2024-08-06 12:34:40,28.177,0.378,28.681,29.312,28.681,1,1
2024-08-06 12:34:45,28.177,0.378,28.681,29.312,28.681,1,1
2024-08-06 12:34:50,28.177,0.378,28.681,29.312,28.681,1,1
2024-08-06 12:34:55,28.177,0.378,28.681,29.312,28.681,1,1
2024-08-06 12:35:00,28.177,0.378,28.681,29.312,28.681,1,1
2024-08-06 12:35:05,28.177,0.378,28.681,29.312,28.681,1,1
2024-08-06 12:35:10,28.177,0.378,28.681,29.312,28.681,1,1
2024-08-06 12:35:15,28.177,0.378,28.681,29.312,28.681,1,1
2024-08-06 12:35:20,28.177,0.378,28.681,29.312,28.681,1,1
2024-08-06 12:35:25,28.177,0.378,28.681,29.312,28.681,1,1
2024-08-06 12:35:30,28.177,0.378,28.681,29.312,28.681,1,1
2024-08-06 12:35:35,28.177,0.378,28.681,29.312,28.681,1,1
2024-08-06 12:35:40,28.177,0.378,28.681,29.312,28.681,1,1
2024-08-06 12:35:45,28.177,0.378,28.681,29.312,28.681,1,1
2024-08-06 12:35:50,28.177,0.378,28.681,29.312,28.681,1,1
2024-08-06 12:35:55,28.177,0.378,28.681,29.312,28.681,1,1
2024-08-06 12:36:00,28.177,0.378,28.681,29.312,28.681,1,1
2024-08-06 12:36:05,28.177,0.378,28.681,29.312,28.681,1,1
2024-08-06 12:36:10,28.177,0.378,28.681,29.312,28.681,1,1
2024-08-06 12:36:15,28.177,0.378,28.681,29.312,28.681,1,1
2024-08-06 12:36:20,28.177,0.378,28.681,29.312,28.681,1,1
2024-08-06 12:36:25,28.177,0.378,28.681,29.312,28.681,1,1
2024-08-06 12:36:30,28.177,0.378,28.681,29.312,28.681,1,1
2024-08-06 12:36:35,28.177,0.378,28.681,29.312,28.681,1,1
2024-08-06 12:36:40,28.177,0.378,28.681,29.312,28.681,1,1
2024-08-06 12:36:45,28.177,0.378,28.681,29.312,28.681,1,1
2024-08-06 12:36:50,28.177,0.378,28.681,29.312,28.681,1,1
2024-08-06 12:36:55,28.177,0.378,28.681,29.312,28.681,1,1
2024-08-06 12:37:00,28.177,0.378,28.681,29.312,28.681,1,1
2024-08-06 12:37:05,28.177,0.378,28.681,29.312,28.681,1,1
2024-08-06 12:37:10,28.177,0.378,28.681,29.312,28.681,1,1
2024-08-06 12:37:15,28.177,0.378,28.681,29.312,28.681,1,1
2024-08-06 12:37:20,28.177,0.378,28.681,29.312,28.681,1,1
2024-08-06 12:37:25,28.177,0.378,28.681,29.312,28.681,1,1
2024-08-06 12:37:30,28.177,0.378,28.681,29.312,28.681,1,1
2024-08-06 12:37:35,28.177,0.378,28.681,29.312,28.681,1,1
2024-08-06 12:37:40,28.177,0.378,28.681,29.312,28.681,1,1
2024-08-06 12:37:45,28.177,0.378,28.681,29.312,28.681,1,1
2024-08-06 12:37:50,28.177,0.378,28.681,29.312,28.681,1,1
2024-08-06 12:37:55,28.177,0.378,28.681,29.312,28.681,1,1
2024-08-06 12:38:00,28.177,0.378,28.681,29.312,28.681,1,1
2024-08-06 12:38:05,28.177,0.378,28.681,29.312,28.681,1,1
2024-08-06 12:38:10,28.177,0.378,28.681,29.312,28.681,1,1
2024-08-06 12:38:15,28.177,0.378,28.681,29.312,28.681,1,1
2024-08-06 12:38:20,28.177,0.378,28.681,29.312,28.681,1,1
2024-08-06 12:38:25,28.177,0.378,28.681,29.312,28.681,1,1
2024-08-06 12:38:30,28.177,0.378,28.681,29.312,28.681,1,1
2024-08-06 12:38:35,28.177,0.378,28.681,29.312,28.681,1,1
2024-08-06 12:38:40,28.177,0.378,28.681,29.312,28.681,1,1
2024-08-06 12:38:45,28.177,0.378,28.681,29.312,28.681,1,1
2024-08-06 12:38:50,28.177,0.378,28.681,29.312,28.681,1,1
2024-08-06 12:38:55,28.177,0.378,28.681,29.312,28.681,1,1
2024-08-06 12:39:00,28.177,0.378,28.681,29.312,28.681,1,1
2024-08-06 12:39:05,28.177,0.378,28.681,29.312,28.681,1,1
2024-08-06 12:39:10,28.177,0.378,28.681,29.312,28.681,1,1
2024-08-06 12:39:15,28.177,0.378,28.681,29.312,28.681,1,1
2024-08-06 12:39:20,28.177,0.378,28.681,29.312,28.681,1,1
2024-08-06 12:39:25,28.177,0.378,28.681,29.312,28.681,1,1
2024-08-06 12:39:30,28.177,0.378,28.681,29.312,28.681,1,1
2024-08-06 12:39:35,28.177,0.378,28.681,29.312,28.681,1,1
2024-08-06 12:39:40,28.177,0.378,28.681,29.312,28.681,1,1
2024-08-06 12:39:45,28.177,0.378,28.681,29.312,28.681,1,1
2024-08-06 12:39:50,28.177,0.378,28.681,29.312,28.681,1,1
2024-08-06 12:39:55,28.177,0.378,28.681,29.312,28.681,1,1
2024-08-06 12:40:00,28.177,0.378,28.681,29.312,28.681,1,1
2024-08-06 12:40:05,28.177,0.378,28.681,29.312,28.681,1,1
2024-08-06 12:40:10,28.177,0.378,28.681,29.312,28.681,1,1
2024-08-06 12:40:15,28.177,0.378,28.681,29.312,28.681,1,1
2024-08-06 12:40:20,28.177,0.378,28.681,29.312,28.681,1,1
2024-08-06 12:40:25,28.177,0.378,28.681,29.312,28.681,1,1
2024-08-06 12:40:30,28.177,0.378,28.681,29.312,28.681,1,1
2024-08-06 12:40:35,28.177,0.378,28.681,29.312,28.681,1,1
2024-08-06 12:40:40,28.177,0.378,28.681,29.312,28.681,1,1
2024-08-06 12:40:45,28.177,0.378,28.681,29.312,28.681,1,1
2024-08-06 12:40:50,28.177,0.378,28.681,29.312,28.681,1,1
2024-08-06 12:40:55,28.177,0.378,28.681,29.312,28.681,1,1
2024-08-06 12:41:00,28.177,0.378,28.681,29.312,28.681,1,1
2024-08-06 12:41:05,28.177,0.378,28.681,29.312,28.681,1,1
2024-08-06 12:41:10,28.177,0.378,28.681,29.312,28.681,1,1
2024-08-06 12:41:15,28.177,0.378,28.681,29.312,28.681,1,1
2024-08-06 12:41:20,28.177,0.378,28.681,29.312,28.681,1,1
2024-08-06 12:41:25,28.177,0.378,28.681,29.312,28.681,1,1
2024-08-06 12:41:30,28.177,0.378,28.681,29.312,28.681,1,1
2024-08-06 12:41:35,28.177,0.378,28.681,29.312,28.681,1,1
2024-08-06 12:41:40,28.177,0.378,28.681,29.312,28.681,1,1
2024-08-06 12:41:45,28.177,0.378,28.681,29.312,28.681,1,1
2024-08-06 12:41:50,28.177,0.378,28.681,29.312,28.681,1,1
2024-08-06 12:41:55,28.177,0.378,28.681,29.312,28.681,1,1
2024-08-06 12:42:00,28.177,0.378,28.681,29.312,28.681,1,1
2024-08-06 12:42:05,28.177,0.378,28.681,29.312,28.681,1,1
2024-08-06 12:42:10,28.177,0.378,28.681,29.312,28.681,1,1
2024-08-06 12:42:15,28.177,0.378,28.681,29.312,28.681,1,1
2024-08-06 12:42:20,28.177,0.378,28.681,29.312,28.681,1,1
2024-08-06 12:42:25,28.177,0.378,28.681,29.312,28.681,1,1
2024-08-06 12:42:30,28.177,0.378,28.681,29.312,28.681,1,1
2024-08-06 12:42:35,28.177,0.378,28.681,29.312,28.681,1,1
2024-08-06 12:42:40,28.177,0.378,28.681,29.312,28.681,1,1
2024-08-06 12:42:45,28.177,0.378,28.681,29.312,28.681,1,1
2024-08-06 12:42:50,28.177,0.378,28.681,29.312,28.681,1,1
2024-08-06 12:42:55,28.177,0.378,28.681,29.312,28.681,1,1
2024-08-06 12:43:00,28.177,0.378,28.681,29.312,28.681,1,1
2024-08-06 12:43:05,28.177,0.378,28.681,29.312,28.681,1,1
2024-08-06 12:43:10,28.177,0.378,28.681,29.312,28.681,1,1
2024-08-06 12:43:15,28.177,0.378,28.681,29.312,28.681,1,1
2024-08-06 12:43:20,28.177,0.378,28.681,29.312,28.681,1,1
2024-08-06 12:43:25,28.177,0.378,28.681,29.312,28.681,1,1
2024-08-06 12:43:30,28.177,0.378,28.681,29.312,28.681,1,1
2024-08-06 12:43:35,28.177,0.378,28.681,29.312,28.681,1,1
2024-08-06 12:43:40,28.177,0.378,28.681,29.312,28.681,1,1
2024-08-06 12:43:45,28.177,0.378,28.681,29.312,28.681,1,1
2024-08-06 12:43:50,28.177,0.378,28.681,29.312,28.681,1,1
2024-08-06 12:43:55,28.177,0.378,28.681,29.312,28.681,1,1
2024-08-06 12:44:00,28.177,0.378,28.681,29.312,28.681,1,1
2024-08-06 12:44:05,28.177,0.378,28.681,29.312,28.681,1,1
2024-08-06 12:44:10,28.177,0.378,28.681,29.312,28.681,1,1
2024-08-06 12:44:15,28.177,0.378,28.681,29.312,28.681,1,1
2024-08-06 12:44:20,28.177,0.378,28.681,29.312,28.681,1,1
2024-08-06 12:44:25,28.177,0.378,28.681,29.312,28.681,1,1
2024-08-06 12:44:30,28.177,0.378,28.681,29.312,28.681,1,1
2024-08-06 12:44:35,28.177,0.378,28.681,29.312,28.681,1,1
2024-08-06 12:44:40,28.177,0.378,28.681,29.312,28.681,1,1
2024-08-06 12:44:45,28.177,0.378,28.681,29.312,28.681,1,1
2024-08-06 12:44:50,28.177,0.378,28.681,29.312,28.681,1,1
2024-08-06 12:44:55,28.177,0.378,28.681,29.312,28.681,1,1
2024-08-06 12:45:00,28.177,0.378,28.681,29.312,28.681,1,1
2024-08-06 12:45:05,28.177,0.378,28.681,29.312,28.681,1,1
2024-08-06 12:45:10,28.177,0.378,28.681,29.312,28.681,1,1
2024-08-06 12:45:15,28.177,0.378,28.681,29.312,28.681,1,1
2024-08-06 12:45:20,28.177,0.378,28.681,29.312,28.681,1,1
2024-08-06 12:45:25,28.177,0.378,28.681,29.312,28.681,1,1
2024-08-06 12:45:30,28.177,0.378,28.681,29.312,28.681,1,1
2024-08-06 12:45:35,28.177,0.378,28.681,29.312,28.681,1,1
2024-08-06 12:45:40,28.177,0.378,28.681,29.312,28.681,1,1
2024-08-06 12:45:45,28.177,0.378,28.681,29.312,28.681,1,1
2024-08-06 12:45:50,28.177,0.378,28.681,29.312,28.681,1,1
2024-08-06 12:45:55,28.177,0.378,28.681,29.312,28.681,1,1
2024-08-06 12:46:00,28.177,0.378,28.681,29.312,28.681,1,1
2024-08-06 12:46:05,28.177,0.378,28.681,29.312,28.681,1,1
2024-08-06 12:46:10,28.177,0.378,28.681,29.312,28.681,1,1
2024-08-06 12:46:15,28.177,0.378,28.681,29.312,28.681,1,1
2024-08-06 12:46:20,28.177,0.378,28.681,29.312,28.681,1,1
2024-08-06 12:46:25,28.177,0.378,28.681,29.312,28.681,1,1
2024-08-06 12:46:30,28.177,0.378,28.681,29.312,28.681,1,1
2024-08-06 12:46:35,28.177,0.378,28.681,29.312,28.681,1,1
2024-08-06 12:46:40,28.177,0.378,28.681,29.312,28.681,1,1
2024-08-06 12:46:45,28.177,0.378,28.681,29.312,28.681,1,1
2024-08-06 12:46:50,28.177,0.378,28.681,29.312,28.681,1,1
2024-08-06 12:46:55,28.177,0.378,28.681,29.312,28.681,1,1
2024-08-06 12:47:00,28.177,0.378,28.681,29.312,28.681,1,1
2024-08-06 12:47:05,28.177,0.378,28.681,29.312,28.681,1,1
2024-08-06 12:47:10,28.177,0.378,28.681,29.312,28.681,1,1
2024-08-06 12:47:15,28.177,0.378,28.681,29.312,28.681,1,1
2024-08-06 12:47:20,28.177,0.378,28.681,29.312,28.681,1,1
2024-08-06 12:47:25,28.177,0.378,28.681,29.312,28.681,1,1
2024-08-06 12:47:30,28.177,0.378,28.681,29.312,28.681,1,1
2024-08-06 12:47:35,28.177,0.378,28.681,29.312,28.681,1,1
2024-08-06 12:47:40,28.177,0.378,28.681,29.312,28.681,1,1
2024-08-06 12:47:45,28.177,0.378,28.681,29.312,28.681,1,1
2024-08-06 12:47:50,28.177,0.378,28.681,29.312,28.681,1,1
2024-08-06 12:47:55,28.177,0.378,28.681,29.312,28.681,1,1
2024-08-06 12:48:00,28.177,0.378,28.681,29.312,28.681,1,1
2024-08-06 12:48:05,28.177,0.378,28.681,29.312,28.681,1,1
2024-08-06 12:48:10,28.177,0.378,28.681,29.312,28.681,1,1
2024-08-06 12:48:15,28.177,0.378,28.681,29.312,28.681,1,1
2024-08-06 12:48:20,28.177,0.378,28.681,29.312,28.681,1,1
2024-08-06 12:48:25,28.177,0.378,28.681,29.312,28.681,1,1
2024-08-06 12:48:30,28.177,0.378,28.681,29.312,28.681,1,1
2024-08-06 12:48:35,28.177,0.378,28.681,29.312,28.681,1,1
2024-08-06 12:48:40,28.177,0.378,28.681,29.312,28.681,1,1
2024-08-06 12:48:45,28.177,0.378,28.681,29.312,28.681,1,1
2024-08-06 12:48:50,28.177,0.378,28.681,29.312,28.681,1,1
2024-08-06 12:48:55,28.177,0.378,28.681,29.312,28.681,1,1
2024-08-06 12:49:00,28.177,0.378,28.681,29.312,28.681,1,1
2024-08-06 12:49:05,28.177,0.378,28.681,29.312,28.681,1,1
2024-08-06 12:49:10,28.177,0.378,28.681,29.312,28.681,1,1
2024-08-06 12:49:15,28.177,0.378,28.681,29.312,28.681,1,1
2024-08-06 12:49:20,28.177,0.378,28.681,29.312,28.681,1,1
2024-08-06 12:49:25,28.177,0.378,28.681,29.312,28.681,1,1
2024-08-06 12:49:30,28.177,0.378,28.681,29.312,28.681,1,1
2024-08-06 12:49:35,28.177,0.378,28.681,29.312,28.681,1,1
2024-08-06 12:49:40,28.177,0.378,28.681,29.312,28.681,1,1
2024-08-06 12:49:45,28.177,0.378,28.681,29.312,28.681,1,1
2024-08-06 12:49:50,28.177,0.378,28.681,29.312,28.681,1,1
2024-08-06 12:49:55,28.177,0.378,28.681,29.312,28.681,1,1
2024-08-06 12:50:00,28.177,0.378,28.681,29.312,28.681,1,1
2024-08-06 12:50:05,28.177,0.378,28.681,29.312,28.681,1,1
2024-08-06 12:50:10,28.177,0.378,28.681,29.312,28.681,1,1
2024-08-06 12:50:15,28.177,0.378,28.681,29.312,28.681,1,1
2024-08-06 12:50:20,28.177,0.378,28.681,29.312,28.681,1,1
2024-08-06 12:50:25,28.177,0.378,28.681,29.312,28.681,1,1
2024-08-06 12:50:30,28.177,0.378,28.681,29.312,28.681,1,1
2024-08-06 12:50:35,28.177,0.378,28.681,29.312,28.681,1,1
2024-08-06 12:50:40,28.177,0.378,28.681,29.312,28.681,1,1
2024-08-06 12:50:45,28.177,0.378,28.681,29.312,28.681,1,1
2024-08-06 12:50:50,28.177,0.378,28.681,29.312,28.681,1,1
2024-08-06 12:50:55,28.177,0.378,28.681,29.312,28.681,1,1
2024-08-06 12:51:00,28.177,0.378,28.681,29.312,28.681,1,1
2024-08-06 12:51:05,28.177,0.378,28.681,29.312,28.681,1,1
2024-08-06 12:51:10,28.177,0.378,28.681,29.312,28.681,1,1
2024-08-06 12:51:15,28.177,0.378,28.681,29.312,28.681,1,1
2024-08-06 12:51:20,28.177,0.378,28.681,29.312,28.681,1,1
2024-08-06 12:51:25,28.177,0.378,28.681,29.312,28.681,1,1
2024-08-06 12:51:30,28.177,0.378,28.681,29.312,28.681,1,1
2024-08-06 12:51:35,28.177,0.378,28.681,29.312,28.681,1,1
2024-08-06 12:51:40,28.177,0.378,28.681,29.312,28.681,1,1
2024-08-06 12:51:45,28.177,0.378,28.681,29.312,28.681,1,1
2024-08-06 12:51:50,28.177,0.378,28.681,29.312,28.681,1,1
2024-08-06 12:51:55,28.177,0.378,28.681,29.312,28.681,1,1
2024-08-06 12:52:00,28.177,0.378,28.681,29.312,28.681,1,1
2024-08-06 12:52:05,28.177,0.378,28.681,29.312,28.681,1,1
2024-08-06 12:52:10,28.177,0.378,28.681,29.312,28.681,1,1
2024-08-06 12:52:15,28.177,0.378,28.681,29.312,28.681,1,1
2024-08-06 12:52:20,28.177,0.378,28.681,29.312,28.681,1,1
2024-08-06 12:52:25,28.177,0.378,28.681,29.312,28.681,1,1
2024-08-06 12:52:30,28.177,0.378,28.681,29.312,28.681,1,1
2024-08-06 12:52:35,28.177,0.378,28.681,29.312,28.681,1,1
2024-08-06 12:52:40,28.177,0.378,28.681,29.312,28.681,1,1
2024-08-06 12:52:45,28.177,0.378,28.681,29.312,28.681,1,1
2024-08-06 12:52:50,28.177,0.378,28.681,29.312,28.681,1,1
2024-08-06 12:52:55,28.177,0.378,28.681,29.312,28.681,1,1
2024-08-06 12:53:00,28.177,0.378,28.681,29.312,28.681,1,1
2024-08-06 12:53:05,28.177,0.378,28.681,29.312,28.681,1,1
2024-08-06 12:53:10,28.177,0.378,28.681,29.312,28.681,1,1
2024-08-06 12:53:15,28.177,0.378,28.681,29.312,28.681,1,1
2024-08-06 12:53:20,28.177,0.378,28.681,29.312,28.681,1,1
2024-08-06 12:53:25,28.177,0.378,28.681,29.312,28.681,1,1
2024-08-06 12:53:30,28.177,0.378,28.681,29.312,28.681,1,1
2024-08-06 12:53:35,28.177,0.378,28.681,29.312,28.681,1,1
2024-08-06 12:53:40,28.177,0.378,28.681,29.312,28.681,1,1
2024-08-06 12:53:45,28.177,0.378,28.681,29.312,28.681,1,1
2024-08-06 12:53:50,28.177,0.378,28.681,29.312,28.681,1,1
2024-08-06 12:53:55,28.177,0.378,28.681,29.312,28.681,1,1
2024-08-06 12:54:00,28.177,0.378,28.681,29.312,28.681,1,1
2024-08-06 12:54:05,28.177,0.378,28.681,29.312,28.681,1,1
2024-08-06 12:54:10,28.177,0.378,28.681,29.312,28.681,1,1
2024-08-06 12:54:15,28.177,0.378,28.681,29.312,28.681,1,1
2024-08-06 12:54:20,28.177,0.378,28.681,29.312,28.681,1,1
2024-08-06 12:54:25,28.177,0.378,28.681,29.312,28.681,1,1
2024-08-06 12:54:30,28.177,0.378,28.681,29.312,28.681,1,1
2024-08-06 12:54:35,28.177,0.378,28.681,29.312,28.681,1,1
2024-08-06 12:54:40,28.177,0.378,28.681,29.312,28.681,1,1
2024-08-06 12:54:45,28.177,0.378,28.681,29.312,28.681,1,1
2024-08-06 12:54:50,28.177,0.378,28.681,29.312,28.681,1,1
2024-08-06 12:54:55,28.177,0.378,28.681,29.312,28.681,1,1
2024-08-06 12:55:00,28.177,0.378,28.681,29.312,28.681,1,1
2024-08-06 12:55:05,28.177,0.378,28.681,29.312,28.681,1,1
2024-08-06 12:55:10,28.177,0.378,28.681,29.312,28.681,1,1
2024-08-06 12:55:15,28.177,0.378,28.681,29.312,28.681,1,1
2024-08-06 12:55:20,28.177,0.378,28.681,29.312,28.681,1,1
2024-08-06 12:55:25,28.177,0.378,28.681,29.312,28.681,1,1
2024-08-06 12:55:30,28.177,0.378,28.681,29.312,28.681,1,1
2024-08-06 12:55:35,28.177,0.378,28.681,29.312,28.681,1,1
2024-08-06 12:55:40,28.177,0.378,28.681,29.312,28.681,1,1
2024-08-06 12:55:45,28.177,0.378,28.681,29.312,28.681,1,1
2024-08-06 12:55:50,28.177,0.378,28.681,29.312,28.681,1,1
2024-08-06 12:55:55,28.177,0.378,28.681,29.312,28.681,1,1
2024-08-06 12:56:00,28.177,0.378,28.681,29.312,28.681,1,1
2024-08-06 12:56:05,28.177,0.378,28.681,29.312,28.681,1,1
2024-08-06 12:56:10,28.177,0.378,28.681,29.312,28.681,1,1
2024-08-06 12:56:15,28.177,0.378,28.681,29.312,28.681,1,1
2024-08-06 12:56:20,28.177,0.378,28.681,29.312,28.681,1,1
2024-08-06 12:56:25,28.177,0.378,28.681,29.312,28.681,1,1
2024-08-06 12:56:30,28.177,0.378,28.681,29.312,28.681,1,1
2024-08-06 12:56:35,28.177,0.378,28.681,29.312,28.681,1,1
2024-08-06 12:56:40,28.177,0.378,28.681,29.312,28.681,1,1
2024-08-06 12:56:45,28.177,0.378,28.681,29.312,28.681,1,1
2024-08-06 12:56:50,28.177,0.378,28.681,29.312,28.681,1,1
2024-08-06 12:56:55,28.177,0.378,28.681,29.312,28.681,1,1
2024-08-06 12:57:00,28.177,0.378,28.681,29.312,28.681,1,1
2024-08-06 12:57:05,28.177,0.378,28.681,29.312,28.681,1,1
2024-08-06 12:57:10,28.177,0.378,28.681,29.312,28.681,1,1
2024-08-06 12:57:15,28.177,0.378,28.681,29.312,28.681,1,1
2024-08-06 12:57:20,28.177,0.378,28.681,29.312,28.681,1,1
2024-08-06 12:57:25,28.177,0.378,28.681,29.312,28.681,1,1
2024-08-06 12:57:30,28.177,0.378,28.681,29.312,28.681,1,1
2024-08-06 12:57:35,28.177,0.378,28.681,29.312,28.681,1,1
2024-08-06 12:57:40,28.177,0.378,28.681,29.312,28.681,1,1
2024-08-06 12:57:45,28.177,0.378,28.681,29.312,28.681,1,1
2024-08-06 12:57:50,28.177,0.378,28.681,29.312,28.681,1,1
2024-08-06 12:57:55,28.177,0.378,28.681,29.312,28.681,1,1
2024-08-06 12:58:00,28.177,0.378,28.681,29.312,28.681,1,1
2024-08-06 12:58:05,28.177,0.378,28.681,29.312,28.681,1,1
2024-08-06 12:58:10,28.177,0.378,28.681,29.312,28.681,1,1
2024-08-06 12:58:15,28.177,0.378,28.681,29.312,28.681,1,1
2024-08-06 12:58:20,28.177,0.378,28.681,29.312,28.681,1,1
2024-08-06 12:58:25,28.177,0.378,28.681,29.312,28.681,1,1
2024-08-06 12:58:30,28.177,0.378,28.681,29.312,28.681,1,1
2024-08-06 12:58:35,28.177,0.378,28.681,29.312,28.681,1,1
2024-08-06 12:58:40,28.177,0.378,28.681,29.312,28.681,1,1
2024-08-06 12:58:45,28.177,0.378,28.681,29.312,28.681,1,1
2024-08-06 12:58:50,28.177,0.378,28.681,29.312,28.681,1,1
2024-08-06 12:58:55,28.177,0.378,28.681,29.312,28.681,1,1
2024-08-06 12:59:00,28.177,0.378,28.681,29.312,28.681,1,1
2024-08-06 12:59:05,28.681,1.765,28.808,29.691,28.681,1,1
2024-08-06 12:59:10,28.681,1.765,28.808,29.691,28.681,1,1
2024-08-06 12:59:15,28.681,1.765,28.808,29.691,28.681,1,1
2024-08-06 12:59:20,28.681,1.765,28.808,29.691,28.681,1,1
2024-08-06 12:59:25,28.681,1.765,28.808,29.691,28.681,1,1
2024-08-06 12:59:30,28.681,1.765,28.808,29.691,28.681,1,1
2024-08-06 12:59:35,28.681,1.765,28.808,29.691,28.681,1,1
2024-08-06 12:59:40,28.681,1.765,28.808,29.691,28.681,1,1
2024-08-06 12:59:45,28.681,1.765,28.808,29.691,28.681,1,1
2024-08-06 12:59:50,28.681,1.765,28.808,29.691,28.681,1,1
2024-08-06 12:59:55,28.681,1.765,28.808,29.691,28.681,1,1
2024-08-06 13:00:00,28.681,1.765,28.808,29.691,28.681,1,1
2024-08-06 13:00:05,28.681,1.765,28.808,29.691,28.681,1,1
2024-08-06 13:00:10,28.681,1.765,28.808,29.691,28.681,1,1
2024-08-06 13:00:15,28.429,2.899,28.681,26.034,28.555,1,1
2024-08-06 13:00:20,28.429,2.899,28.681,26.034,28.555,1,1
2024-08-06 13:00:25,28.429,2.899,28.681,26.034,28.555,1,1
2024-08-06 13:00:30,28.429,2.899,28.681,26.034,28.555,1,1
2024-08-06 13:00:35,28.429,2.899,28.681,26.034,28.555,1,1
2024-08-06 13:00:40,28.429,2.899,28.681,26.034,28.555,1,1
2024-08-06 13:00:45,28.429,2.899,28.681,26.034,28.555,1,1
2024-08-06 13:00:50,28.429,2.899,28.681,26.034,28.555,1,1
2024-08-06 13:00:55,28.429,2.899,28.681,26.034,28.555,1,1
2024-08-06 13:01:00,28.429,2.899,28.681,26.034,28.555,1,1
2024-08-06 13:01:05,28.429,2.899,28.681,26.034,28.555,1,1
2024-08-06 13:01:10,28.429,2.899,28.681,26.034,28.555,1,1
2024-08-06 13:01:15,28.429,2.899,28.681,26.034,28.555,1,1
2024-08-06 13:01:20,28.429,2.899,28.681,26.034,28.555,1,1
2024-08-06 13:01:25,28.429,2.899,28.681,26.034,28.555,1,1
2024-08-06 13:01:30,28.429,2.899,28.681,26.034,28.555,1,1
2024-08-06 13:01:35,28.429,2.899,28.681,26.034,28.555,1,1
2024-08-06 13:01:40,28.429,2.899,28.681,26.034,28.555,1,1
2024-08-06 13:01:45,28.429,2.899,28.681,26.034,28.555,1,1
2024-08-06 13:01:50,28.429,2.899,28.681,26.034,28.555,1,1
2024-08-06 13:01:55,28.429,2.899,28.681,26.034,28.555,1,1
2024-08-06 13:02:00,28.429,2.899,28.681,26.034,28.555,1,1
2024-08-06 13:02:05,28.429,2.899,28.681,26.034,28.555,1,1
2024-08-06 13:02:10,28.429,2.899,28.681,26.034,28.555,1,1
2024-08-06 13:02:15,28.429,2.899,28.681,26.034,28.555,1,1
2024-08-06 13:02:20,28.429,2.899,28.681,26.034,28.555,1,1
2024-08-06 13:02:25,28.429,2.899,28.681,26.034,28.555,1,1
2024-08-06 13:02:30,28.429,2.899,28.681,26.034,28.555,1,1
2024-08-06 13:02:35,28.429,2.899,28.681,26.034,28.555,1,1
2024-08-06 13:02:40,28.429,2.899,28.681,26.034,28.555,1,1
2024-08-06 13:02:45,28.429,2.899,28.681,26.034,28.555,1,1
2024-08-06 13:02:50,28.429,2.899,28.681,26.034,28.555,1,1
2024-08-06 13:02:55,28.429,2.899,28.681,26.034,28.555,1,1
2024-08-06 13:03:00,28.429,2.899,28.681,26.034,28.555,1,1
2024-08-06 13:03:05,28.429,2.899,28.681,26.034,28.555,1,1
2024-08-06 13:03:10,28.429,2.899,28.681,26.034,28.555,1,1
2024-08-06 13:03:15,28.429,2.899,28.681,26.034,28.555,1,1
2024-08-06 13:03:20,28.429,2.899,28.681,26.034,28.555,1,1
2024-08-06 13:03:25,28.429,2.899,28.681,26.034,28.555,1,1
2024-08-06 13:03:30,28.429,2.899,28.681,26.034,28.555,1,1
2024-08-06 13:03:35,28.429,2.899,28.681,26.034,28.555,1,1
2024-08-06 13:03:40,28.429,2.899,28.681,26.034,28.555,1,1
2024-08-06 13:03:45,28.429,2.899,28.681,26.034,28.555,1,1
2024-08-06 13:03:50,28.429,2.899,28.681,26.034,28.555,1,1
2024-08-06 13:03:55,28.429,2.899,28.681,26.034,28.555,1,1
2024-08-06 13:04:00,28.429,2.899,28.681,26.034,28.555,1,1
2024-08-06 13:04:05,28.429,2.899,28.681,26.034,28.555,1,1
2024-08-06 13:04:10,28.429,2.899,28.681,26.034,28.555,1,1
2024-08-06 13:04:15,28.429,2.899,28.681,26.034,28.555,1,1
2024-08-06 13:04:20,28.429,2.899,28.681,26.034,28.555,1,1
2024-08-06 13:04:25,28.429,2.899,28.681,26.034,28.555,1,1
2024-08-06 13:04:30,28.429,2.899,28.681,26.034,28.555,1,1
2024-08-06 13:04:35,28.429,2.899,28.681,26.034,28.555,1,1
2024-08-06 13:04:40,28.429,2.899,28.681,26.034,28.555,1,1
2024-08-06 13:04:45,28.429,2.899,28.681,26.034,28.555,1,1
2024-08-06 13:04:50,28.429,2.899,28.681,26.034,28.555,1,1
2024-08-06 13:04:55,28.429,2.899,28.681,26.034,28.555,1,1
2024-08-06 13:05:00,28.429,2.899,28.681,26.034,28.555,1,1
2024-08-06 13:05:05,28.429,2.899,28.681,26.034,28.555,1,1
2024-08-06 13:05:10,28.429,2.899,28.681,26.034,28.555,1,1
2024-08-06 13:05:15,28.429,2.899,28.681,26.034,28.555,1,1
2024-08-06 13:05:20,28.429,2.899,28.681,26.034,28.555,1,1
2024-08-06 13:05:25,28.429,2.899,28.681,26.034,28.555,1,1
2024-08-06 13:05:30,28.429,2.899,28.681,26.034,28.555,1,1
2024-08-06 13:05:35,28.429,2.899,28.681,26.034,28.555,1,1
2024-08-06 13:05:40,28.429,2.899,28.681,26.034,28.555,1,1
2024-08-06 13:05:45,28.429,2.899,28.681,26.034,28.555,1,1
2024-08-06 13:05:50,28.429,2.899,28.681,26.034,28.555,1,1
2024-08-06 13:05:55,28.429,2.899,28.681,26.034,28.555,1,1
2024-08-06 13:06:00,28.429,2.899,28.681,26.034,28.555,1,1
2024-08-06 13:06:05,28.429,2.899,28.681,26.034,28.555,1,1
2024-08-06 13:06:10,28.429,2.899,28.681,26.034,28.555,1,1
2024-08-06 13:06:15,28.429,2.899,28.681,26.034,28.555,1,1
2024-08-06 13:06:20,28.429,2.899,28.681,26.034,28.555,1,1
2024-08-06 13:06:25,28.429,2.899,28.681,26.034,28.555,1,1
2024-08-06 13:06:30,28.429,2.899,28.681,26.034,28.555,1,1
2024-08-06 13:06:35,28.429,2.899,28.681,26.034,28.555,1,1
2024-08-06 13:06:40,28.429,2.899,28.681,26.034,28.555,1,1
2024-08-06 13:06:45,28.429,2.899,28.681,26.034,28.555,1,1
2024-08-06 13:06:50,28.429,2.899,28.681,26.034,28.555,1,1
2024-08-06 13:06:55,28.429,2.899,28.681,26.034,28.555,1,1
2024-08-06 13:07:00,28.429,2.899,28.681,26.034,28.555,1,1
2024-08-06 13:07:05,28.429,2.899,28.681,26.034,28.555,1,1
2024-08-06 13:07:10,28.429,2.899,28.681,26.034,28.555,1,1
2024-08-06 13:07:15,28.429,2.899,28.681,26.034,28.555,1,1
2024-08-06 13:07:20,28.429,2.899,28.681,26.034,28.555,1,1
2024-08-06 13:07:25,28.429,2.899,28.681,26.034,28.555,1,1
2024-08-06 13:07:30,28.429,2.899,28.681,26.034,28.555,1,1
2024-08-06 13:07:35,28.429,2.899,28.681,26.034,28.555,1,1
2024-08-06 13:07:40,28.429,2.899,28.681,26.034,28.555,1,1
2024-08-06 13:07:45,28.429,2.899,28.681,26.034,28.555,1,1
2024-08-06 13:07:50,28.429,2.899,28.681,26.034,28.555,1,1
2024-08-06 13:07:55,28.429,2.899,28.681,26.034,28.555,1,1
2024-08-06 13:08:00,28.429,2.899,28.681,26.034,28.555,1,1
2024-08-06 13:08:05,28.429,2.899,28.681,26.034,28.555,1,1
2024-08-06 13:08:10,28.429,2.899,28.681,26.034,28.555,1,1
2024-08-06 13:08:15,28.429,2.899,28.681,26.034,28.555,1,1
2024-08-06 13:08:20,28.429,2.899,28.681,26.034,28.555,1,1
2024-08-06 13:08:25,28.429,2.899,28.681,26.034,28.555,1,1
2024-08-06 13:08:30,28.429,2.899,28.681,26.034,28.555,1,1
2024-08-06 13:08:35,28.429,2.899,28.681,26.034,28.555,1,1
2024-08-06 13:08:40,28.429,2.899,28.681,26.034,28.555,1,1
2024-08-06 13:08:45,28.429,2.899,28.681,26.034,28.555,1,1
2024-08-06 13:08:50,28.429,2.899,28.681,26.034,28.555,1,1
2024-08-06 13:08:55,28.429,2.899,28.681,26.034,28.555,1,1
2024-08-06 13:09:00,28.429,2.899,28.681,26.034,28.555,1,1
2024-08-06 13:09:05,28.429,2.899,28.681,26.034,28.555,1,1
2024-08-06 13:09:10,28.429,2.899,28.681,26.034,28.555,1,1
2024-08-06 13:09:15,28.429,2.899,28.681,26.034,28.555,1,1
2024-08-06 13:09:20,28.429,2.899,28.681,26.034,28.555,1,1
2024-08-06 13:09:25,28.429,2.899,28.681,26.034,28.555,1,1
2024-08-06 13:09:30,28.429,2.899,28.681,26.034,28.555,1,1
2024-08-06 13:09:35,28.429,2.899,28.681,26.034,28.555,1,1
2024-08-06 13:09:40,28.429,2.899,28.681,26.034,28.555,1,1
2024-08-06 13:09:45,28.429,2.899,28.681,26.034,28.555,1,1
2024-08-06 13:09:50,28.429,2.899,28.681,26.034,28.555,1,1
2024-08-06 13:09:55,28.429,2.899,28.681,26.034,28.555,1,1
2024-08-06 13:10:00,28.303,2.395,28.555,26.16,28.681,1,1
2024-08-06 13:10:05,28.303,2.395,28.555,26.16,28.681,1,1
2024-08-06 13:10:10,28.303,2.395,28.555,26.16,28.681,1,1
2024-08-06 13:10:15,28.303,2.395,28.555,26.16,28.681,1,1
2024-08-06 13:10:20,28.303,2.395,28.555,26.16,28.681,1,1
2024-08-06 13:10:25,28.303,2.395,28.555,26.16,28.681,1,1
2024-08-06 13:10:30,28.303,2.395,28.555,26.16,28.681,1,1
2024-08-06 13:10:35,28.303,2.395,28.555,26.16,28.681,1,1
2024-08-06 13:10:40,28.303,2.395,28.555,26.16,28.681,1,1
2024-08-06 13:10:45,28.303,2.395,28.555,26.16,28.681,1,1
2024-08-06 13:10:50,28.303,2.395,28.555,26.16,28.681,1,1
2024-08-06 13:10:55,28.303,2.395,28.555,26.16,28.681,1,1
2024-08-06 13:11:00,28.303,2.395,28.555,26.16,28.681,1,1
2024-08-06 13:11:05,28.303,2.395,28.555,26.16,28.681,1,1
2024-08-06 13:11:10,28.303,2.395,28.555,26.16,28.681,1,1
2024-08-06 13:11:15,28.303,2.395,28.555,26.16,28.681,1,1
2024-08-06 13:11:20,28.303,2.395,28.555,26.16,28.681,1,1
2024-08-06 13:11:25,28.303,2.395,28.555,26.16,28.681,1,1
2024-08-06 13:11:30,28.303,2.395,28.555,26.16,28.681,1,1
2024-08-06 13:11:35,28.303,2.395,28.555,26.16,28.681,1,1
2024-08-06 13:11:40,28.303,2.395,28.555,26.16,28.681,1,1
2024-08-06 13:11:45,28.303,2.395,28.555,26.16,28.681,1,1
2024-08-06 13:11:50,28.303,2.395,28.555,26.16,28.681,1,1
2024-08-06 13:11:55,28.303,2.395,28.555,26.16,28.681,1,1
2024-08-06 13:12:00,28.303,2.395,28.555,26.16,28.681,1,1
2024-08-06 13:12:05,28.303,2.395,28.555,26.16,28.681,1,1
2024-08-06 13:12:10,28.303,2.395,28.555,26.16,28.681,1,1
2024-08-06 13:12:15,28.303,2.395,28.555,26.16,28.681,1,1
2024-08-06 13:12:20,28.303,2.395,28.555,26.16,28.681,1,1
2024-08-06 13:12:25,28.303,2.395,28.555,26.16,28.681,1,1
2024-08-06 13:12:30,28.303,2.395,28.555,26.16,28.681,1,1
2024-08-06 13:12:35,28.303,2.395,28.555,26.16,28.681,1,1
2024-08-06 13:12:40,28.303,2.395,28.555,26.16,28.681,1,1
2024-08-06 13:12:45,28.303,2.395,28.555,26.16,28.681,1,1
2024-08-06 13:12:50,28.303,2.395,28.555,26.16,28.681,1,1
2024-08-06 13:12:55,28.303,2.395,28.555,26.16,28.681,1,1
2024-08-06 13:13:00,28.303,2.395,28.555,26.16,28.681,1,1
2024-08-06 13:13:05,28.303,2.395,28.555,26.16,28.681,1,1
2024-08-06 13:13:10,28.303,2.395,28.555,26.16,28.681,1,1
2024-08-06 13:13:15,28.303,2.395,28.555,26.16,28.681,1,1
2024-08-06 13:13:20,28.303,2.395,28.555,26.16,28.681,1,1
2024-08-06 13:13:25,28.303,2.395,28.555,26.16,28.681,1,1
2024-08-06 13:13:30,28.303,2.395,28.555,26.16,28.681,1,1
2024-08-06 13:13:35,28.303,2.395,28.555,26.16,28.681,1,1
2024-08-06 13:13:40,28.303,2.395,28.555,26.16,28.681,1,1
2024-08-06 13:13:45,28.303,2.395,28.555,26.16,28.681,1,1
2024-08-06 13:13:50,28.303,2.395,28.555,26.16,28.681,1,1
2024-08-06 13:13:55,28.303,2.395,28.555,26.16,28.681,1,1
2024-08-06 13:14:00,28.303,2.395,28.555,26.16,28.681,1,1
2024-08-06 13:14:05,28.303,2.395,28.555,26.16,28.681,1,1
2024-08-06 13:14:10,28.303,2.395,28.555,26.16,28.681,1,1
2024-08-06 13:14:15,28.303,2.395,28.555,26.16,28.681,1,1
2024-08-06 13:14:20,28.303,2.395,28.555,26.16,28.681,1,1
2024-08-06 13:14:25,28.303,2.395,28.555,26.16,28.681,1,1
2024-08-06 13:14:30,28.303,2.395,28.555,26.16,28.681,1,1
2024-08-06 13:14:35,28.303,2.395,28.555,26.16,28.681,1,1
2024-08-06 13:14:40,28.303,2.395,28.555,26.16,28.681,1,1
2024-08-06 13:14:45,28.303,2.395,28.555,26.16,28.681,1,1
2024-08-06 13:14:50,28.303,2.395,28.555,26.16,28.681,1,1
2024-08-06 13:14:55,28.303,2.395,28.555,26.16,28.681,1,1
2024-08-06 13:15:00,28.303,2.395,28.555,26.16,28.681,1,1
2024-08-06 13:15:05,28.303,2.395,28.555,26.16,28.681,1,1
2024-08-06 13:15:10,28.303,2.395,28.555,26.16,28.681,1,1
2024-08-06 13:15:15,28.303,2.395,28.555,26.16,28.681,1,1
2024-08-06 13:15:20,28.303,2.395,28.555,26.16,28.681,1,1
2024-08-06 13:15:25,28.303,2.395,28.555,26.16,28.681,1,1
2024-08-06 13:15:30,28.303,2.395,28.555,26.16,28.681,1,1
2024-08-06 13:15:35,28.303,2.395,28.555,26.16,28.681,1,1
2024-08-06 13:15:40,28.303,2.395,28.555,26.16,28.681,1,1
2024-08-06 13:15:45,28.303,2.395,28.555,26.16,28.681,1,1
2024-08-06 13:15:50,28.303,2.395,28.555,26.16,28.681,1,1
2024-08-06 13:15:55,28.303,2.395,28.555,26.16,28.681,1,1
2024-08-06 13:16:00,28.303,2.395,28.555,26.16,28.681,1,1
2024-08-06 13:16:05,28.303,2.395,28.555,26.16,28.681,1,1
2024-08-06 13:16:10,28.303,2.395,28.555,26.16,28.681,1,1
2024-08-06 13:16:15,28.303,2.395,28.555,26.16,28.681,1,1
2024-08-06 13:16:20,28.303,2.395,28.555,26.16,28.681,1,1
2024-08-06 13:16:25,28.303,2.395,28.555,26.16,28.681,1,1
2024-08-06 13:16:30,28.303,2.395,28.555,26.16,28.681,1,1
2024-08-06 13:16:35,28.303,2.395,28.555,26.16,28.681,1,1
2024-08-06 13:16:40,28.303,2.395,28.555,26.16,28.681,1,1
2024-08-06 13:16:45,28.303,2.395,28.555,26.16,28.681,1,1
2024-08-06 13:16:50,28.303,2.395,28.555,26.16,28.681,1,1
2024-08-06 13:16:55,28.303,2.395,28.555,26.16,28.681,1,1
2024-08-06 13:17:00,28.303,2.395,28.555,26.16,28.681,1,1
2024-08-06 13:17:05,28.303,2.395,28.555,26.16,28.681,1,1
2024-08-06 13:17:10,28.303,2.395,28.555,26.16,28.681,1,1
2024-08-06 13:17:15,28.303,2.395,28.555,26.16,28.681,1,1
2024-08-06 13:17:20,28.303,2.395,28.555,26.16,28.681,1,1
2024-08-06 13:17:25,28.303,2.395,28.555,26.16,28.681,1,1
2024-08-06 13:17:30,28.303,2.395,28.555,26.16,28.681,1,1
2024-08-06 13:17:35,28.303,2.395,28.555,26.16,28.681,1,1
2024-08-06 13:17:40,28.303,2.395,28.555,26.16,28.681,1,1
2024-08-06 13:17:45,28.303,2.395,28.555,26.16,28.681,1,1
2024-08-06 13:17:50,28.303,2.395,28.555,26.16,28.681,1,1
2024-08-06 13:17:55,28.303,2.395,28.555,26.16,28.681,1,1
2024-08-06 13:18:00,28.303,2.395,28.555,26.16,28.681,1,1
2024-08-06 13:18:05,28.303,2.395,28.555,26.16,28.681,1,1
2024-08-06 13:18:10,28.303,2.395,28.555,26.16,28.681,1,1
2024-08-06 13:18:15,28.303,2.395,28.555,26.16,28.681,1,1
2024-08-06 13:18:20,28.303,2.395,28.555,26.16,28.681,1,1
2024-08-06 13:18:25,28.303,2.395,28.555,26.16,28.681,1,1
2024-08-06 13:18:30,28.303,2.395,28.555,26.16,28.681,1,1
2024-08-06 13:18:35,28.303,2.395,28.555,26.16,28.681,1,1
2024-08-06 13:18:40,28.303,2.395,28.555,26.16,28.681,1,1
2024-08-06 13:18:45,28.303,2.395,28.555,26.16,28.681,1,1
2024-08-06 13:18:50,28.303,2.395,28.555,26.16,28.681,1,1
2024-08-06 13:18:55,28.303,2.395,28.555,26.16,28.681,1,1
2024-08-06 13:19:00,28.303,2.395,28.555,26.16,28.681,1,1
2024-08-06 13:19:05,28.303,2.395,28.555,26.16,28.681,1,1
2024-08-06 13:19:10,28.303,2.395,28.555,26.16,28.681,1,1
2024-08-06 13:19:15,28.303,2.395,28.555,26.16,28.681,1,1
2024-08-06 13:19:20,28.303,2.395,28.555,26.16,28.681,1,1
2024-08-06 13:19:25,28.303,2.395,28.555,26.16,28.681,1,1
2024-08-06 13:19:30,28.303,2.395,28.555,26.16,28.681,1,1
2024-08-06 13:19:35,28.303,2.395,28.555,26.16,28.681,1,1
2024-08-06 13:19:40,28.303,2.395,28.555,26.16,28.681,1,1
2024-08-06 13:19:45,28.303,2.395,28.555,26.16,28.681,1,1
2024-08-06 13:19:50,28.303,2.395,28.555,26.16,28.681,1,1
2024-08-06 13:19:55,28.303,2.395,28.555,26.16,28.681,1,1
2024-08-06 13:20:00,28.303,2.395,28.555,26.16,28.681,1,1
2024-08-06 13:20:05,28.303,2.395,28.555,26.16,28.681,1,1
2024-08-06 13:20:10,28.303,2.395,28.555,26.16,28.681,1,1
2024-08-06 13:20:15,28.303,2.395,28.555,26.16,28.681,1,1
2024-08-06 13:20:20,28.303,2.395,28.555,26.16,28.681,1,1
2024-08-06 13:20:25,28.303,2.395,28.555,26.16,28.681,1,1
2024-08-06 13:20:30,28.303,2.395,28.555,26.16,28.681,1,1
2024-08-06 13:20:35,28.303,2.395,28.555,26.16,28.681,1,1
2024-08-06 13:20:40,28.303,2.395,28.555,26.16,28.681,1,1
2024-08-06 13:20:45,28.303,2.395,28.555,26.16,28.681,1,1
2024-08-06 13:20:50,28.303,2.395,28.555,26.16,28.681,1,1
2024-08-06 13:20:55,28.303,2.395,28.555,26.16,28.681,1,1
2024-08-06 13:21:00,28.303,2.395,28.555,26.16,28.681,1,1
2024-08-06 13:21:05,28.303,2.395,28.555,26.16,28.681,1,1
2024-08-06 13:21:10,28.303,2.395,28.555,26.16,28.681,1,1
2024-08-06 13:21:15,28.303,2.395,28.555,26.16,28.681,1,1
2024-08-06 13:21:20,28.303,2.395,28.555,26.16,28.681,1,1
2024-08-06 13:21:25,28.303,2.395,28.555,26.16,28.681,1,1
2024-08-06 13:21:30,28.303,2.395,28.555,26.16,28.681,1,1
2024-08-06 13:21:35,28.303,2.395,28.555,26.16,28.681,1,1
2024-08-06 13:21:40,28.303,2.395,28.555,26.16,28.681,1,1
2024-08-06 13:21:45,28.303,2.395,28.555,26.16,28.681,1,1
2024-08-06 13:21:50,28.303,2.395,28.555,26.16,28.681,1,1
2024-08-06 13:21:55,28.303,2.395,28.555,26.16,28.681,1,1
2024-08-06 13:22:00,28.303,2.395,28.555,26.16,28.681,1,1
2024-08-06 13:22:05,28.303,2.395,28.555,26.16,28.681,1,1
2024-08-06 13:22:10,28.303,2.395,28.555,26.16,28.681,1,1
2024-08-06 13:22:15,28.303,2.395,28.555,26.16,28.681,1,1
2024-08-06 13:22:20,28.303,2.395,28.555,26.16,28.681,1,1
2024-08-06 13:22:25,28.303,2.395,28.555,26.16,28.681,1,1
2024-08-06 13:22:30,28.303,2.395,28.555,26.16,28.681,1,1
2024-08-06 13:22:35,28.303,2.395,28.555,26.16,28.681,1,1
2024-08-06 13:22:40,28.303,2.395,28.555,26.16,28.681,1,1
2024-08-06 13:22:45,28.303,2.395,28.555,26.16,28.681,1,1
2024-08-06 13:22:50,28.303,2.395,28.555,26.16,28.681,1,1
2024-08-06 13:22:55,28.303,2.395,28.555,26.16,28.681,1,1
2024-08-06 13:23:00,28.303,2.395,28.555,26.16,28.681,1,1
2024-08-06 13:23:05,28.303,2.395,28.555,26.16,28.681,1,1
2024-08-06 13:23:10,28.303,2.395,28.555,26.16,28.681,1,1
2024-08-06 13:23:15,28.303,2.395,28.555,26.16,28.681,1,1
2024-08-06 13:23:20,28.303,2.395,28.555,26.16,28.681,1,1
2024-08-06 13:23:25,28.303,2.395,28.555,26.16,28.681,1,1
2024-08-06 13:23:30,28.303,2.395,28.555,26.16,28.681,1,1
2024-08-06 13:23:35,28.303,2.395,28.555,26.16,28.681,1,1
2024-08-06 13:23:40,28.303,2.395,28.555,26.16,28.681,1,1
2024-08-06 13:23:45,28.303,2.395,28.555,26.16,28.681,1,1
2024-08-06 13:23:50,28.303,2.395,28.555,26.16,28.681,1,1
2024-08-06 13:23:55,28.303,2.395,28.555,26.16,28.681,1,1
2024-08-06 13:24:00,28.303,2.395,28.555,26.16,28.681,1,1
2024-08-06 13:24:05,28.303,2.395,28.555,26.16,28.681,1,1
2024-08-06 13:24:10,28.303,2.395,28.555,26.16,28.681,1,1
2024-08-06 13:24:15,28.303,2.395,28.555,26.16,28.681,1,1
2024-08-06 13:24:20,28.303,2.395,28.555,26.16,28.681,1,1
2024-08-06 13:24:25,28.303,2.395,28.555,26.16,28.681,1,1
2024-08-06 13:24:30,28.303,2.395,28.555,26.16,28.681,1,1
2024-08-06 13:24:35,28.303,2.395,28.555,26.16,28.681,1,1
2024-08-06 13:24:40,28.303,2.395,28.555,26.16,28.681,1,1
2024-08-06 13:24:45,28.303,2.395,28.555,26.16,28.681,1,1
2024-08-06 13:24:50,28.303,2.395,28.555,26.16,28.681,1,1
2024-08-06 13:24:55,28.303,2.395,28.555,26.16,28.681,1,1
2024-08-06 13:25:00,28.303,2.395,28.555,26.16,28.681,1,1
2024-08-06 13:25:05,28.303,2.395,28.555,26.16,28.681,1,1
2024-08-06 13:25:10,28.303,2.395,28.555,26.16,28.681,1,1
2024-08-06 13:25:15,28.303,2.395,28.555,26.16,28.681,1,1
2024-08-06 13:25:20,28.303,2.395,28.555,26.16,28.681,1,1
2024-08-06 13:25:25,28.303,2.395,28.555,26.16,28.681,1,1
2024-08-06 13:25:30,28.303,2.395,28.555,26.16,28.681,1,1
2024-08-06 13:25:35,28.303,2.395,28.555,26.16,28.681,1,1
2024-08-06 13:25:40,28.303,2.395,28.555,26.16,28.681,1,1
2024-08-06 13:25:45,28.303,2.395,28.555,26.16,28.681,1,1
2024-08-06 13:25:50,28.303,2.395,28.555,26.16,28.681,1,1
2024-08-06 13:25:55,28.303,2.395,28.555,26.16,28.681,1,1
2024-08-06 13:26:00,28.303,2.395,28.555,26.16,28.681,1,1
2024-08-06 13:26:05,28.303,2.395,28.555,26.16,28.681,1,1
2024-08-06 13:26:10,28.303,2.395,28.555,26.16,28.681,1,1
2024-08-06 13:26:15,28.303,2.395,28.555,26.16,28.681,1,1
2024-08-06 13:26:20,28.303,2.395,28.555,26.16,28.681,1,1
2024-08-06 13:26:25,28.303,2.395,28.555,26.16,28.681,1,1
2024-08-06 13:26:30,28.303,2.395,28.555,26.16,28.681,1,1
2024-08-06 13:26:35,28.303,2.395,28.555,26.16,28.681,1,1
2024-08-06 13:26:40,28.303,2.395,28.555,26.16,28.681,1,1
2024-08-06 13:26:45,28.303,2.395,28.555,26.16,28.681,1,1
2024-08-06 13:26:50,28.303,2.395,28.555,26.16,28.681,1,1
2024-08-06 13:26:55,28.303,2.395,28.555,26.16,28.681,1,1
2024-08-06 13:27:00,28.303,2.395,28.555,26.16,28.681,1,1
2024-08-06 13:27:05,28.303,2.395,28.555,26.16,28.681,1,1
2024-08-06 13:27:10,28.303,2.395,28.555,26.16,28.681,1,1
2024-08-06 13:27:15,28.303,2.395,28.555,26.16,28.681,1,1
2024-08-06 13:27:20,28.303,2.395,28.555,26.16,28.681,1,1
2024-08-06 13:27:25,28.303,2.395,28.555,26.16,28.681,1,1
2024-08-06 13:27:30,28.303,2.395,28.555,26.16,28.681,1,1
2024-08-06 13:27:35,28.303,2.395,28.555,26.16,28.681,1,1
2024-08-06 13:27:40,28.303,2.395,28.555,26.16,28.681,1,1
2024-08-06 13:27:45,28.303,2.395,28.555,26.16,28.681,1,1
2024-08-06 13:27:50,28.303,2.395,28.555,26.16,28.681,1,1
2024-08-06 13:27:55,28.303,2.395,28.555,26.16,28.681,1,1
2024-08-06 13:28:00,28.303,2.395,28.555,26.16,28.681,1,1
2024-08-06 13:28:05,28.303,2.395,28.555,26.16,28.681,1,1
2024-08-06 13:28:10,28.303,2.395,28.555,26.16,28.681,1,1
2024-08-06 13:28:15,28.303,2.395,28.555,26.16,28.681,1,1
2024-08-06 13:28:20,28.303,2.395,28.555,26.16,28.681,1,1
2024-08-06 13:28:25,28.303,2.395,28.555,26.16,28.681,1,1
2024-08-06 13:28:30,28.303,2.395,28.555,26.16,28.681,1,1
2024-08-06 13:28:35,28.303,2.395,28.555,26.16,28.681,1,1
2024-08-06 13:28:40,28.303,2.395,28.555,26.16,28.681,1,1
2024-08-06 13:28:45,28.303,2.395,28.555,26.16,28.681,1,1
2024-08-06 13:28:50,28.303,2.395,28.555,26.16,28.681,1,1
2024-08-06 13:28:55,28.303,2.395,28.555,26.16,28.681,1,1
2024-08-06 13:29:00,28.303,2.395,28.555,26.16,28.681,1,1
2024-08-06 13:29:05,28.303,2.395,28.555,26.16,28.681,1,1
2024-08-06 13:29:10,28.303,2.395,28.555,26.16,28.681,1,1
2024-08-06 13:29:15,28.303,2.395,28.555,26.16,28.681,1,1
2024-08-06 13:29:20,28.303,2.395,28.555,26.16,28.681,1,1
2024-08-06 13:29:25,28.303,2.395,28.555,26.16,28.681,1,1
2024-08-06 13:29:30,28.303,2.395,28.555,26.16,28.681,1,1
2024-08-06 13:29:35,28.303,2.395,28.555,26.16,28.681,1,1
2024-08-06 13:29:40,28.303,2.395,28.555,26.16,28.681,1,1
2024-08-06 13:29:45,28.303,2.395,28.555,26.16,28.681,1,1
2024-08-06 13:29:50,28.303,2.395,28.555,26.16,28.681,1,1
2024-08-06 13:29:55,28.303,2.395,28.555,26.16,28.681,1,1
