{
    "tagnames": [
        "3370-01-G-MODE",
        "3370-01-P-MODE",
        "3370-01-AI109",
        "3370-01-AI110",
        "3370-01-AI153",
        "3370-01-AI156",
        "3370-01-EBB08"
    ],
    "target_tagnames": [
        "3370-01-G-MODE",
        "3370-01-P-MODE",
        "3370-01-AI109",
        "3370-01-AI110",
        "3370-01-AI153",
        "3370-01-AI156",
        "3370-01-EBB08"
    ],
    "data_params": {
        "sampling_interval_seconds": 5,
        "durations": [
            {
                "start": "2023-11-25 01:09:09",
                "end": "2024-02-24 00:00:00"
            }
        ]
    },
    "model_params": {
        "window_size": 8,
        "scaler_type": "MinMaxScaler",
        "optimizer_type": "ADAM"
    },
    "hyper_params": {
        "num_epochs": 300,
        "batch_size": 1024,
        "learning_rate": 0.001,
        "early_stop_patience": 9223372036854775807
    }
}