Timestamp,3370-01-AI081,3370-01-AI082,3370-01-AI083,3370-01-AI084,3370-01-AI085,3370-01-G-MODE,3370-01-P-MODE
2024-08-06 12:30:00,61.893,57.182,58.582,55.275,64.825,1.0,1.0
2024-08-06 12:30:05,61.893,57.182,58.582,55.275,64.825,1.0,1.0
2024-08-06 12:30:10,61.893,57.182,58.582,55.275,64.825,1.0,1.0
2024-08-06 12:30:15,61.893,57.182,58.582,55.275,64.825,1.0,1.0
2024-08-06 12:30:20,61.893,57.182,58.582,55.275,64.825,1.0,1.0
2024-08-06 12:30:25,61.893,57.182,58.582,55.275,64.825,1.0,1.0
2024-08-06 12:30:30,61.893,57.182,58.582,55.275,64.825,1.0,1.0
2024-08-06 12:30:35,61.893,57.182,58.582,55.275,64.825,1.0,1.0
2024-08-06 12:30:40,61.893,57.182,58.582,55.275,64.825,1.0,1.0
2024-08-06 12:30:45,61.893,57.182,58.582,55.275,64.825,1.0,1.0
2024-08-06 12:30:50,61.893,57.182,58.582,55.275,64.825,1.0,1.0
2024-08-06 12:30:55,61.893,57.182,58.582,55.275,64.825,1.0,1.0
2024-08-06 12:31:00,61.893,57.182,58.582,55.275,64.825,1.0,1.0
2024-08-06 12:31:05,61.893,57.182,58.582,55.275,64.825,1.0,1.0
2024-08-06 12:31:10,61.893,57.182,58.582,55.275,64.825,1.0,1.0
2024-08-06 12:31:15,61.893,57.182,58.582,55.275,64.825,1.0,1.0
2024-08-06 12:31:20,61.893,57.182,58.582,55.275,64.825,1.0,1.0
2024-08-06 12:31:25,61.893,57.182,58.582,55.275,64.825,1.0,1.0
2024-08-06 12:31:30,61.893,57.182,58.582,55.275,64.825,1.0,1.0
2024-08-06 12:31:35,61.893,57.182,58.582,55.275,64.825,1.0,1.0
2024-08-06 12:31:40,61.893,57.182,58.582,55.275,64.825,1.0,1.0
2024-08-06 12:31:45,61.893,57.182,58.582,55.275,64.825,1.0,1.0
2024-08-06 12:31:50,61.893,57.182,58.582,55.275,64.825,1.0,1.0
2024-08-06 12:31:55,61.893,57.182,58.582,55.275,64.825,1.0,1.0
2024-08-06 12:32:00,61.893,57.182,58.582,55.275,64.825,1.0,1.0
2024-08-06 12:32:05,61.893,57.182,58.582,55.275,64.825,1.0,1.0
2024-08-06 12:32:10,61.893,57.182,58.582,55.275,64.825,1.0,1.0
2024-08-06 12:32:15,61.893,57.182,58.582,55.275,64.825,1.0,1.0
2024-08-06 12:32:20,61.893,57.182,58.582,55.275,64.825,1.0,1.0
2024-08-06 12:32:25,61.893,57.182,58.582,55.275,64.825,1.0,1.0
2024-08-06 12:32:30,61.893,57.182,58.582,55.275,64.825,1.0,1.0
2024-08-06 12:32:35,61.893,57.182,58.582,55.275,64.825,1.0,1.0
2024-08-06 12:32:40,61.893,57.182,58.582,55.275,64.825,1.0,1.0
2024-08-06 12:32:45,61.893,57.182,58.582,55.275,64.825,1.0,1.0
2024-08-06 12:32:50,61.893,57.182,58.582,55.275,64.825,1.0,1.0
2024-08-06 12:32:55,61.893,57.182,58.582,55.275,64.825,1.0,1.0
2024-08-06 12:33:00,61.893,57.182,58.582,55.275,64.825,1.0,1.0
2024-08-06 12:33:05,61.893,57.182,58.582,55.275,64.825,1.0,1.0
2024-08-06 12:33:10,61.893,57.182,58.582,55.275,64.825,1.0,1.0
2024-08-06 12:33:15,61.893,57.182,58.582,55.275,64.825,1.0,1.0
2024-08-06 12:33:20,61.893,57.182,58.582,55.275,64.825,1.0,1.0
2024-08-06 12:33:25,61.893,57.182,58.582,55.275,64.825,1.0,1.0
2024-08-06 12:33:30,61.893,57.182,58.582,55.275,64.825,1.0,1.0
2024-08-06 12:33:35,61.893,57.182,58.582,55.275,64.825,1.0,1.0
2024-08-06 12:33:40,61.893,57.182,58.582,55.275,64.825,1.0,1.0
2024-08-06 12:33:45,61.893,57.182,58.582,55.275,64.825,1.0,1.0
2024-08-06 12:33:50,61.893,57.182,58.582,55.275,64.825,1.0,1.0
2024-08-06 12:33:55,61.893,57.182,58.582,55.275,64.825,1.0,1.0
2024-08-06 12:34:00,61.893,57.182,58.582,55.275,64.825,1.0,1.0
2024-08-06 12:34:05,61.893,57.182,58.582,55.275,64.825,1.0,1.0
2024-08-06 12:34:10,61.893,57.182,58.582,55.275,64.825,1.0,1.0
2024-08-06 12:34:15,61.893,57.182,58.582,55.275,64.825,1.0,1.0
2024-08-06 12:34:20,61.893,57.182,58.582,55.275,64.825,1.0,1.0
2024-08-06 12:34:25,61.893,57.182,58.582,55.275,64.825,1.0,1.0
2024-08-06 12:34:30,61.893,57.182,58.582,55.275,64.825,1.0,1.0
2024-08-06 12:34:35,61.893,57.182,58.582,55.275,64.825,1.0,1.0
2024-08-06 12:34:40,61.893,57.182,58.582,55.275,64.825,1.0,1.0
2024-08-06 12:34:45,61.893,57.182,58.582,55.275,64.825,1.0,1.0
2024-08-06 12:34:50,61.893,57.182,58.582,55.275,64.825,1.0,1.0
2024-08-06 12:34:55,61.893,57.182,58.582,55.275,64.825,1.0,1.0
2024-08-06 12:35:00,61.893,57.182,58.582,55.275,64.825,1.0,1.0
2024-08-06 12:35:05,61.893,57.182,58.582,55.275,64.825,1.0,1.0
2024-08-06 12:35:10,61.893,57.182,58.582,55.275,64.825,1.0,1.0
2024-08-06 12:35:15,61.893,57.182,58.582,55.275,64.825,1.0,1.0
2024-08-06 12:35:20,61.893,57.182,58.582,55.275,64.825,1.0,1.0
2024-08-06 12:35:25,61.893,57.182,58.582,55.275,64.825,1.0,1.0
2024-08-06 12:35:30,61.893,57.182,58.582,55.275,64.825,1.0,1.0
2024-08-06 12:35:35,61.893,57.182,58.582,55.275,64.825,1.0,1.0
2024-08-06 12:35:40,61.893,57.182,58.582,55.275,64.825,1.0,1.0
2024-08-06 12:35:45,61.893,57.182,58.582,55.275,64.825,1.0,1.0
2024-08-06 12:35:50,61.893,57.182,58.582,55.275,64.825,1.0,1.0
2024-08-06 12:35:55,61.893,57.182,58.582,55.275,64.825,1.0,1.0
2024-08-06 12:36:00,61.893,57.182,58.582,55.275,64.825,1.0,1.0
2024-08-06 12:36:05,61.893,57.182,58.582,55.275,64.825,1.0,1.0
2024-08-06 12:36:10,61.893,57.182,58.582,55.275,64.825,1.0,1.0
2024-08-06 12:36:15,61.893,57.182,58.582,55.275,64.825,1.0,1.0
2024-08-06 12:36:20,61.893,57.182,58.582,55.275,64.825,1.0,1.0
2024-08-06 12:36:25,61.893,57.182,58.582,55.275,64.825,1.0,1.0
2024-08-06 12:36:30,61.893,57.182,58.582,55.275,64.825,1.0,1.0
2024-08-06 12:36:35,61.893,57.182,58.582,55.275,64.825,1.0,1.0
2024-08-06 12:36:40,61.893,57.182,58.582,55.275,64.825,1.0,1.0
2024-08-06 12:36:45,61.893,57.182,58.582,55.275,64.825,1.0,1.0
2024-08-06 12:36:50,61.893,57.182,58.582,55.275,64.825,1.0,1.0
2024-08-06 12:36:55,61.893,57.182,58.582,55.275,64.825,1.0,1.0
2024-08-06 12:37:00,61.893,57.182,58.582,55.275,64.825,1.0,1.0
2024-08-06 12:37:05,61.893,57.182,58.582,55.275,64.825,1.0,1.0
2024-08-06 12:37:10,61.893,57.182,58.582,55.275,64.825,1.0,1.0
2024-08-06 12:37:15,61.893,57.182,58.582,55.275,64.825,1.0,1.0
2024-08-06 12:37:20,61.893,57.182,58.582,55.275,64.825,1.0,1.0
2024-08-06 12:37:25,61.893,57.182,58.582,55.275,64.825,1.0,1.0
2024-08-06 12:37:30,61.893,57.182,58.582,55.275,64.825,1.0,1.0
2024-08-06 12:37:35,61.893,57.182,58.582,55.275,64.825,1.0,1.0
2024-08-06 12:37:40,61.893,57.182,58.582,55.275,64.825,1.0,1.0
2024-08-06 12:37:45,61.893,57.182,58.582,55.275,64.825,1.0,1.0
2024-08-06 12:37:50,61.893,57.182,58.582,55.275,64.825,1.0,1.0
2024-08-06 12:37:55,61.893,57.182,58.582,55.275,64.825,1.0,1.0
2024-08-06 12:38:00,61.893,57.182,58.582,55.275,64.825,1.0,1.0
2024-08-06 12:38:05,61.893,57.182,58.582,55.275,64.825,1.0,1.0
2024-08-06 12:38:10,61.893,57.182,58.582,55.275,64.825,1.0,1.0
2024-08-06 12:38:15,61.893,57.182,58.582,55.275,64.825,1.0,1.0
2024-08-06 12:38:20,61.893,57.182,58.582,55.275,64.825,1.0,1.0
2024-08-06 12:38:25,61.893,57.182,58.582,55.275,64.825,1.0,1.0
2024-08-06 12:38:30,61.893,57.182,58.582,55.275,64.825,1.0,1.0
2024-08-06 12:38:35,61.893,57.182,58.582,55.275,64.825,1.0,1.0
2024-08-06 12:38:40,61.893,57.182,58.582,55.275,64.825,1.0,1.0
2024-08-06 12:38:45,61.893,57.182,58.582,55.275,64.825,1.0,1.0
2024-08-06 12:38:50,61.893,57.182,58.582,55.275,64.825,1.0,1.0
2024-08-06 12:38:55,61.893,57.182,58.582,55.275,64.825,1.0,1.0
2024-08-06 12:39:00,61.893,57.182,58.582,55.275,64.825,1.0,1.0
2024-08-06 12:39:05,61.893,57.182,58.582,55.275,64.825,1.0,1.0
2024-08-06 12:39:10,61.893,57.182,58.582,55.275,64.825,1.0,1.0
2024-08-06 12:39:15,61.893,57.182,58.582,55.275,64.825,1.0,1.0
2024-08-06 12:39:20,61.893,57.182,58.582,55.275,64.825,1.0,1.0
2024-08-06 12:39:25,61.893,57.182,58.582,55.275,64.825,1.0,1.0
2024-08-06 12:39:30,61.893,57.182,58.582,55.275,64.825,1.0,1.0
2024-08-06 12:39:35,61.893,57.182,58.582,55.275,64.825,1.0,1.0
2024-08-06 12:39:40,61.893,57.182,58.582,55.275,64.825,1.0,1.0
2024-08-06 12:39:45,61.893,57.182,58.582,55.275,64.825,1.0,1.0
2024-08-06 12:39:50,61.893,57.182,58.582,55.275,64.825,1.0,1.0
2024-08-06 12:39:55,61.893,57.182,58.582,55.275,64.825,1.0,1.0
2024-08-06 12:40:00,61.893,57.182,58.582,55.275,64.825,1.0,1.0
2024-08-06 12:40:05,61.893,57.182,58.582,55.275,64.825,1.0,1.0
2024-08-06 12:40:10,61.893,57.182,58.582,55.275,64.825,1.0,1.0
2024-08-06 12:40:15,61.893,57.182,58.582,55.275,64.825,1.0,1.0
2024-08-06 12:40:20,61.893,57.182,58.582,55.275,64.825,1.0,1.0
2024-08-06 12:40:25,61.893,57.182,58.582,55.275,64.825,1.0,1.0
2024-08-06 12:40:30,61.893,57.182,58.582,55.275,64.825,1.0,1.0
2024-08-06 12:40:35,61.893,57.182,58.582,55.275,64.825,1.0,1.0
2024-08-06 12:40:40,61.893,57.182,58.582,55.275,64.825,1.0,1.0
2024-08-06 12:40:45,61.893,57.182,58.582,55.275,64.825,1.0,1.0
2024-08-06 12:40:50,61.893,57.182,58.582,55.275,64.825,1.0,1.0
2024-08-06 12:40:55,61.893,57.182,58.582,55.275,64.825,1.0,1.0
2024-08-06 12:41:00,61.893,57.182,58.582,55.275,64.825,1.0,1.0
2024-08-06 12:41:05,61.893,57.182,58.582,55.275,64.825,1.0,1.0
2024-08-06 12:41:10,61.893,57.182,58.582,55.275,64.825,1.0,1.0
2024-08-06 12:41:15,61.893,57.182,58.582,55.275,64.825,1.0,1.0
2024-08-06 12:41:20,61.893,57.182,58.582,55.275,64.825,1.0,1.0
2024-08-06 12:41:25,61.893,57.182,58.582,55.275,64.825,1.0,1.0
2024-08-06 12:41:30,61.893,57.182,58.582,55.275,64.825,1.0,1.0
2024-08-06 12:41:35,61.893,57.182,58.582,55.275,64.825,1.0,1.0
2024-08-06 12:41:40,61.893,57.182,58.582,55.275,64.825,1.0,1.0
2024-08-06 12:41:45,61.893,57.182,58.582,55.275,64.825,1.0,1.0
2024-08-06 12:41:50,61.893,57.182,58.582,55.275,64.825,1.0,1.0
2024-08-06 12:41:55,61.893,57.182,58.582,55.275,64.825,1.0,1.0
2024-08-06 12:42:00,61.893,57.182,58.582,55.275,64.825,1.0,1.0
2024-08-06 12:42:05,61.893,57.182,58.582,55.275,64.825,1.0,1.0
2024-08-06 12:42:10,61.893,57.182,58.582,55.275,64.825,1.0,1.0
2024-08-06 12:42:15,61.893,57.182,58.582,55.275,64.825,1.0,1.0
2024-08-06 12:42:20,61.893,57.182,58.582,55.275,64.825,1.0,1.0
2024-08-06 12:42:25,61.893,57.182,58.582,55.275,64.825,1.0,1.0
2024-08-06 12:42:30,61.893,57.182,58.582,55.275,64.825,1.0,1.0
2024-08-06 12:42:35,61.893,57.182,58.582,55.275,64.825,1.0,1.0
2024-08-06 12:42:40,61.893,57.182,58.582,55.275,64.825,1.0,1.0
2024-08-06 12:42:45,61.893,57.182,58.582,55.275,64.825,1.0,1.0
2024-08-06 12:42:50,61.893,57.182,58.582,55.275,64.825,1.0,1.0
2024-08-06 12:42:55,61.893,57.182,58.582,55.275,64.825,1.0,1.0
2024-08-06 12:43:00,61.893,57.182,58.582,55.275,64.825,1.0,1.0
2024-08-06 12:43:05,61.893,57.182,58.582,55.275,64.825,1.0,1.0
2024-08-06 12:43:10,61.893,57.182,58.582,55.275,64.825,1.0,1.0
2024-08-06 12:43:15,61.893,57.182,58.582,55.275,64.825,1.0,1.0
2024-08-06 12:43:20,61.893,57.182,58.582,55.275,64.825,1.0,1.0
2024-08-06 12:43:25,61.893,57.182,58.582,55.275,64.825,1.0,1.0
2024-08-06 12:43:30,61.893,57.182,58.582,55.275,64.825,1.0,1.0
2024-08-06 12:43:35,61.893,57.182,58.582,55.275,64.825,1.0,1.0
2024-08-06 12:43:40,61.893,57.182,58.582,55.275,64.825,1.0,1.0
2024-08-06 12:43:45,61.893,57.182,58.582,55.275,64.825,1.0,1.0
2024-08-06 12:43:50,61.893,57.182,58.582,55.275,64.825,1.0,1.0
2024-08-06 12:43:55,61.893,57.182,58.582,55.275,64.825,1.0,1.0
2024-08-06 12:44:00,61.893,57.182,58.582,55.275,64.825,1.0,1.0
2024-08-06 12:44:05,61.893,57.182,58.582,55.275,64.825,1.0,1.0
2024-08-06 12:44:10,61.893,57.182,58.582,55.275,64.825,1.0,1.0
2024-08-06 12:44:15,61.893,57.182,58.582,55.275,64.825,1.0,1.0
2024-08-06 12:44:20,61.893,57.182,58.582,55.275,64.825,1.0,1.0
2024-08-06 12:44:25,61.893,57.182,58.582,55.275,64.825,1.0,1.0
2024-08-06 12:44:30,61.893,57.182,58.582,55.275,64.825,1.0,1.0
2024-08-06 12:44:35,61.893,57.182,58.582,55.275,64.825,1.0,1.0
2024-08-06 12:44:40,61.893,57.182,58.582,55.275,64.825,1.0,1.0
2024-08-06 12:44:45,61.893,57.182,58.582,55.275,64.825,1.0,1.0
2024-08-06 12:44:50,61.893,57.182,58.582,55.275,64.825,1.0,1.0
2024-08-06 12:44:55,61.893,57.182,58.582,55.275,64.825,1.0,1.0
2024-08-06 12:45:00,61.893,57.182,58.582,55.275,64.825,1.0,1.0
2024-08-06 12:45:05,61.893,57.182,58.582,55.275,64.825,1.0,1.0
2024-08-06 12:45:10,61.893,57.182,58.582,55.275,64.825,1.0,1.0
2024-08-06 12:45:15,61.893,57.182,58.582,55.275,64.825,1.0,1.0
2024-08-06 12:45:20,61.893,57.182,58.582,55.275,64.825,1.0,1.0
2024-08-06 12:45:25,61.893,57.182,58.582,55.275,64.825,1.0,1.0
2024-08-06 12:45:30,61.893,57.182,58.582,55.275,64.825,1.0,1.0
2024-08-06 12:45:35,61.893,57.182,58.582,55.275,64.825,1.0,1.0
2024-08-06 12:45:40,61.893,57.182,58.582,55.275,64.825,1.0,1.0
2024-08-06 12:45:45,61.893,57.182,58.582,55.275,64.825,1.0,1.0
2024-08-06 12:45:50,61.893,57.182,58.582,55.275,64.825,1.0,1.0
2024-08-06 12:45:55,61.893,57.182,58.582,55.275,64.825,1.0,1.0
2024-08-06 12:46:00,61.893,57.182,58.582,55.275,64.825,1.0,1.0
2024-08-06 12:46:05,61.893,57.182,58.582,55.275,64.825,1.0,1.0
2024-08-06 12:46:10,61.893,57.182,58.582,55.275,64.825,1.0,1.0
2024-08-06 12:46:15,61.893,57.182,58.582,55.275,64.825,1.0,1.0
2024-08-06 12:46:20,61.893,57.182,58.582,55.275,64.825,1.0,1.0
2024-08-06 12:46:25,61.893,57.182,58.582,55.275,64.825,1.0,1.0
2024-08-06 12:46:30,61.893,57.182,58.582,55.275,64.825,1.0,1.0
2024-08-06 12:46:35,61.893,57.182,58.582,55.275,64.825,1.0,1.0
2024-08-06 12:46:40,61.893,57.182,58.582,55.275,64.825,1.0,1.0
2024-08-06 12:46:45,61.893,57.182,58.582,55.275,64.825,1.0,1.0
2024-08-06 12:46:50,61.893,57.182,58.582,55.275,64.825,1.0,1.0
2024-08-06 12:46:55,61.893,57.182,58.582,55.275,64.825,1.0,1.0
2024-08-06 12:47:00,61.893,57.182,58.582,55.275,64.825,1.0,1.0
2024-08-06 12:47:05,61.893,57.182,58.582,55.275,64.825,1.0,1.0
2024-08-06 12:47:10,61.893,57.182,58.582,55.275,64.825,1.0,1.0
2024-08-06 12:47:15,61.893,57.182,58.582,55.275,64.825,1.0,1.0
2024-08-06 12:47:20,61.893,57.182,58.582,55.275,64.825,1.0,1.0
2024-08-06 12:47:25,61.893,57.182,58.582,55.275,64.825,1.0,1.0
2024-08-06 12:47:30,61.893,57.182,58.582,55.275,64.825,1.0,1.0
2024-08-06 12:47:35,61.893,57.182,58.582,55.275,64.825,1.0,1.0
2024-08-06 12:47:40,61.893,57.182,58.582,55.275,64.825,1.0,1.0
2024-08-06 12:47:45,61.893,57.182,58.582,55.275,64.825,1.0,1.0
2024-08-06 12:47:50,61.893,57.182,58.582,55.275,64.825,1.0,1.0
2024-08-06 12:47:55,61.893,57.182,58.582,55.275,64.825,1.0,1.0
2024-08-06 12:48:00,61.893,57.182,58.582,55.275,64.825,1.0,1.0
2024-08-06 12:48:05,61.893,57.182,58.582,55.275,64.825,1.0,1.0
2024-08-06 12:48:10,61.893,57.182,58.582,55.275,64.825,1.0,1.0
2024-08-06 12:48:15,61.893,57.182,58.582,55.275,64.825,1.0,1.0
2024-08-06 12:48:20,61.893,57.182,58.582,55.275,64.825,1.0,1.0
2024-08-06 12:48:25,61.893,57.182,58.582,55.275,64.825,1.0,1.0
2024-08-06 12:48:30,61.893,57.182,58.582,55.275,64.825,1.0,1.0
2024-08-06 12:48:35,61.893,57.182,58.582,55.275,64.825,1.0,1.0
2024-08-06 12:48:40,61.893,57.182,58.582,55.275,64.825,1.0,1.0
2024-08-06 12:48:45,61.893,57.182,58.582,55.275,64.825,1.0,1.0
2024-08-06 12:48:50,61.893,57.182,58.582,55.275,64.825,1.0,1.0
2024-08-06 12:48:55,61.893,57.182,58.582,55.275,64.825,1.0,1.0
2024-08-06 12:49:00,61.893,57.182,58.582,55.275,64.825,1.0,1.0
2024-08-06 12:49:05,61.893,57.182,58.582,55.275,64.825,1.0,1.0
2024-08-06 12:49:10,61.893,57.182,58.582,55.275,64.825,1.0,1.0
2024-08-06 12:49:15,61.893,57.182,58.582,55.275,64.825,1.0,1.0
2024-08-06 12:49:20,61.893,57.182,58.582,55.275,64.825,1.0,1.0
2024-08-06 12:49:25,61.893,57.182,58.582,55.275,64.825,1.0,1.0
2024-08-06 12:49:30,61.893,57.182,58.582,55.275,64.825,1.0,1.0
2024-08-06 12:49:35,61.893,57.182,58.582,55.275,64.825,1.0,1.0
2024-08-06 12:49:40,61.893,57.182,58.582,55.275,64.825,1.0,1.0
2024-08-06 12:49:45,61.893,57.182,58.582,55.275,64.825,1.0,1.0
2024-08-06 12:49:50,61.893,57.182,58.582,55.275,64.825,1.0,1.0
2024-08-06 12:49:55,61.893,57.182,58.582,55.275,64.825,1.0,1.0
2024-08-06 12:50:00,61.893,57.182,58.582,55.275,64.825,1.0,1.0
2024-08-06 12:50:05,61.893,57.182,58.582,55.275,64.825,1.0,1.0
2024-08-06 12:50:10,61.893,57.182,58.582,55.275,64.825,1.0,1.0
2024-08-06 12:50:15,61.893,57.182,58.582,55.275,64.825,1.0,1.0
2024-08-06 12:50:20,61.893,57.182,58.582,55.275,64.825,1.0,1.0
2024-08-06 12:50:25,61.893,57.182,58.582,55.275,64.825,1.0,1.0
2024-08-06 12:50:30,61.893,57.182,58.582,55.275,64.825,1.0,1.0
2024-08-06 12:50:35,61.893,57.182,58.582,55.275,64.825,1.0,1.0
2024-08-06 12:50:40,61.893,57.182,58.582,55.275,64.825,1.0,1.0
2024-08-06 12:50:45,61.893,57.182,58.582,55.275,64.825,1.0,1.0
2024-08-06 12:50:50,61.893,57.182,58.582,55.275,64.825,1.0,1.0
2024-08-06 12:50:55,61.893,57.182,58.582,55.275,64.825,1.0,1.0
2024-08-06 12:51:00,61.893,57.182,58.582,55.275,64.825,1.0,1.0
2024-08-06 12:51:05,61.893,57.182,58.582,55.275,64.825,1.0,1.0
2024-08-06 12:51:10,61.893,57.182,58.582,55.275,64.825,1.0,1.0
2024-08-06 12:51:15,61.893,57.182,58.582,55.275,64.825,1.0,1.0
2024-08-06 12:51:20,61.893,57.182,58.582,55.275,64.825,1.0,1.0
2024-08-06 12:51:25,61.893,57.182,58.582,55.275,64.825,1.0,1.0
2024-08-06 12:51:30,61.893,57.182,58.582,55.275,64.825,1.0,1.0
2024-08-06 12:51:35,61.893,57.182,58.582,55.275,64.825,1.0,1.0
2024-08-06 12:51:40,61.893,57.182,58.582,55.275,64.825,1.0,1.0
2024-08-06 12:51:45,61.893,57.182,58.582,55.275,64.825,1.0,1.0
2024-08-06 12:51:50,61.893,57.182,58.582,55.275,64.825,1.0,1.0
2024-08-06 12:51:55,61.893,57.182,58.582,55.275,64.825,1.0,1.0
2024-08-06 12:52:00,61.893,57.182,58.582,55.275,64.825,1.0,1.0
2024-08-06 12:52:05,61.893,57.182,58.582,55.275,64.825,1.0,1.0
2024-08-06 12:52:10,61.893,57.182,58.582,55.275,64.825,1.0,1.0
2024-08-06 12:52:15,61.893,57.182,58.582,55.275,64.825,1.0,1.0
2024-08-06 12:52:20,61.893,57.182,58.582,55.275,64.825,1.0,1.0
2024-08-06 12:52:25,61.893,57.182,58.582,55.275,64.825,1.0,1.0
2024-08-06 12:52:30,61.893,57.182,58.582,55.275,64.825,1.0,1.0
2024-08-06 12:52:35,61.893,57.182,58.582,55.275,64.825,1.0,1.0
2024-08-06 12:52:40,61.893,57.182,58.582,55.275,64.825,1.0,1.0
2024-08-06 12:52:45,61.893,57.182,58.582,55.275,64.825,1.0,1.0
2024-08-06 12:52:50,61.893,57.182,58.582,55.275,64.825,1.0,1.0
2024-08-06 12:52:55,61.893,57.182,58.582,55.275,64.825,1.0,1.0
2024-08-06 12:53:00,61.893,57.182,58.582,55.275,64.825,1.0,1.0
2024-08-06 12:53:05,61.893,57.182,58.582,55.275,64.825,1.0,1.0
2024-08-06 12:53:10,61.893,57.182,58.582,55.275,64.825,1.0,1.0
2024-08-06 12:53:15,61.893,57.182,58.582,55.275,64.825,1.0,1.0
2024-08-06 12:53:20,61.893,57.182,58.582,55.275,64.825,1.0,1.0
2024-08-06 12:53:25,61.893,57.182,58.582,55.275,64.825,1.0,1.0
2024-08-06 12:53:30,61.893,57.182,58.582,55.275,64.825,1.0,1.0
2024-08-06 12:53:35,61.893,57.182,58.582,55.275,64.825,1.0,1.0
2024-08-06 12:53:40,61.893,57.182,58.582,55.275,64.825,1.0,1.0
2024-08-06 12:53:45,61.893,57.182,58.582,55.275,64.825,1.0,1.0
2024-08-06 12:53:50,61.893,57.182,58.582,55.275,64.825,1.0,1.0
2024-08-06 12:53:55,61.893,57.182,58.582,55.275,64.825,1.0,1.0
2024-08-06 12:54:00,61.893,57.182,58.582,55.275,64.825,1.0,1.0
2024-08-06 12:54:05,61.893,57.182,58.582,55.275,64.825,1.0,1.0
2024-08-06 12:54:10,61.893,57.182,58.582,55.275,64.825,1.0,1.0
2024-08-06 12:54:15,61.893,57.182,58.582,55.275,64.825,1.0,1.0
2024-08-06 12:54:20,61.893,57.182,58.582,55.275,64.825,1.0,1.0
2024-08-06 12:54:25,61.893,57.182,58.582,55.275,64.825,1.0,1.0
2024-08-06 12:54:30,61.893,57.182,58.582,55.275,64.825,1.0,1.0
2024-08-06 12:54:35,61.893,57.182,58.582,55.275,64.825,1.0,1.0
2024-08-06 12:54:40,61.893,57.182,58.582,55.275,64.825,1.0,1.0
2024-08-06 12:54:45,61.893,57.182,58.582,55.275,64.825,1.0,1.0
2024-08-06 12:54:50,61.893,57.182,58.582,55.275,64.825,1.0,1.0
2024-08-06 12:54:55,61.893,57.182,58.582,55.275,64.825,1.0,1.0
2024-08-06 12:55:00,61.893,57.182,58.582,55.275,64.825,1.0,1.0
2024-08-06 12:55:05,61.893,57.182,58.582,55.275,64.825,1.0,1.0
2024-08-06 12:55:10,61.893,57.182,58.582,55.275,64.825,1.0,1.0
2024-08-06 12:55:15,61.893,57.182,58.582,55.275,64.825,1.0,1.0
2024-08-06 12:55:20,61.893,57.182,58.582,55.275,64.825,1.0,1.0
2024-08-06 12:55:25,61.893,57.182,58.582,55.275,64.825,1.0,1.0
2024-08-06 12:55:30,61.893,57.182,58.582,55.275,64.825,1.0,1.0
2024-08-06 12:55:35,61.893,57.182,58.582,55.275,64.825,1.0,1.0
2024-08-06 12:55:40,61.893,57.182,58.582,55.275,64.825,1.0,1.0
2024-08-06 12:55:45,61.893,57.182,58.582,55.275,64.825,1.0,1.0
2024-08-06 12:55:50,61.893,57.182,58.582,55.275,64.825,1.0,1.0
2024-08-06 12:55:55,61.893,57.182,58.582,55.275,64.825,1.0,1.0
2024-08-06 12:56:00,61.893,57.182,58.582,55.275,64.825,1.0,1.0
2024-08-06 12:56:05,61.893,57.182,58.582,55.275,64.825,1.0,1.0
2024-08-06 12:56:10,61.893,57.182,58.582,55.275,64.825,1.0,1.0
2024-08-06 12:56:15,61.893,57.182,58.582,55.275,64.825,1.0,1.0
2024-08-06 12:56:20,61.893,57.182,58.582,55.275,64.825,1.0,1.0
2024-08-06 12:56:25,61.893,57.182,58.582,55.275,64.825,1.0,1.0
2024-08-06 12:56:30,61.893,57.182,58.582,55.275,64.825,1.0,1.0
2024-08-06 12:56:35,61.893,57.182,58.582,55.275,64.825,1.0,1.0
2024-08-06 12:56:40,61.893,57.182,58.582,55.275,64.825,1.0,1.0
2024-08-06 12:56:45,61.893,57.182,58.582,55.275,64.825,1.0,1.0
2024-08-06 12:56:50,61.893,57.182,58.582,55.275,64.825,1.0,1.0
2024-08-06 12:56:55,61.893,57.182,58.582,55.275,64.825,1.0,1.0
2024-08-06 12:57:00,61.893,57.182,58.582,55.275,64.825,1.0,1.0
2024-08-06 12:57:05,61.893,57.182,58.582,55.275,64.825,1.0,1.0
2024-08-06 12:57:10,61.893,57.182,58.582,55.275,64.825,1.0,1.0
2024-08-06 12:57:15,61.893,57.182,58.582,55.275,64.825,1.0,1.0
2024-08-06 12:57:20,61.893,57.182,58.582,55.275,64.825,1.0,1.0
2024-08-06 12:57:25,61.893,57.182,58.582,55.275,64.825,1.0,1.0
2024-08-06 12:57:30,61.893,57.182,58.582,55.275,64.825,1.0,1.0
2024-08-06 12:57:35,61.893,57.182,58.582,55.275,64.825,1.0,1.0
2024-08-06 12:57:40,61.893,57.182,58.582,55.275,64.825,1.0,1.0
2024-08-06 12:57:45,61.893,57.182,58.582,55.275,64.825,1.0,1.0
2024-08-06 12:57:50,61.893,57.182,58.582,55.275,64.825,1.0,1.0
2024-08-06 12:57:55,61.893,57.182,58.582,55.275,64.825,1.0,1.0
2024-08-06 12:58:00,61.893,57.182,58.582,55.275,64.825,1.0,1.0
2024-08-06 12:58:05,61.893,57.182,58.582,55.275,64.825,1.0,1.0
2024-08-06 12:58:10,61.893,57.182,58.582,55.275,64.825,1.0,1.0
2024-08-06 12:58:15,61.893,57.182,58.582,55.275,64.825,1.0,1.0
2024-08-06 12:58:20,61.893,57.182,58.582,55.275,64.825,1.0,1.0
2024-08-06 12:58:25,61.893,57.182,58.582,55.275,64.825,1.0,1.0
2024-08-06 12:58:30,61.893,57.182,58.582,55.275,64.825,1.0,1.0
2024-08-06 12:58:35,61.893,57.182,58.582,55.275,64.825,1.0,1.0
2024-08-06 12:58:40,61.893,57.182,58.582,55.275,64.825,1.0,1.0
2024-08-06 12:58:45,61.893,57.182,58.582,55.275,64.825,1.0,1.0
2024-08-06 12:58:50,61.893,57.182,58.582,55.275,64.825,1.0,1.0
2024-08-06 12:58:55,61.893,57.182,58.582,55.275,64.825,1.0,1.0
2024-08-06 12:59:00,61.893,57.182,58.582,55.275,64.825,1.0,1.0
2024-08-06 12:59:05,61.893,57.182,58.582,55.275,64.825,1.0,1.0
2024-08-06 12:59:10,61.893,57.182,58.582,55.275,64.825,1.0,1.0
2024-08-06 12:59:15,61.893,57.182,58.582,55.275,64.825,1.0,1.0
2024-08-06 12:59:20,61.893,57.182,58.582,55.275,64.825,1.0,1.0
2024-08-06 12:59:25,61.893,57.182,58.582,55.275,64.825,1.0,1.0
2024-08-06 12:59:30,61.893,57.182,58.582,55.275,64.825,1.0,1.0
2024-08-06 12:59:35,61.893,57.182,58.582,55.275,64.825,1.0,1.0
2024-08-06 12:59:40,61.893,57.182,58.582,55.275,64.825,1.0,1.0
2024-08-06 12:59:45,61.893,57.182,58.582,55.275,64.825,1.0,1.0
2024-08-06 12:59:50,61.893,57.182,58.582,55.275,64.825,1.0,1.0
2024-08-06 12:59:55,61.893,57.182,58.582,55.275,64.825,1.0,1.0
2024-08-06 13:00:00,61.893,57.182,58.582,55.275,64.825,1.0,1.0
2024-08-06 13:00:05,61.893,57.182,58.582,55.275,64.825,1.0,1.0
2024-08-06 13:00:10,61.893,57.182,58.582,55.275,64.825,1.0,1.0
2024-08-06 13:00:15,61.893,57.182,58.582,55.275,64.825,1.0,1.0
2024-08-06 13:00:20,61.893,57.182,58.582,55.275,64.825,1.0,1.0
2024-08-06 13:00:25,61.893,57.182,58.582,55.275,64.825,1.0,1.0
2024-08-06 13:00:30,61.893,57.182,58.582,55.275,64.825,1.0,1.0
2024-08-06 13:00:35,61.893,57.182,58.582,55.275,64.825,1.0,1.0
2024-08-06 13:00:40,61.893,57.182,58.582,55.275,64.825,1.0,1.0
2024-08-06 13:00:45,61.893,57.182,58.582,55.275,64.825,1.0,1.0
2024-08-06 13:00:50,61.893,57.182,58.582,55.275,64.825,1.0,1.0
2024-08-06 13:00:55,61.893,57.182,58.582,55.275,64.825,1.0,1.0
2024-08-06 13:01:00,61.893,57.182,58.582,55.275,64.825,1.0,1.0
2024-08-06 13:01:05,61.893,57.182,58.582,55.275,64.825,1.0,1.0
2024-08-06 13:01:10,61.893,57.182,58.582,55.275,64.825,1.0,1.0
2024-08-06 13:01:15,61.893,57.182,58.582,55.275,64.825,1.0,1.0
2024-08-06 13:01:20,61.893,57.182,58.582,55.275,64.825,1.0,1.0
2024-08-06 13:01:25,61.893,57.182,58.582,55.275,64.825,1.0,1.0
2024-08-06 13:01:30,61.893,57.182,58.582,55.275,64.825,1.0,1.0
2024-08-06 13:01:35,61.893,57.182,58.582,55.275,64.825,1.0,1.0
2024-08-06 13:01:40,61.893,57.182,58.582,55.275,64.825,1.0,1.0
2024-08-06 13:01:45,61.893,57.182,58.582,55.275,64.825,1.0,1.0
2024-08-06 13:01:50,61.893,57.182,58.582,55.275,64.825,1.0,1.0
2024-08-06 13:01:55,61.893,57.182,58.582,55.275,64.825,1.0,1.0
2024-08-06 13:02:00,61.893,57.182,58.582,55.275,64.825,1.0,1.0
2024-08-06 13:02:05,61.893,57.182,58.582,55.275,64.825,1.0,1.0
2024-08-06 13:02:10,61.893,57.182,58.582,55.275,64.825,1.0,1.0
2024-08-06 13:02:15,61.893,57.182,58.582,55.275,64.825,1.0,1.0
2024-08-06 13:02:20,61.893,57.182,58.582,55.275,64.825,1.0,1.0
2024-08-06 13:02:25,61.893,57.182,58.582,55.275,64.825,1.0,1.0
2024-08-06 13:02:30,61.893,57.182,58.582,55.275,64.825,1.0,1.0
2024-08-06 13:02:35,61.893,57.182,58.582,55.275,64.825,1.0,1.0
2024-08-06 13:02:40,61.893,57.182,58.582,55.275,64.825,1.0,1.0
2024-08-06 13:02:45,61.893,57.182,58.582,55.275,64.825,1.0,1.0
2024-08-06 13:02:50,61.893,57.182,58.582,55.275,64.825,1.0,1.0
2024-08-06 13:02:55,61.893,57.182,58.582,55.275,64.825,1.0,1.0
2024-08-06 13:03:00,61.893,57.182,58.582,55.275,64.825,1.0,1.0
2024-08-06 13:03:05,61.893,57.182,58.582,55.275,64.825,1.0,1.0
2024-08-06 13:03:10,61.893,57.182,58.582,55.275,64.825,1.0,1.0
2024-08-06 13:03:15,61.893,57.182,58.582,55.275,64.825,1.0,1.0
2024-08-06 13:03:20,61.893,57.182,58.582,55.275,64.825,1.0,1.0
2024-08-06 13:03:25,61.893,57.182,58.582,55.275,64.825,1.0,1.0
2024-08-06 13:03:30,61.893,57.182,58.582,55.275,64.825,1.0,1.0
2024-08-06 13:03:35,61.893,57.182,58.582,55.275,64.825,1.0,1.0
2024-08-06 13:03:40,61.893,57.182,58.582,55.275,64.825,1.0,1.0
2024-08-06 13:03:45,61.893,57.182,58.582,55.275,64.825,1.0,1.0
2024-08-06 13:03:50,61.893,57.182,58.582,55.275,64.825,1.0,1.0
2024-08-06 13:03:55,61.893,57.182,58.582,55.275,64.825,1.0,1.0
2024-08-06 13:04:00,61.893,57.182,58.582,55.275,64.825,1.0,1.0
2024-08-06 13:04:05,61.893,57.182,58.582,55.275,64.825,1.0,1.0
2024-08-06 13:04:10,61.893,57.182,58.582,55.275,64.825,1.0,1.0
2024-08-06 13:04:15,61.893,57.182,58.582,55.275,64.825,1.0,1.0
2024-08-06 13:04:20,61.893,57.182,58.582,55.275,64.825,1.0,1.0
2024-08-06 13:04:25,61.893,57.182,58.582,55.275,64.825,1.0,1.0
2024-08-06 13:04:30,61.893,57.182,58.582,55.275,64.825,1.0,1.0
2024-08-06 13:04:35,61.893,57.182,58.582,55.275,64.825,1.0,1.0
2024-08-06 13:04:40,61.893,57.182,58.582,55.275,64.825,1.0,1.0
2024-08-06 13:04:45,61.893,57.182,58.582,55.275,64.825,1.0,1.0
2024-08-06 13:04:50,61.893,57.182,58.582,55.275,64.825,1.0,1.0
2024-08-06 13:04:55,61.893,57.182,58.582,55.275,64.825,1.0,1.0
2024-08-06 13:05:00,61.893,57.182,58.582,55.275,64.825,1.0,1.0
2024-08-06 13:05:05,61.893,57.182,58.582,55.275,64.825,1.0,1.0
2024-08-06 13:05:10,61.893,57.182,58.582,55.275,64.825,1.0,1.0
2024-08-06 13:05:15,61.893,57.182,58.582,55.275,64.825,1.0,1.0
2024-08-06 13:05:20,61.893,57.182,58.582,55.275,64.825,1.0,1.0
2024-08-06 13:05:25,61.893,57.182,58.582,55.275,64.825,1.0,1.0
2024-08-06 13:05:30,61.893,57.182,58.582,55.275,64.825,1.0,1.0
2024-08-06 13:05:35,61.893,57.182,58.582,55.275,64.825,1.0,1.0
2024-08-06 13:05:40,61.893,57.182,58.582,55.275,64.825,1.0,1.0
2024-08-06 13:05:45,61.893,57.182,58.582,55.275,64.825,1.0,1.0
2024-08-06 13:05:50,61.893,57.182,58.582,55.275,64.825,1.0,1.0
2024-08-06 13:05:55,61.893,57.182,58.582,55.275,64.825,1.0,1.0
2024-08-06 13:06:00,61.893,57.182,58.582,55.275,64.825,1.0,1.0
2024-08-06 13:06:05,61.893,57.182,58.582,55.275,64.825,1.0,1.0
2024-08-06 13:06:10,61.893,57.182,58.582,55.275,64.825,1.0,1.0
2024-08-06 13:06:15,61.893,57.182,58.582,55.275,64.825,1.0,1.0
2024-08-06 13:06:20,61.893,57.182,58.582,55.275,64.825,1.0,1.0
2024-08-06 13:06:25,61.893,57.182,58.582,55.275,64.825,1.0,1.0
2024-08-06 13:06:30,61.893,57.182,58.582,55.275,64.825,1.0,1.0
2024-08-06 13:06:35,61.893,57.182,58.582,55.275,64.825,1.0,1.0
2024-08-06 13:06:40,61.893,57.182,58.582,55.275,64.825,1.0,1.0
2024-08-06 13:06:45,61.893,57.182,58.582,55.275,64.825,1.0,1.0
2024-08-06 13:06:50,61.893,57.182,58.582,55.275,64.825,1.0,1.0
2024-08-06 13:06:55,61.893,57.182,58.582,55.275,64.825,1.0,1.0
2024-08-06 13:07:00,61.893,57.182,58.582,55.275,64.825,1.0,1.0
2024-08-06 13:07:05,61.893,57.182,58.582,55.275,64.825,1.0,1.0
2024-08-06 13:07:10,61.893,57.182,58.582,55.275,64.825,1.0,1.0
2024-08-06 13:07:15,61.893,57.182,58.582,55.275,64.825,1.0,1.0
2024-08-06 13:07:20,61.893,57.182,58.582,55.275,64.825,1.0,1.0
2024-08-06 13:07:25,61.893,57.182,58.582,55.275,64.825,1.0,1.0
2024-08-06 13:07:30,61.893,57.182,58.582,55.275,64.825,1.0,1.0
2024-08-06 13:07:35,61.893,57.182,58.582,55.275,64.825,1.0,1.0
2024-08-06 13:07:40,61.893,57.182,58.582,55.275,64.825,1.0,1.0
2024-08-06 13:07:45,61.893,57.182,58.582,55.275,64.825,1.0,1.0
2024-08-06 13:07:50,61.893,57.182,58.582,55.275,64.825,1.0,1.0
2024-08-06 13:07:55,61.893,57.182,58.582,55.275,64.825,1.0,1.0
2024-08-06 13:08:00,61.893,57.182,58.582,55.275,64.825,1.0,1.0
2024-08-06 13:08:05,61.893,57.182,58.582,55.275,64.825,1.0,1.0
2024-08-06 13:08:10,61.893,57.182,58.582,55.275,64.825,1.0,1.0
2024-08-06 13:08:15,61.893,57.182,58.582,55.275,64.825,1.0,1.0
2024-08-06 13:08:20,61.893,57.182,58.582,55.275,64.825,1.0,1.0
2024-08-06 13:08:25,61.893,57.182,58.582,55.275,64.825,1.0,1.0
2024-08-06 13:08:30,61.893,57.182,58.582,55.275,64.825,1.0,1.0
2024-08-06 13:08:35,61.893,57.182,58.582,55.275,64.825,1.0,1.0
2024-08-06 13:08:40,61.893,57.182,58.582,55.275,64.825,1.0,1.0
2024-08-06 13:08:45,61.766,57.055,58.455,55.148,64.697,1.0,1.0
2024-08-06 13:08:50,62.02,57.437,58.709,55.529,64.825,1.0,1.0
2024-08-06 13:08:55,62.02,57.437,58.709,55.529,64.825,1.0,1.0
2024-08-06 13:09:00,62.02,57.437,58.709,55.529,64.825,1.0,1.0
2024-08-06 13:09:05,62.02,57.437,58.709,55.529,64.825,1.0,1.0
2024-08-06 13:09:10,62.02,57.437,58.709,55.529,64.825,1.0,1.0
2024-08-06 13:09:15,62.02,57.437,58.709,55.529,64.825,1.0,1.0
2024-08-06 13:09:20,62.02,57.437,58.709,55.529,64.825,1.0,1.0
2024-08-06 13:09:25,62.02,57.437,58.709,55.529,64.825,1.0,1.0
2024-08-06 13:09:30,62.02,57.437,58.709,55.529,64.825,1.0,1.0
2024-08-06 13:09:35,62.02,57.437,58.709,55.529,64.825,1.0,1.0
2024-08-06 13:09:40,62.02,57.437,58.709,55.529,64.825,1.0,1.0
2024-08-06 13:09:45,62.02,57.437,58.709,55.529,64.825,1.0,1.0
2024-08-06 13:09:50,62.02,57.437,58.709,55.529,64.825,1.0,1.0
2024-08-06 13:09:55,62.02,57.437,58.709,55.529,64.825,1.0,1.0
2024-08-06 13:10:00,62.02,57.437,58.709,56.47391118252307,64.825,1.0,1.0
2024-08-06 13:10:05,62.02,57.437,58.709,56.86530620956213,64.825,1.0,1.0
2024-08-06 13:10:10,62.02,57.437,58.709,57.16563417676995,64.825,1.0,1.0
2024-08-06 13:10:15,62.02,57.437,58.709,57.41882236504614,64.825,1.0,1.0
2024-08-06 13:10:20,62.02,57.437,58.709,57.64188563682129,64.825,1.0,1.0
2024-08-06 13:10:25,62.02,57.437,58.709,57.84355024943138,64.825,1.0,1.0
2024-08-06 13:10:30,62.02,57.437,58.709,58.029,64.825,1.0,1.0
2024-08-06 13:10:35,62.02,57.437,58.709,55.529,64.825,1.0,1.0
2024-08-06 13:10:40,62.02,57.437,58.709,55.529,64.825,1.0,1.0
2024-08-06 13:10:45,62.02,57.437,58.709,55.529,64.825,1.0,1.0
2024-08-06 13:10:50,62.02,57.437,58.709,55.529,64.825,1.0,1.0
2024-08-06 13:10:55,62.02,57.437,58.709,55.529,64.825,1.0,1.0
2024-08-06 13:11:00,62.02,57.437,58.709,55.529,64.825,1.0,1.0
2024-08-06 13:11:05,62.02,57.437,58.709,55.529,64.825,1.0,1.0
2024-08-06 13:11:10,62.02,57.437,58.709,55.529,64.825,1.0,1.0
2024-08-06 13:11:15,62.02,57.437,58.709,55.529,64.825,1.0,1.0
2024-08-06 13:11:20,62.02,57.437,58.709,55.529,64.825,1.0,1.0
2024-08-06 13:11:25,62.02,57.437,58.709,55.529,64.825,1.0,1.0
2024-08-06 13:11:30,62.02,57.437,58.709,55.529,64.825,1.0,1.0
2024-08-06 13:11:35,62.02,57.437,58.709,55.529,64.825,1.0,1.0
2024-08-06 13:11:40,62.02,57.437,58.709,55.529,64.825,1.0,1.0
2024-08-06 13:11:45,62.02,57.437,58.709,55.529,64.825,1.0,1.0
2024-08-06 13:11:50,62.02,57.437,58.709,55.529,64.825,1.0,1.0
2024-08-06 13:11:55,62.02,57.437,58.709,55.529,64.825,1.0,1.0
2024-08-06 13:12:00,62.02,57.437,58.709,55.529,64.825,1.0,1.0
2024-08-06 13:12:05,62.02,57.437,58.709,55.529,64.825,1.0,1.0
2024-08-06 13:12:10,62.02,57.437,58.709,55.529,64.825,1.0,1.0
2024-08-06 13:12:15,62.02,57.437,58.709,55.529,64.825,1.0,1.0
2024-08-06 13:12:20,62.02,57.437,58.709,55.529,64.825,1.0,1.0
2024-08-06 13:12:25,62.02,57.437,58.709,55.529,64.825,1.0,1.0
2024-08-06 13:12:30,62.02,57.437,58.709,55.529,64.825,1.0,1.0
2024-08-06 13:12:35,62.02,57.437,58.709,55.529,64.825,1.0,1.0
2024-08-06 13:12:40,62.02,57.437,58.709,55.529,64.825,1.0,1.0
2024-08-06 13:12:45,62.02,57.437,58.709,55.529,64.825,1.0,1.0
2024-08-06 13:12:50,62.02,57.437,58.709,55.529,64.825,1.0,1.0
2024-08-06 13:12:55,62.02,57.437,58.709,55.529,64.825,1.0,1.0
2024-08-06 13:13:00,62.02,57.437,58.709,55.529,64.825,1.0,1.0
2024-08-06 13:13:05,62.02,57.437,58.709,55.529,64.825,1.0,1.0
2024-08-06 13:13:10,62.02,57.437,58.709,55.529,64.825,1.0,1.0
2024-08-06 13:13:15,62.02,57.437,58.709,55.529,64.825,1.0,1.0
2024-08-06 13:13:20,62.02,57.437,58.709,55.529,64.825,1.0,1.0
2024-08-06 13:13:25,62.02,57.437,58.709,55.529,64.825,1.0,1.0
2024-08-06 13:13:30,62.02,57.437,58.709,55.529,64.825,1.0,1.0
2024-08-06 13:13:35,62.02,57.437,58.709,55.529,64.825,1.0,1.0
2024-08-06 13:13:40,62.02,57.437,58.709,55.529,64.825,1.0,1.0
2024-08-06 13:13:45,62.02,57.437,58.709,55.529,64.825,1.0,1.0
2024-08-06 13:13:50,62.02,57.437,58.709,55.529,64.825,1.0,1.0
2024-08-06 13:13:55,62.02,57.437,58.709,55.529,64.825,1.0,1.0
2024-08-06 13:14:00,62.02,57.437,58.709,55.529,64.825,1.0,1.0
2024-08-06 13:14:05,62.02,57.437,58.709,55.529,64.825,1.0,1.0
2024-08-06 13:14:10,62.02,57.437,58.709,55.529,64.825,1.0,1.0
2024-08-06 13:14:15,62.02,57.437,58.709,55.529,64.825,1.0,1.0
2024-08-06 13:14:20,62.02,57.437,58.709,55.529,64.825,1.0,1.0
2024-08-06 13:14:25,62.02,57.437,58.709,55.529,64.825,1.0,1.0
2024-08-06 13:14:30,62.02,57.437,58.709,55.529,64.825,1.0,1.0
2024-08-06 13:14:35,62.02,57.437,58.709,55.529,64.825,1.0,1.0
2024-08-06 13:14:40,62.02,57.437,58.709,55.529,64.825,1.0,1.0
2024-08-06 13:14:45,62.02,57.437,58.709,55.529,64.825,1.0,1.0
2024-08-06 13:14:50,62.02,57.437,58.709,55.529,64.825,1.0,1.0
2024-08-06 13:14:55,62.02,57.437,58.709,55.529,64.825,1.0,1.0
2024-08-06 13:15:00,62.02,57.437,58.709,55.529,64.825,1.0,1.0
2024-08-06 13:15:05,62.02,57.437,58.709,55.529,64.825,1.0,1.0
2024-08-06 13:15:10,62.02,57.437,58.709,55.529,64.825,1.0,1.0
2024-08-06 13:15:15,62.02,57.437,58.709,55.529,64.825,1.0,1.0
2024-08-06 13:15:20,62.02,57.437,58.709,55.529,64.825,1.0,1.0
2024-08-06 13:15:25,62.02,57.437,58.709,55.529,64.825,1.0,1.0
2024-08-06 13:15:30,62.02,57.437,58.709,55.529,64.825,1.0,1.0
2024-08-06 13:15:35,62.02,57.437,58.709,55.529,64.825,1.0,1.0
2024-08-06 13:15:40,62.02,57.437,58.709,55.529,64.825,1.0,1.0
2024-08-06 13:15:45,62.02,57.437,58.709,55.529,64.825,1.0,1.0
2024-08-06 13:15:50,62.02,57.437,58.709,55.529,64.825,1.0,1.0
2024-08-06 13:15:55,62.02,57.437,58.709,55.529,64.825,1.0,1.0
2024-08-06 13:16:00,62.02,57.437,58.709,55.529,64.825,1.0,1.0
2024-08-06 13:16:05,62.02,57.437,58.709,55.529,64.825,1.0,1.0
2024-08-06 13:16:10,62.02,57.437,58.709,55.529,64.825,1.0,1.0
2024-08-06 13:16:15,62.02,57.437,58.709,55.529,64.825,1.0,1.0
2024-08-06 13:16:20,62.02,57.437,58.709,55.529,64.825,1.0,1.0
2024-08-06 13:16:25,62.02,57.437,58.709,55.529,64.825,1.0,1.0
2024-08-06 13:16:30,62.02,57.437,58.709,55.529,64.825,1.0,1.0
2024-08-06 13:16:35,62.02,57.437,58.709,55.529,64.825,1.0,1.0
2024-08-06 13:16:40,62.02,57.437,58.709,55.529,64.825,1.0,1.0
2024-08-06 13:16:45,62.02,57.437,58.709,55.529,64.825,1.0,1.0
2024-08-06 13:16:50,62.02,57.437,58.709,55.529,64.825,1.0,1.0
2024-08-06 13:16:55,62.02,57.437,58.709,55.529,64.825,1.0,1.0
2024-08-06 13:17:00,62.02,57.437,58.709,55.529,64.825,1.0,1.0
2024-08-06 13:17:05,62.02,57.437,58.709,55.529,64.825,1.0,1.0
2024-08-06 13:17:10,62.02,57.437,58.709,55.529,64.825,1.0,1.0
2024-08-06 13:17:15,62.02,57.437,58.709,55.529,64.825,1.0,1.0
2024-08-06 13:17:20,62.02,57.437,58.709,55.529,64.825,1.0,1.0
2024-08-06 13:17:25,62.02,57.437,58.709,55.529,64.825,1.0,1.0
2024-08-06 13:17:30,62.02,57.437,58.709,55.529,64.825,1.0,1.0
2024-08-06 13:17:35,62.02,57.437,58.709,55.529,64.825,1.0,1.0
2024-08-06 13:17:40,62.02,57.437,58.709,55.529,64.825,1.0,1.0
2024-08-06 13:17:45,62.02,57.437,58.709,55.529,64.825,1.0,1.0
2024-08-06 13:17:50,62.02,57.437,58.709,55.529,64.825,1.0,1.0
2024-08-06 13:17:55,62.02,57.437,58.709,55.529,64.825,1.0,1.0
2024-08-06 13:18:00,62.02,57.437,58.709,55.529,64.825,1.0,1.0
2024-08-06 13:18:05,62.02,57.437,58.709,55.529,64.825,1.0,1.0
2024-08-06 13:18:10,62.02,57.437,58.709,55.529,64.825,1.0,1.0
2024-08-06 13:18:15,62.02,57.437,58.709,55.529,64.825,1.0,1.0
2024-08-06 13:18:20,62.02,57.437,58.709,55.529,64.825,1.0,1.0
2024-08-06 13:18:25,62.02,57.437,58.709,55.529,64.825,1.0,1.0
2024-08-06 13:18:30,62.02,57.437,58.709,55.529,64.825,1.0,1.0
2024-08-06 13:18:35,62.02,57.437,58.709,55.529,64.825,1.0,1.0
2024-08-06 13:18:40,62.02,57.437,58.709,55.529,64.825,1.0,1.0
2024-08-06 13:18:45,62.02,57.437,58.709,55.529,64.825,1.0,1.0
2024-08-06 13:18:50,62.02,57.437,58.709,55.529,64.825,1.0,1.0
2024-08-06 13:18:55,62.02,57.437,58.709,55.529,64.825,1.0,1.0
2024-08-06 13:19:00,62.02,57.437,58.709,55.529,64.825,1.0,1.0
2024-08-06 13:19:05,62.02,57.437,58.709,55.529,64.825,1.0,1.0
2024-08-06 13:19:10,62.02,57.437,58.709,55.529,64.825,1.0,1.0
2024-08-06 13:19:15,62.02,57.437,58.709,55.529,64.825,1.0,1.0
2024-08-06 13:19:20,62.02,57.437,58.709,55.529,64.825,1.0,1.0
2024-08-06 13:19:25,62.02,57.437,58.709,55.529,64.825,1.0,1.0
2024-08-06 13:19:30,62.02,57.437,58.709,55.529,64.825,1.0,1.0
2024-08-06 13:19:35,62.02,57.437,58.709,55.529,64.825,1.0,1.0
2024-08-06 13:19:40,62.02,57.437,58.709,55.529,64.825,1.0,1.0
2024-08-06 13:19:45,62.02,57.437,58.709,55.529,64.825,1.0,1.0
2024-08-06 13:19:50,62.02,57.437,58.709,55.529,64.825,1.0,1.0
2024-08-06 13:19:55,62.02,57.437,58.709,55.529,64.825,1.0,1.0
2024-08-06 13:20:00,62.02,57.437,58.709,55.529,64.825,1.0,1.0
2024-08-06 13:20:05,62.02,57.437,58.709,55.529,64.825,1.0,1.0
2024-08-06 13:20:10,62.02,57.437,58.709,55.529,64.825,1.0,1.0
2024-08-06 13:20:15,62.02,57.437,58.709,55.529,64.825,1.0,1.0
2024-08-06 13:20:20,62.02,57.437,58.709,55.529,64.825,1.0,1.0
2024-08-06 13:20:25,62.02,57.437,58.709,55.529,64.825,1.0,1.0
2024-08-06 13:20:30,62.02,57.437,58.709,55.529,64.825,1.0,1.0
2024-08-06 13:20:35,62.02,57.437,58.709,55.529,64.825,1.0,1.0
2024-08-06 13:20:40,62.02,57.437,58.709,55.529,64.825,1.0,1.0
2024-08-06 13:20:45,62.02,57.437,58.709,55.529,64.825,1.0,1.0
2024-08-06 13:20:50,62.02,57.437,58.709,55.529,64.825,1.0,1.0
2024-08-06 13:20:55,62.02,57.437,58.709,55.529,64.825,1.0,1.0
2024-08-06 13:21:00,62.02,57.437,58.709,55.529,64.825,1.0,1.0
2024-08-06 13:21:05,62.02,57.437,58.709,55.529,64.825,1.0,1.0
2024-08-06 13:21:10,62.02,57.437,58.709,55.529,64.825,1.0,1.0
2024-08-06 13:21:15,62.02,57.437,58.709,55.529,64.825,1.0,1.0
2024-08-06 13:21:20,62.02,57.437,58.709,55.529,64.825,1.0,1.0
2024-08-06 13:21:25,62.02,57.437,58.709,55.529,64.825,1.0,1.0
2024-08-06 13:21:30,62.02,57.437,58.709,55.529,64.825,1.0,1.0
2024-08-06 13:21:35,62.02,57.437,58.709,55.529,64.825,1.0,1.0
2024-08-06 13:21:40,62.02,57.437,58.709,55.529,64.825,1.0,1.0
2024-08-06 13:21:45,62.02,57.437,58.709,55.529,64.825,1.0,1.0
2024-08-06 13:21:50,62.02,57.437,58.709,55.529,64.825,1.0,1.0
2024-08-06 13:21:55,62.02,57.437,58.709,55.529,64.825,1.0,1.0
2024-08-06 13:22:00,62.02,57.437,58.709,55.529,64.825,1.0,1.0
2024-08-06 13:22:05,62.02,57.437,58.709,55.529,64.825,1.0,1.0
2024-08-06 13:22:10,62.02,57.437,58.709,55.529,64.825,1.0,1.0
2024-08-06 13:22:15,62.02,57.437,58.709,55.529,64.825,1.0,1.0
2024-08-06 13:22:20,62.02,57.437,58.709,55.529,64.825,1.0,1.0
2024-08-06 13:22:25,62.02,57.437,58.709,55.529,64.825,1.0,1.0
2024-08-06 13:22:30,62.02,57.437,58.709,55.529,64.825,1.0,1.0
2024-08-06 13:22:35,62.02,57.437,58.709,55.529,64.825,1.0,1.0
2024-08-06 13:22:40,62.02,57.437,58.709,55.529,64.825,1.0,1.0
2024-08-06 13:22:45,62.02,57.437,58.709,55.529,64.825,1.0,1.0
2024-08-06 13:22:50,62.02,57.437,58.709,55.529,64.825,1.0,1.0
2024-08-06 13:22:55,62.02,57.437,58.709,55.529,64.825,1.0,1.0
2024-08-06 13:23:00,62.02,57.437,58.709,55.529,64.825,1.0,1.0
2024-08-06 13:23:05,62.02,57.437,58.709,55.529,64.825,1.0,1.0
2024-08-06 13:23:10,62.02,57.437,58.709,55.529,64.825,1.0,1.0
2024-08-06 13:23:15,62.02,57.437,58.709,55.529,64.825,1.0,1.0
2024-08-06 13:23:20,62.02,57.437,58.709,55.529,64.825,1.0,1.0
2024-08-06 13:23:25,62.02,57.437,58.709,55.529,64.825,1.0,1.0
2024-08-06 13:23:30,62.02,57.437,58.709,55.529,64.825,1.0,1.0
2024-08-06 13:23:35,62.02,57.437,58.709,55.529,64.825,1.0,1.0
2024-08-06 13:23:40,62.02,57.437,58.709,55.529,64.825,1.0,1.0
2024-08-06 13:23:45,62.02,57.437,58.709,55.529,64.825,1.0,1.0
2024-08-06 13:23:50,62.02,57.437,58.709,55.529,64.825,1.0,1.0
2024-08-06 13:23:55,62.02,57.437,58.709,55.529,64.825,1.0,1.0
2024-08-06 13:24:00,62.02,57.437,58.709,55.529,64.825,1.0,1.0
2024-08-06 13:24:05,62.02,57.437,58.709,55.529,64.825,1.0,1.0
2024-08-06 13:24:10,62.02,57.437,58.709,55.529,64.825,1.0,1.0
2024-08-06 13:24:15,62.02,57.437,58.709,55.529,64.825,1.0,1.0
2024-08-06 13:24:20,62.02,57.437,58.709,55.529,64.825,1.0,1.0
2024-08-06 13:24:25,62.02,57.437,58.709,55.529,64.825,1.0,1.0
2024-08-06 13:24:30,62.02,57.437,58.709,55.529,64.825,1.0,1.0
2024-08-06 13:24:35,62.02,57.437,58.709,55.529,64.825,1.0,1.0
2024-08-06 13:24:40,62.02,57.437,58.709,55.529,64.825,1.0,1.0
2024-08-06 13:24:45,62.02,57.437,58.709,55.529,64.825,1.0,1.0
2024-08-06 13:24:50,62.02,57.437,58.709,55.529,64.825,1.0,1.0
2024-08-06 13:24:55,62.02,57.437,58.709,55.529,64.825,1.0,1.0
2024-08-06 13:25:00,62.02,57.437,58.709,55.529,64.825,1.0,1.0
2024-08-06 13:25:05,62.02,57.437,58.709,55.529,64.825,1.0,1.0
2024-08-06 13:25:10,62.02,57.437,58.709,55.529,64.825,1.0,1.0
2024-08-06 13:25:15,62.02,57.437,58.709,55.529,64.825,1.0,1.0
2024-08-06 13:25:20,62.02,57.437,58.709,55.529,64.825,1.0,1.0
2024-08-06 13:25:25,62.02,57.437,58.709,55.529,64.825,1.0,1.0
2024-08-06 13:25:30,62.02,57.437,58.709,55.529,64.825,1.0,1.0
2024-08-06 13:25:35,62.02,57.437,58.709,55.529,64.825,1.0,1.0
2024-08-06 13:25:40,62.02,57.437,58.709,55.529,64.825,1.0,1.0
2024-08-06 13:25:45,62.02,57.437,58.709,55.529,64.825,1.0,1.0
2024-08-06 13:25:50,62.02,57.437,58.709,55.529,64.825,1.0,1.0
2024-08-06 13:25:55,62.02,57.437,58.709,55.529,64.825,1.0,1.0
2024-08-06 13:26:00,62.02,57.437,58.709,55.529,64.825,1.0,1.0
2024-08-06 13:26:05,62.02,57.437,58.709,55.529,64.825,1.0,1.0
2024-08-06 13:26:10,62.02,57.437,58.709,55.529,64.825,1.0,1.0
2024-08-06 13:26:15,62.02,57.437,58.709,55.529,64.825,1.0,1.0
2024-08-06 13:26:20,62.02,57.437,58.709,55.529,64.825,1.0,1.0
2024-08-06 13:26:25,62.02,57.437,58.709,55.529,64.825,1.0,1.0
2024-08-06 13:26:30,62.02,57.437,58.709,55.529,64.825,1.0,1.0
2024-08-06 13:26:35,62.02,57.437,58.709,55.529,64.825,1.0,1.0
2024-08-06 13:26:40,62.02,57.437,58.709,55.529,64.825,1.0,1.0
2024-08-06 13:26:45,62.02,57.437,58.709,55.529,64.825,1.0,1.0
2024-08-06 13:26:50,62.02,57.437,58.709,55.529,64.825,1.0,1.0
2024-08-06 13:26:55,62.02,57.437,58.709,55.529,64.825,1.0,1.0
2024-08-06 13:27:00,62.02,57.437,58.709,55.529,64.825,1.0,1.0
2024-08-06 13:27:05,62.02,57.437,58.709,55.529,64.825,1.0,1.0
2024-08-06 13:27:10,62.02,57.437,58.709,55.529,64.825,1.0,1.0
2024-08-06 13:27:15,62.02,57.437,58.709,55.529,64.825,1.0,1.0
2024-08-06 13:27:20,62.02,57.437,58.709,55.529,64.825,1.0,1.0
2024-08-06 13:27:25,62.02,57.437,58.709,55.529,64.825,1.0,1.0
2024-08-06 13:27:30,62.02,57.437,58.709,55.529,64.825,1.0,1.0
2024-08-06 13:27:35,62.02,57.437,58.709,55.529,64.825,1.0,1.0
2024-08-06 13:27:40,62.02,57.437,58.709,55.529,64.825,1.0,1.0
2024-08-06 13:27:45,62.02,57.437,58.709,55.529,64.825,1.0,1.0
2024-08-06 13:27:50,62.02,57.437,58.709,55.529,64.825,1.0,1.0
2024-08-06 13:27:55,62.02,57.437,58.709,55.529,64.825,1.0,1.0
2024-08-06 13:28:00,62.02,57.437,58.709,55.529,64.825,1.0,1.0
2024-08-06 13:28:05,62.02,57.437,58.709,55.529,64.825,1.0,1.0
2024-08-06 13:28:10,62.02,57.437,58.709,55.529,64.825,1.0,1.0
2024-08-06 13:28:15,62.02,57.437,58.709,55.529,64.825,1.0,1.0
2024-08-06 13:28:20,62.02,57.437,58.709,55.529,64.825,1.0,1.0
2024-08-06 13:28:25,62.02,57.437,58.709,55.529,64.825,1.0,1.0
2024-08-06 13:28:30,62.02,57.437,58.709,55.529,64.825,1.0,1.0
2024-08-06 13:28:35,62.02,57.437,58.709,55.529,64.825,1.0,1.0
2024-08-06 13:28:40,62.02,57.437,58.709,55.529,64.825,1.0,1.0
2024-08-06 13:28:45,62.02,57.437,58.709,55.529,64.825,1.0,1.0
2024-08-06 13:28:50,62.02,57.437,58.709,55.529,64.825,1.0,1.0
2024-08-06 13:28:55,62.02,57.437,58.709,55.529,64.825,1.0,1.0
2024-08-06 13:29:00,62.02,57.437,58.709,55.529,64.825,1.0,1.0
2024-08-06 13:29:05,62.02,57.437,58.709,55.529,64.825,1.0,1.0
2024-08-06 13:29:10,62.02,57.437,58.709,55.529,64.825,1.0,1.0
2024-08-06 13:29:15,62.02,57.437,58.709,55.529,64.825,1.0,1.0
2024-08-06 13:29:20,62.02,57.437,58.709,55.529,64.825,1.0,1.0
2024-08-06 13:29:25,62.02,57.437,58.709,55.529,64.825,1.0,1.0
2024-08-06 13:29:30,62.02,57.437,58.709,55.529,64.825,1.0,1.0
2024-08-06 13:29:35,62.02,57.437,58.709,55.529,64.825,1.0,1.0
2024-08-06 13:29:40,62.02,57.437,58.709,55.529,64.825,1.0,1.0
2024-08-06 13:29:45,62.02,57.437,58.709,55.529,64.825,1.0,1.0
2024-08-06 13:29:50,62.02,57.437,58.709,55.529,64.825,1.0,1.0
2024-08-06 13:29:55,62.02,57.437,58.709,55.529,64.825,1.0,1.0
