{
    "tagnames": [
        "3370-02-AI079",
        "3370-02-DTGATE-AI002",
        "3370-02-G-MODE",
        "3370-02-P-MODE",
        "3370-02-AI078-1",
        "3370-02-AI024",
        "3370-02-AI025",
        "3370-02-AI026",
        "3370-02-AI027",
        "3370-02-AI028",
        "3370-02-AI029"
    ],
    "target_tagnames": [
        "3370-02-AI079",
        "3370-02-DTGATE-AI002",
        "3370-02-G-MODE",
        "3370-02-P-MODE",
        "3370-02-AI078-1",
        "3370-02-AI024",
        "3370-02-AI025",
        "3370-02-AI026",
        "3370-02-AI027",
        "3370-02-AI028",
        "3370-02-AI029"
    ],
    "data_params": {
        "sampling_interval_seconds": 5,
        "durations": [
            {
                "start": "2023-11-25 00:00:02.486",
                "end": "2023-12-19 22:21:04.122"
            },
            {
                "start": "2023-12-21 00:21:59.083",
                "end": "2023-12-26 04:39:41.679"
            },
            {
                "start": "2023-12-27 00:53:44.427",
                "end": "2024-05-09 05:00:27.480"
            },
            {
                "start": "2024-05-20 21:23:39.847",
                "end": "2024-05-28 17:16:56.793"
            },
            {
                "start": "2024-07-15 18:37:33.435",
                "end": "2024-08-29 16:48:51.297"
            },
            {
                "start": "2024-08-30 21:43:12.366",
                "end": "2024-09-01 19:58:10.076"
            },
            {
                "start": "2024-09-03 03:45:57.251",
                "end": "2024-09-04 00:00:00.000"
            }
        ]
    },
    "model_params": {
        "window_size": 8,
        "scaler_type": "MinMaxScaler",
        "optimizer_type": "ADAM"
    },
    "hyper_params": {
        "num_epochs": 300,
        "batch_size": 1024,
        "learning_rate": 0.001,
        "early_stop_patience": 9223372036854775807
    }
}