{
    "tagnames": [
        "3370-02-G-MODE",
        "3370-02-AI064",
        "3370-02-AI065",
        "3370-02-P-MODE",
        "3370-02-AI063",
        "3370-02-AI066",
        "3370-02-AI064-3",
        "3370-02-AI066-5",
        "3370-02-AI007",
        "3370-02-AI008",
        "3370-02-AI009",
        "3370-02-AI013",
        "3370-02-AI014",
        "3370-02-AI015"
    ],
    "target_tagnames": [
        "3370-02-G-MODE",
        "3370-02-AI064",
        "3370-02-AI065",
        "3370-02-P-MODE",
        "3370-02-AI063",
        "3370-02-AI066",
        "3370-02-AI064-3",
        "3370-02-AI066-5",
        "3370-02-AI007",
        "3370-02-AI008",
        "3370-02-AI009",
        "3370-02-AI013",
        "3370-02-AI014",
        "3370-02-AI015"
    ],
    "data_params": {
        "sampling_interval_seconds": 5,
        "durations": [
            {
                "start": "2023-11-24 17:20:30",
                "end": "2024-02-24 00:00:00"
            }
        ]
    },
    "model_params": {
        "window_size": 8,
        "scaler_type": "MinMaxScaler",
        "optimizer_type": "ADAM"
    },
    "hyper_params": {
        "num_epochs": 300,
        "batch_size": 1024,
        "learning_rate": 0.001,
        "early_stop_patience": 9223372036854775807
    }
}