Timestamp,3370-02-AI060,3370-02-AI060-1,3370-02-AI061,3370-02-AI061-1,3370-02-AI062
 2024-08-05 00:00:00,28.177,0.378,28.303,27.799,28.303
 2024-08-05 00:09:20,28.303,0.378,28.429,27.925,28.429
 2024-08-05 00:09:58,28.177,0.504,28.303,28.177,28.303
 2024-08-05 00:50:14,28.555,0.504,28.555,28.303,28.555
 2024-08-05 01:02:52,28.681,0.378,28.555,28.555,28.681
 2024-08-05 01:02:59,28.555,0.504,28.681,28.934,28.555
 2024-08-05 01:42:20,28.681,0.504,28.555,29.06,28.808
 2024-08-05 01:47:13,28.808,0.504,28.808,29.186,28.808
 2024-08-05 02:07:03,28.681,0.378,28.808,29.06,28.934
 2024-08-05 02:54:30,29.312,0.378,28.934,29.186,29.438
 2024-08-05 03:14:18,29.438,0.505,28.808,29.312,29.564
 2024-08-05 03:14:57,29.312,0.505,29.438,29.186,29.438
 2024-08-05 03:18:49,29.564,0.378,29.564,29.312,29.564
 2024-08-05 04:06:01,29.564,0.505,29.438,27.295,29.691
 2024-08-05 04:06:47,29.691,0.378,29.691,25.782,29.564
 2024-08-05 04:12:11,29.564,0.505,29.691,25.656,29.691
 2024-08-05 06:04:20,29.691,0.378,29.564,25.782,29.817
 2024-08-05 06:04:27,29.817,0.505,29.691,25.656,29.691
 2024-08-05 06:33:02,29.691,0.378,29.817,25.782,29.817
 2024-08-05 08:45:52,29.817,0.505,29.691,25.656,29.564
 2024-08-05 08:50:54,27.042,1.514,29.817,25.782,26.538
 2024-08-05 08:58:52,28.177,3.026,29.943,25.656,27.168
 2024-08-05 09:01:03,28.051,2.017,27.925,25.782,27.042
 2024-08-05 09:01:19,27.799,2.395,29.186,25.656,27.168
 2024-08-05 09:04:56,27.925,2.269,29.06,26.286,26.916
 2024-08-05 16:02:53,28.051,2.143,28.555,28.177,27.042
 2024-08-05 16:09:41,26.16,2.269,28.429,29.06,26.286
 2024-08-05 16:59:00,28.429,2.143,26.286,25.908,28.681
 2024-08-05 17:00:25,28.555,2.269,28.303,26.034,28.808
 2024-08-05 17:09:08,29.186,1.134,28.429,32.846,29.438
 2024-08-05 17:11:59,28.051,0.126,29.186,26.034,27.168
 2024-08-05 17:45:52,28.177,0.126,28.681,26.412,27.168
 2024-08-05 20:02:24,28.681,0,28.808,28.177,27.295
 2024-08-05 20:02:32,28.555,2.648,28.681,28.429,27.168
 2024-08-05 20:17:12,28.681,2.017,28.808,29.06,27.421
 2024-08-05 20:52:09,26.538,2.395,28.681,29.186,27.421
 2024-08-05 21:02:19,26.664,2.647,29.186,29.564,27.295
 2024-08-05 21:28:59,26.538,2.521,29.06,29.691,27.421
 2024-08-05 21:54:11,28.681,1.513,28.934,29.564,26.538
 2024-08-05 22:11:33,28.808,0.504,26.664,29.691,26.664
 2024-08-05 22:55:16,29.438,0.252,26.79,29.691,28.681
 2024-08-05 23:00:33,29.564,0.378,26.664,29.564,28.808
 2024-08-05 23:00:48,29.438,0.504,28.681,29.691,28.681
 2024-08-05 23:59:33,29.943,0.378,28.808,29.438,29.564
 2024-08-06 00:12:24,30.069,0.505,28.681,28.429,29.691
 2024-08-06 00:13:41,29.943,0.378,29.564,28.303,29.564
 2024-08-06 00:40:02,30.069,0.378,29.438,28.555,29.943
 2024-08-06 00:43:00,30.195,0.505,29.564,28.681,29.943
 2024-08-06 01:06:24,30.069,0.505,29.438,28.808,30.069
 2024-08-06 01:06:31,29.943,0.378,29.943,29.438,29.943
 2024-08-06 01:14:30,28.808,0.505,29.943,29.312,30.069
 2024-08-06 02:26:17,28.681,0.378,30.069,28.429,30.195
 2024-08-06 02:29:53,28.808,0.505,29.943,28.303,30.069
 2024-08-06 02:59:43,28.681,0.378,30.195,28.177,30.069
 2024-08-06 02:59:59,28.808,0.631,30.069,28.051,30.195
 2024-08-06 03:04:51,28.681,0.505,30.195,28.177,30.069
 2024-08-06 03:59:55,28.934,0.631,30.069,28.051,30.069
 2024-08-06 04:02:45,29.06,0.378,30.195,28.177,29.943
 2024-08-06 04:02:53,28.934,0.504,30.321,28.051,30.069
 2024-08-06 04:39:32,29.186,0.504,30.195,28.177,28.934
 2024-08-06 05:03:43,29.186,0.504,30.069,26.286,28.808
 2024-08-06 05:04:37,29.312,0.504,30.195,26.034,28.934
 2024-08-06 05:07:57,29.186,0.505,28.934,26.16,28.808
 2024-08-06 06:42:53,29.817,0.378,28.808,26.034,28.934
 2024-08-06 06:43:01,29.943,0.378,28.934,26.16,28.808
 2024-08-06 06:52:24,28.681,0.505,28.808,26.286,29.06
 2024-08-06 07:06:41,28.555,0.378,28.934,26.16,29.186
 2024-08-06 07:06:48,28.681,0.631,28.808,26.286,29.06
 2024-08-06 07:57:44,28.555,0.631,29.06,26.79,29.312
 2024-08-06 07:58:54,28.429,0.504,29.186,28.177,29.312
 2024-08-06 08:10:05,28.555,0.378,29.06,28.303,29.438
 2024-08-06 08:53:25,28.429,0.504,29.312,28.555,29.943
 2024-08-06 09:21:12,28.555,0.378,29.312,28.681,29.817
 2024-08-06 09:50:39,28.555,0.504,29.438,28.934,28.808
 2024-08-06 10:03:47,28.681,0.378,29.943,29.06,28.681
 2024-08-06 10:04:11,28.051,0.504,29.817,26.034,28.808
 2024-08-06 10:05:51,28.555,0.378,29.943,26.16,28.681
 2024-08-06 12:06:48,28.429,0.504,28.808,26.538,28.555
 2024-08-06 12:07:03,28.177,0.378,28.681,29.312,28.681
 2024-08-06 12:59:02,28.681,1.765,28.808,29.691,28.681
 2024-08-06 13:00:11,28.429,2.899,28.681,26.034,28.555
 2024-08-06 13:09:58,28.303,2.395,28.555,26.16,28.681
 2024-08-06 13:33:24,28.177,2.143,28.681,27.168,28.555
 2024-08-06 16:46:58,28.808,2.395,28.555,28.429,28.681
 2024-08-06 16:47:13,28.934,2.143,28.681,29.564,28.555
 2024-08-06 16:49:17,28.808,2.269,28.555,29.438,28.681
 2024-08-06 17:02:55,28.808,2.647,28.681,29.312,28.808
 2024-08-06 17:06:55,28.934,2.774,28.555,29.564,27.042
 2024-08-06 17:37:32,26.664,2.647,28.555,29.691,27.421
 2024-08-06 18:04:49,26.79,2.774,28.681,26.286,27.295
 2024-08-06 18:14:51,28.555,0.504,28.555,26.412,27.421
 2024-08-06 18:42:38,28.681,0.504,28.681,26.286,27.295
 2024-08-06 19:15:19,28.555,0.126,28.808,26.412,27.421
 2024-08-06 19:15:26,29.06,0.504,28.303,26.286,27.295
 2024-08-06 19:47:36,29.06,0.504,29.186,26.412,27.547
 2024-08-06 22:37:38,29.186,0.378,29.06,26.286,27.421
 2024-08-06 22:42:55,29.06,0.504,29.186,26.412,26.79
 2024-08-06 23:07:46,29.312,0.505,28.555,26.286,26.916
 2024-08-06 23:57:35,29.312,0.505,28.808,26.412,28.681
 2024-08-07 00:07:30,29.438,0.505,28.934,26.412,28.808
 2024-08-07 00:07:46,29.312,1.639,28.808,26.286,28.681
 2024-08-07 00:33:23,29.438,2.774,29.186,26.412,29.06
 2024-08-07 00:36:12,29.312,2.269,29.312,26.412,29.06
 2024-08-07 01:13:10,27.421,2.143,29.186,26.916,29.186
 2024-08-07 01:14:58,28.303,0.504,29.312,28.934,29.06
 2024-08-07 01:56:41,28.177,0.504,29.186,29.06,29.438
 2024-08-07 02:53:17,28.303,0,29.312,29.186,29.564
 2024-08-07 02:59:28,28.177,0.126,29.186,29.312,29.438
 2024-08-07 03:00:07,28.303,0.505,29.312,29.186,29.564
 2024-08-07 03:06:25,28.429,0.378,26.79,29.312,27.042
 2024-08-07 03:21:29,26.538,2.648,26.916,29.186,27.295
 2024-08-07 06:39:02,26.664,1.639,26.79,27.295,27.547
 2024-08-07 06:39:10,26.538,2.269,28.681,26.286,27.799
 2024-08-07 06:45:14,29.943,2.017,28.555,26.79,26.664
 2024-08-07 07:06:20,30.069,2.017,28.681,28.681,26.79
 2024-08-07 07:57:49,27.421,2.143,29.06,29.438,30.069
 2024-08-07 08:08:07,28.681,2.017,29.06,29.817,30.195
 2024-08-07 08:51:53,28.555,2.143,29.186,29.564,26.916
 2024-08-07 08:59:06,28.051,2.017,29.06,29.312,27.547
 2024-08-07 09:00:31,28.051,2.143,29.438,29.06,27.421
 2024-08-07 09:07:51,28.177,2.017,29.564,29.186,27.168
 2024-08-07 10:00:00,28.051,1.134,29.438,27.421,27.295
 2024-08-07 10:00:15,28.051,0,29.564,26.412,27.168
 2024-08-07 10:01:31,28.177,0.252,29.438,26.538,27.295
 2024-08-07 10:58:01,28.051,0.378,28.177,26.916,27.168
 2024-08-07 11:00:20,28.051,-24.189,29.817,29.186,27.295
 2024-08-07 11:09:53,28.177,0.378,28.934,29.312,27.168
 2024-08-07 11:59:57,28.051,0.505,28.808,29.438,27.168
 2024-08-07 12:00:13,28.177,0.378,26.664,29.312,27.295
 2024-08-07 12:29:50,28.051,0.378,26.79,29.438,27.168
 2024-08-07 12:59:27,28.177,0.505,26.664,29.564,27.168
 2024-08-07 13:00:21,28.051,0.378,29.943,29.438,27.295
 2024-08-07 13:04:13,28.177,3.026,30.069,29.564,27.168
 2024-08-07 13:58:48,26.538,2.269,30.195,29.438,27.168
 2024-08-07 14:00:13,28.177,2.395,28.177,29.312,27.295
 2024-08-07 14:29:57,28.303,2.269,29.564,29.438,27.168
 2024-08-07 14:57:31,30.069,2.395,29.438,29.438,27.295
 2024-08-07 15:00:44,29.943,2.395,28.681,29.312,27.168
 2024-08-07 15:29:58,29.817,2.269,28.555,27.421,27.295
 2024-08-07 15:55:51,29.691,2.521,26.664,25.908,27.168
 2024-08-07 16:01:16,30.069,2.017,28.051,26.412,27.295
 2024-08-07 16:20:42,29.943,2.143,28.177,26.286,26.538
 2024-08-07 17:00:05,30.069,1.891,30.195,26.412,28.555
 2024-08-07 17:00:52,29.943,2.269,30.069,26.286,28.681
 2024-08-07 17:43:23,30.069,2.143,29.943,26.412,30.195
 2024-08-07 17:53:30,30.195,2.395,29.817,26.286,30.069
 2024-08-07 18:01:29,28.555,0.378,30.195,26.412,29.943
 2024-08-07 18:01:44,28.681,0.504,30.069,26.286,30.069
 2024-08-07 18:18:59,28.555,0.378,30.195,26.412,29.817
 2024-08-07 18:43:56,28.681,0.126,30.069,26.286,30.069
 2024-08-07 19:01:35,28.808,0.378,30.069,26.412,30.195
 2024-08-07 19:08:47,28.681,0.505,30.195,26.916,30.069
 2024-08-07 20:13:22,28.808,0.378,29.186,26.286,30.195
 2024-08-07 20:52:27,28.681,0.505,29.312,26.664,27.547
 2024-08-07 21:06:20,28.808,0.378,29.186,27.042,27.673
 2024-08-07 21:06:44,28.303,0.505,29.312,28.808,27.547
 2024-08-07 21:52:39,28.429,0.505,29.186,29.06,27.673
 2024-08-07 22:03:38,28.303,0.378,29.312,28.934,27.547
 2024-08-07 22:27:50,28.681,0.505,29.186,28.808,27.673
 2024-08-07 22:36:20,28.681,0.378,29.312,28.681,27.673
 2024-08-07 23:22:23,28.555,0.505,28.555,28.808,27.547
 2024-08-07 23:22:31,28.681,2.018,28.681,27.042,27.673
 2024-08-07 23:54:25,26.79,3.152,28.555,26.538,27.421
 2024-08-08 00:06:24,26.916,2.017,29.186,26.664,27.547
 2024-08-08 00:08:12,27.042,2.648,29.06,26.538,27.421
 2024-08-08 00:42:25,29.438,2.143,29.186,26.664,27.673
 2024-08-08 00:59:09,29.312,2.269,26.916,26.538,27.547
 2024-08-08 01:01:43,29.438,2.143,27.042,26.664,27.673
 2024-08-08 01:37:22,29.312,2.017,27.168,28.681,26.79
 2024-08-08 01:57:26,29.564,1.134,29.438,28.934,27.042
 2024-08-08 02:00:40,29.564,0.126,29.564,29.186,27.168
 2024-08-08 02:51:27,29.691,0.126,29.438,29.312,29.438
 2024-08-08 03:06:30,29.564,0.505,29.691,29.438,29.564
 2024-08-08 03:09:20,29.691,0.379,29.691,29.312,29.438
 2024-08-08 03:47:56,29.564,0.378,29.817,27.547,29.691
 2024-08-08 03:53:59,29.691,0.631,29.691,26.538,29.691
 2024-08-08 04:20:36,29.564,0.378,29.817,28.555,29.817
 2024-08-08 04:29:06,29.691,2.9,29.691,26.538,29.691
 2024-08-08 04:58:32,29.564,1.891,29.817,27.547,29.691
 2024-08-08 05:01:07,29.691,1.891,29.817,28.681,29.817
 2024-08-08 05:10:53,29.564,2.017,29.691,30.069,29.691
 2024-08-08 08:24:57,29.438,1.891,29.817,27.925,29.564
 2024-08-08 08:25:05,27.547,2.017,29.691,26.79,29.691
 2024-08-08 08:47:43,28.681,2.269,29.564,26.916,27.042
 2024-08-08 08:59:33,28.555,0.378,28.303,27.168,27.547
 2024-08-08 09:02:07,28.429,0.252,29.817,27.547,27.421
 2024-08-08 16:03:18,28.303,0.252,29.438,28.934,27.547
 2024-08-08 16:09:36,28.429,0.505,29.312,29.06,26.79
 2024-08-08 16:58:50,28.303,0.505,29.06,29.186,29.06
 2024-08-08 17:00:00,26.664,0.378,28.934,29.312,29.186
 2024-08-08 17:34:11,28.808,0.505,29.06,29.438,30.321
 2024-08-08 17:49:40,28.934,0.505,28.934,29.312,30.321
 2024-08-08 18:10:44,28.808,0.505,29.06,29.438,30.195
 2024-08-08 18:11:07,30.195,0.378,29.06,26.664,30.321
 2024-08-08 18:56:07,30.195,0.505,28.934,26.79,29.691
 2024-08-08 19:03:13,30.321,0.378,29.06,26.664,29.564
 2024-08-08 19:03:21,29.691,0.505,29.06,26.79,29.691
 2024-08-08 19:59:54,29.564,0.505,28.934,26.79,27.925
 2024-08-08 20:00:01,29.06,0.378,29.06,26.664,27.799
 2024-08-08 20:08:31,28.934,0.505,26.79,26.79,27.547
 2024-08-08 22:23:07,28.303,0.378,28.681,26.664,27.673
 2024-08-08 22:47:25,28.303,0.505,28.808,26.79,26.916
 2024-08-08 23:02:04,28.429,0.378,30.321,26.664,27.042
 2024-08-08 23:02:35,28.303,2.522,30.321,26.79,26.916
 2024-08-08 23:59:32,28.429,2.522,30.195,26.664,29.691
 2024-08-08 23:59:39,28.555,2.143,30.321,26.79,29.564
 2024-08-09 00:00:10,28.681,2.269,29.817,26.664,29.691
 2024-08-09 00:00:18,26.916,2.143,29.691,27.295,29.564
 2024-08-09 00:50:49,27.042,2.269,29.817,28.051,29.943
 2024-08-09 00:58:00,26.916,2.143,29.438,29.438,29.943
 2024-08-09 01:26:48,29.564,2.269,29.312,27.547,30.069
 2024-08-09 01:29:14,29.691,2.143,29.438,27.042,29.943
 2024-08-09 01:38:22,29.564,2.269,28.681,26.916,29.943
 2024-08-09 02:57:22,29.817,2.143,28.808,27.042,29.817
 2024-08-09 02:57:30,29.817,2.143,28.934,26.916,29.943
 2024-08-09 03:00:35,29.943,2.017,27.042,27.042,29.817
 2024-08-09 03:29:47,29.817,0.252,27.168,27.547,29.943
 2024-08-09 03:42:08,29.943,1.26,27.042,29.186,29.817
 2024-08-09 06:22:16,29.817,2.269,29.564,29.438,29.691
 2024-08-09 06:23:40,29.943,0.504,29.691,29.691,29.817
 2024-08-09 06:58:40,29.817,0.504,29.564,29.817,29.817
 2024-08-09 07:02:54,29.691,0.126,29.943,29.943,29.691
 2024-08-09 07:03:02,29.817,0.252,29.943,29.817,29.817
 2024-08-09 08:27:40,29.691,0.378,30.069,29.943,29.691
 2024-08-09 08:29:36,29.817,0.505,29.943,29.817,29.817
 2024-08-09 08:48:30,29.691,0.378,29.943,29.943,27.168
 2024-08-09 08:59:41,29.564,0.378,30.069,29.817,27.799
 2024-08-09 09:00:04,27.547,0.631,29.943,31.836,27.673
 2024-08-09 09:00:35,28.681,0.505,29.817,29.312,27.799
 2024-08-09 09:03:56,28.555,1.639,29.943,29.186,27.547
 2024-08-09 14:43:45,28.429,2.269,29.817,29.312,27.673
 2024-08-09 14:59:50,28.555,2.143,29.943,29.186,27.547
 2024-08-09 14:59:58,28.429,2.017,29.943,27.673,27.673
 2024-08-09 15:00:36,28.555,2.143,29.817,26.916,27.547
 2024-08-09 15:36:09,28.429,2.017,29.943,27.042,27.547
 2024-08-09 16:16:18,28.555,2.143,29.817,26.916,27.799
 2024-08-09 16:16:25,26.79,2.396,29.691,27.799,27.925
 2024-08-09 16:31:05,27.421,2.522,28.303,28.808,26.79
 2024-08-09 16:59:32,27.547,1.513,29.817,30.195,27.295
 2024-08-09 17:00:03,28.808,0.378,29.691,27.042,27.168
 2024-08-09 17:28:36,27.042,0.378,29.564,27.168,27.799
 2024-08-09 17:45:59,27.168,0.126,29.186,27.042,27.168
 2024-08-09 18:07:20,27.042,0.252,29.06,27.168,27.295
 2024-08-09 18:07:28,29.312,0.378,29.186,27.547,27.168
 2024-08-09 18:59:03,29.438,0.505,29.06,27.925,29.438
 2024-08-09 19:08:03,29.312,0.378,29.186,28.555,29.564
 2024-08-09 19:59:31,29.312,0.505,26.916,29.186,29.312
 2024-08-09 20:05:03,29.186,0.378,27.547,29.312,29.186
 2024-08-09 20:27:49,29.312,0.505,27.673,29.438,29.312
 2024-08-09 20:43:24,29.186,0.378,29.438,29.564,29.312
 2024-08-09 21:05:23,29.312,0.505,27.168,29.691,29.186
 2024-08-09 21:05:31,28.555,0.505,27.295,29.564,29.312
 2024-08-09 21:10:17,28.808,2.395,29.312,29.691,27.673
 2024-08-09 21:14:54,28.681,2.269,29.438,29.564,27.799
 2024-08-09 22:16:09,28.808,1.513,29.564,29.564,27.673
 2024-08-09 22:19:14,28.681,0.126,29.438,29.691,27.799
 2024-08-09 22:46:39,28.808,0,29.312,27.925,27.799
 2024-08-09 23:01:42,29.06,3.153,29.186,27.042,27.673
 2024-08-09 23:01:50,28.934,2.27,28.808,26.916,27.799
 2024-08-09 23:59:44,27.042,2.396,29.438,27.042,27.799
 2024-08-10 00:01:01,27.168,2.27,29.438,27.168,27.673
 2024-08-10 00:29:57,29.186,2.396,29.312,27.042,27.925
 2024-08-10 01:00:04,29.06,2.522,29.438,29.06,27.799
 2024-08-10 01:00:20,29.564,2.396,29.186,30.069,27.925
 2024-08-10 01:54:14,29.564,2.522,29.312,30.195,27.042
 2024-08-10 02:05:26,29.691,-0.631,29.186,30.069,27.168
 2024-08-10 02:05:41,29.564,2.522,29.312,29.943,27.042
 2024-08-10 02:54:58,29.817,2.396,29.186,29.817,29.186
 2024-08-10 03:00:30,29.817,2.522,29.312,30.069,29.312
 2024-08-10 03:00:45,29.691,1.513,29.186,29.438,29.186
 2024-08-10 03:58:30,29.817,0.252,29.564,27.168,29.691
 2024-08-10 04:11:53,29.691,0.252,29.438,27.295,29.817
 2024-08-10 04:14:50,29.564,0.505,29.564,27.547,29.691
 2024-08-10 04:15:06,27.799,0.505,27.168,29.186,29.817
 2024-08-10 06:13:58,28.808,0.505,27.295,29.564,29.691
 2024-08-10 06:14:44,28.681,0.378,29.186,30.069,29.817
 2024-08-10 06:59:45,27.042,0.505,29.312,30.195,29.691
 2024-08-10 07:00:39,27.925,0.378,29.691,30.069,29.817
 2024-08-10 07:29:21,28.051,0.505,29.817,30.195,29.691
 2024-08-10 07:59:03,30.448,0.378,29.691,26.79,29.691
 2024-08-10 08:02:24,30.195,0.505,29.943,27.168,29.817
 2024-08-10 08:37:55,30.069,0.378,29.817,27.295,27.295
 2024-08-10 08:50:08,29.06,3.152,29.691,27.168,27.799
 2024-08-10 16:14:16,29.06,2.143,28.429,27.295,27.925
 2024-08-10 16:14:32,29.186,2.269,29.943,27.547,28.303
 2024-08-10 16:21:59,29.06,2.396,29.438,28.051,27.042
 2024-08-10 16:59:49,29.186,2.396,29.312,30.321,28.177
 2024-08-10 17:00:51,29.312,2.27,27.168,30.195,28.303
 2024-08-10 17:42:56,29.186,2.396,27.925,30.069,30.448
 2024-08-10 18:00:02,29.312,2.27,28.051,29.943,29.312
 2024-08-10 18:00:10,29.186,2.396,30.574,29.817,29.186
 2024-08-10 18:06:21,29.312,2.27,30.448,29.691,28.051
 2024-08-10 20:41:35,29.312,2.396,30.321,29.817,28.177
 2024-08-10 20:59:21,29.186,2.143,29.564,55.275,28.051
 2024-08-10 21:00:23,29.312,2.269,29.691,29.691,28.177
 2024-08-10 21:04:53,29.186,2.143,29.564,29.817,28.051
 2024-08-10 21:55:44,29.312,2.269,29.691,27.547,28.177
 2024-08-10 22:01:31,29.186,2.143,29.691,27.421,28.051
 2024-08-10 22:24:03,29.312,2.143,29.817,27.547,28.177
 2024-08-10 22:57:54,27.295,2.269,29.691,27.421,28.051
 2024-08-10 23:00:36,27.673,1.891,29.817,27.547,28.177
 2024-08-10 23:29:04,27.799,0.126,29.691,27.421,28.051
 2024-08-10 23:57:46,27.673,0,29.817,27.547,28.051
 2024-08-11 00:11:10,29.312,2.017,29.691,27.925,28.177
 2024-08-11 00:28:55,29.438,2.017,29.817,28.303,27.295
 2024-08-11 00:57:55,29.312,2.144,29.691,29.06,27.799
 2024-08-11 01:01:36,29.691,1.891,29.691,29.943,27.925
 2024-08-11 01:55:32,29.817,2.017,29.564,30.069,29.438
 2024-08-11 02:20:07,29.691,2.27,27.421,30.195,29.564
 2024-08-11 02:20:14,29.691,2.017,27.799,30.321,29.438
 2024-08-11 02:46:14,29.817,2.27,27.673,30.448,29.691
 2024-08-11 02:47:55,29.691,2.27,29.438,30.321,29.691
 2024-08-11 03:05:17,29.691,2.144,29.564,30.448,29.817
 2024-08-11 03:05:24,29.817,2.27,29.438,30.321,29.691
 2024-08-11 03:07:59,29.691,2.144,29.691,30.195,29.817
 2024-08-11 06:32:46,29.817,2.522,29.691,30.321,29.943
 2024-08-11 06:57:28,29.943,2.396,29.817,27.421,29.817
 2024-08-11 07:16:23,27.799,2.522,29.691,27.673,29.943
 2024-08-11 07:45:27,29.06,0.504,29.817,28.681,27.421
 2024-08-11 07:59:14,28.934,0.504,29.943,27.421,27.925
 2024-08-11 08:15:18,29.06,0.126,29.817,27.547,28.051
 2024-08-11 08:29:43,29.06,0.505,29.943,29.438,27.925
 2024-08-11 08:59:10,28.934,0.505,29.817,29.564,28.051
 2024-08-11 09:00:04,29.06,0.505,29.943,28.051,27.925
 2024-08-11 09:29:16,28.934,0.378,29.817,27.673,28.051
 2024-08-11 09:59:07,29.06,0.505,29.943,27.547,28.051
 2024-08-11 10:00:47,28.934,0.379,29.817,27.673,27.925
 2024-08-11 10:29:36,29.06,0.505,28.429,27.547,28.051
 2024-08-11 10:59:35,28.934,0.379,30.069,27.547,28.051
 2024-08-11 11:00:44,28.808,0.505,29.691,27.673,27.925
 2024-08-11 11:29:42,28.934,0.505,29.564,27.547,28.051
 2024-08-11 11:59:56,28.808,0.379,29.691,27.673,28.051
 2024-08-11 12:00:04,28.934,0.505,29.691,27.547,27.925
 2024-08-11 12:29:31,27.168,0.379,29.564,27.673,28.051
 2024-08-11 12:59:06,27.925,0.505,29.691,27.547,28.051
 2024-08-11 13:02:34,28.051,0.631,29.691,27.547,27.925
 2024-08-11 13:09:08,29.817,0.378,29.564,27.673,28.051
 2024-08-11 13:25:51,29.06,0.505,29.691,27.547,27.925
 2024-08-11 14:31:13,28.934,0.378,29.564,27.673,28.051
 2024-08-11 14:50:07,29.186,0.378,29.691,28.051,27.925
 2024-08-11 16:01:23,29.06,0.505,29.564,30.321,28.051
 2024-08-11 16:01:31,28.934,1.766,29.564,30.448,28.303
 2024-08-11 16:29:40,29.312,2.9,29.438,30.321,27.168
 2024-08-11 16:57:36,29.186,-40.986,29.564,30.448,28.051
 2024-08-11 17:00:03,29.312,2.144,29.438,30.321,28.177
 2024-08-11 17:38:15,29.06,2.017,29.564,30.448,29.943
 2024-08-11 17:48:25,29.312,2.144,27.295,29.943,28.051
 2024-08-11 17:52:09,29.186,2.017,27.925,29.817,28.177
 2024-08-11 18:06:25,29.06,2.144,28.051,29.943,28.051
 2024-08-11 18:20:19,29.564,2.017,29.943,29.817,28.177
 2024-08-11 18:43:28,29.438,1.009,29.691,28.051,28.177
 2024-08-11 19:05:59,29.564,0.126,29.564,27.547,28.051
 2024-08-11 19:55:24,27.421,0.126,29.691,27.673,28.303
 2024-08-11 19:56:26,27.547,3.153,29.691,29.691,28.177
 2024-08-11 20:12:38,27.421,2.27,29.564,30.448,28.303
 2024-08-11 20:25:22,29.564,2.144,29.817,31.205,28.177
 2024-08-11 20:59:36,29.691,2.396,29.817,31.079,28.177
 2024-08-11 21:03:19,30.069,2.27,29.691,30.826,28.303
 2024-08-11 21:29:57,30.195,2.396,29.943,30.321,28.177
 2024-08-11 21:32:47,30.069,2.522,29.817,30.195,28.303
 2024-08-11 22:40:43,30.321,2.396,29.943,30.069,28.177
 2024-08-11 22:46:15,30.321,2.522,29.691,30.195,27.547
 2024-08-11 23:08:38,30.448,2.396,29.943,30.069,27.673
 2024-08-11 23:08:46,30.321,2.522,29.817,29.943,27.547
 2024-08-11 23:55:35,30.321,1.513,27.547,30.069,29.691
 2024-08-12 00:01:30,30.448,0.252,27.673,29.943,29.817
 2024-08-12 00:37:08,30.321,0.252,27.547,29.817,30.195
 2024-08-12 00:39:50,30.195,0.252,29.691,29.943,30.195
 2024-08-12 01:28:58,30.321,0.505,29.817,29.691,30.321
 2024-08-12 01:29:06,30.195,0.378,30.195,29.817,30.195
 2024-08-12 01:45:27,30.321,0.378,30.195,29.564,30.448
 2024-08-12 04:18:29,30.195,0.505,30.321,29.943,30.321
 2024-08-12 04:24:09,30.321,0.378,30.195,30.195,30.448
 2024-08-12 05:59:35,29.817,0.505,30.448,30.321,30.321
 2024-08-12 05:59:42,29.691,0.378,30.448,30.448,30.448
 2024-08-12 06:10:07,29.817,0.505,30.321,30.574,30.321
 2024-08-12 06:14:45,29.564,0.505,30.448,30.448,30.448
 2024-08-12 06:32:23,29.691,0.505,30.321,30.574,30.321
 2024-08-12 08:38:18,29.564,0.378,30.448,30.448,30.195
 2024-08-12 08:59:23,29.691,0.505,30.321,30.574,30.321
 2024-08-12 09:00:56,29.564,2.018,30.195,30.448,30.195
 2024-08-12 09:09:25,29.438,3.027,29.943,28.303,30.321
 2024-08-12 09:52:54,27.925,0.63,29.817,26.79,29.817
 2024-08-12 10:13:22,29.564,1.639,29.943,27.547,29.691
 2024-08-12 10:13:30,28.934,2.27,29.691,27.673,29.817
 2024-08-12 10:30:13,29.06,2.017,29.691,27.547,29.691
 2024-08-12 12:08:46,28.934,2.144,29.817,27.673,29.564
 2024-08-12 12:12:37,29.06,2.017,29.691,27.547,27.673
 2024-08-12 12:24:43,28.934,1.009,29.564,27.673,28.051
 2024-08-12 16:09:18,29.06,0.126,28.555,27.547,28.177
 2024-08-12 16:17:24,28.934,0.126,30.069,27.673,27.421
 2024-08-12 16:59:05,29.06,0.252,29.564,27.673,29.06
 2024-08-12 17:00:22,28.934,0.505,29.438,27.547,29.186
 2024-08-12 17:34:27,29.06,0.505,29.564,27.673,30.826
 2024-08-12 17:44:13,27.421,0.505,29.438,27.547,28.429
 2024-08-12 18:14:57,28.808,0.505,29.564,27.673,28.303
 2024-08-12 18:28:05,28.934,0.379,29.438,27.547,28.429
 2024-08-12 19:49:28,30.7,0.505,29.564,27.673,28.555
 2024-08-12 19:56:40,29.438,1.766,29.438,27.547,28.429
 2024-08-12 20:06:19,29.312,3.027,29.564,27.673,28.555
 2024-08-12 20:06:35,29.564,2.27,29.564,27.547,28.429
 2024-08-12 20:56:44,29.564,2.396,29.438,27.673,28.429
 2024-08-12 21:06:39,29.438,2.144,29.564,28.177,28.555
 2024-08-12 21:23:50,29.564,2.27,27.547,28.808,28.429
 2024-08-12 21:59:43,29.691,2.018,28.681,30.069,28.429
 2024-08-12 22:04:07,29.564,2.27,28.808,30.826,28.555
 2024-08-12 22:04:15,29.564,2.522,30.826,27.673,28.429
 2024-08-12 22:59:56,29.691,2.144,30.069,27.799,28.555
 2024-08-12 23:00:11,29.564,2.522,29.943,27.925,28.429
 2024-08-12 23:14:12,29.691,1.387,30.195,27.799,27.673
 2024-08-12 23:58:04,29.564,0.378,30.069,66.61,28.681
 2024-08-13 00:00:38,27.673,0.504,30.195,27.799,28.808
 2024-08-13 00:58:54,28.555,-1.009,30.069,28.429,29.817
 2024-08-13 01:31:49,28.681,0.252,30.195,28.934,29.943
 2024-08-13 01:32:12,29.691,0.505,30.069,30.448,29.817
 2024-08-13 01:33:52,29.817,0.505,27.673,30.574,29.943
 2024-08-13 02:00:30,29.691,0.379,28.555,30.7,30.069
 2024-08-13 02:00:38,29.943,0.505,28.681,30.826,29.943
 2024-08-13 02:03:42,29.943,0.379,29.817,30.7,30.069
 2024-08-13 06:59:16,30.069,0.505,29.943,30.826,30.195
 2024-08-13 06:59:32,29.943,0.379,29.817,30.7,30.069
 2024-08-13 07:03:54,30.069,0.505,30.069,27.673,30.195
 2024-08-13 07:04:48,29.943,0.379,30.069,27.799,30.069
 2024-08-13 07:31:18,29.943,0.505,30.195,27.673,30.195
 2024-08-13 08:39:59,30.069,0.379,30.069,27.799,30.069
 2024-08-13 08:52:51,29.943,0.505,30.195,27.673,27.421
 2024-08-13 08:59:17,29.943,0.379,30.069,27.799,27.673
 2024-08-13 09:00:34,30.069,0.505,30.195,28.303,27.799
 2024-08-13 09:04:18,29.943,2.649,30.069,29.943,28.555
 2024-08-13 09:11:22,30.069,2.648,27.799,30.826,28.177
 2024-08-13 12:22:25,29.943,2.018,28.051,31.205,28.303
 2024-08-13 12:22:56,27.547,2.144,28.177,68.908,28.177
 2024-08-13 12:58:34,27.925,2.144,30.321,31.079,28.303
 2024-08-13 13:00:14,28.051,2.018,29.691,31.205,28.177
 2024-08-13 13:15:33,29.564,0.504,29.564,30.952,27.547
 2024-08-13 13:58:15,29.06,0.378,27.673,30.574,30.195
 2024-08-13 14:00:34,29.186,0,29.943,28.934,30.321
 2024-08-13 14:12:24,29.06,0.505,30.069,27.673,30.7
 2024-08-13 14:49:35,29.186,0.379,30.7,27.799,30.574
 2024-08-13 15:20:58,29.06,0.505,30.574,27.673,30.448
 2024-08-13 15:21:06,27.547,0.505,30.448,27.799,30.574
 2024-08-13 15:29:28,29.943,0.379,30.574,27.673,30.448
 2024-08-13 16:00:38,30.069,0.505,30.448,27.673,30.321
 2024-08-13 16:52:06,30.7,0.379,30.574,27.799,30.574
 2024-08-13 17:05:52,30.574,0.505,30.448,27.673,30.7
 2024-08-13 17:12:03,30.448,0.505,30.574,27.799,28.429
 2024-08-13 17:43:26,30.574,0.379,30.7,27.673,28.555
 2024-08-13 20:16:24,30.321,0.505,29.817,27.799,28.681
 2024-08-13 20:20:31,30.321,0.505,30.195,27.673,28.429
 2024-08-13 20:58:43,30.448,0.379,30.321,27.799,28.429
 2024-08-13 21:18:48,30.321,0.505,30.195,28.177,28.555
 2024-08-13 21:38:37,30.574,0.379,30.195,28.934,28.681
 2024-08-13 21:52:31,30.448,2.774,30.321,30.195,28.429
 2024-08-13 21:53:40,29.312,2.27,29.691,30.952,28.555
 2024-08-13 22:02:47,29.564,2.396,29.817,27.799,28.681
 2024-08-13 22:56:29,29.691,2.522,29.691,28.051,27.925
 2024-08-13 23:02:48,29.564,2.396,29.564,27.925,27.799
 2024-08-13 23:59:42,29.691,2.396,30.321,28.051,29.943
 2024-08-14 00:05:08,29.564,2.396,29.943,27.925,30.069
 2024-08-14 00:50:58,29.312,2.018,30.069,28.051,30.574
 2024-08-14 00:57:35,29.312,2.018,30.448,27.925,30.574
 2024-08-14 01:03:30,29.438,2.396,28.303,28.051,30.448
 2024-08-14 01:44:05,29.312,0.252,28.177,27.925,30.7
 2024-08-14 01:48:35,29.817,0.126,27.925,28.051,30.7
 2024-08-14 03:41:53,29.564,0.505,29.817,27.925,30.574
 2024-08-14 03:59:54,29.691,0.379,29.943,28.051,30.7
 2024-08-14 04:00:02,29.943,0.379,29.817,27.925,30.574
 2024-08-14 04:09:10,27.925,0.505,30.574,27.925,30.7
 2024-08-14 04:59:53,27.799,0.505,30.574,28.051,30.7
 2024-08-14 05:00:01,29.817,0.379,30.7,27.925,30.574
 2024-08-14 05:03:52,29.943,0.505,30.574,28.051,30.7
 2024-08-14 05:57:32,30.448,0.379,30.7,27.925,30.7
 2024-08-14 07:08:42,30.448,0.505,30.574,28.051,30.574
 2024-08-14 07:29:57,30.574,0.379,30.7,27.925,30.7
 2024-08-14 07:49:31,30.448,0.505,30.574,28.051,30.574
 2024-08-14 08:36:45,30.574,0.379,30.7,27.925,30.448
 2024-08-14 08:41:46,30.448,0.505,28.934,29.312,27.925
 2024-08-14 08:56:50,28.429,0.379,29.943,29.817,28.429
 2024-08-14 10:27:11,29.312,2.775,30.069,30.069,28.555
 2024-08-14 10:32:12,29.438,0.378,27.925,30.195,28.934
 2024-08-14 10:39:48,29.312,0.252,28.051,30.448,27.799
 2024-08-14 10:57:57,29.438,1.513,28.177,30.321,28.051
 2024-08-14 11:00:23,29.312,0.504,30.826,30.448,28.177
 2024-08-14 11:00:39,29.438,0.252,30.7,30.574,28.051
 2024-08-14 11:42:47,27.799,0.126,30.826,30.448,30.826
 2024-08-14 12:07:45,27.925,0.505,30.574,28.303,30.7
 2024-08-14 12:09:49,28.051,0.378,30.574,27.799,30.826
 2024-08-14 12:39:50,27.925,0.505,30.448,27.925,30.574
 2024-08-14 12:47:18,30.7,0.378,30.574,28.555,30.574
 2024-08-14 13:25:10,30.574,0.505,30.448,29.438,30.448
 2024-08-14 13:25:17,30.7,0.378,30.321,30.574,30.574
 2024-08-14 13:36:06,30.574,-0.126,30.448,31.331,30.448
 2024-08-14 14:16:16,30.448,0.505,30.321,31.205,30.321
 2024-08-14 14:16:24,30.574,0.631,30.448,30.826,30.448
 2024-08-14 14:34:27,30.321,2.27,30.321,30.7,30.321
 2024-08-14 15:17:27,30.321,2.396,30.195,30.574,30.195
 2024-08-14 15:19:46,30.195,2.27,30.321,30.448,30.321
 2024-08-14 15:44:13,30.321,2.018,30.195,30.321,30.195
 2024-08-14 17:15:55,30.195,1.892,30.321,30.574,30.069
 2024-08-14 17:17:43,30.321,2.018,29.943,30.448,28.555
 2024-08-14 17:29:18,30.195,2.144,30.448,30.826,28.808
 2024-08-14 19:15:10,30.069,2.018,30.574,30.952,28.681
 2024-08-14 19:18:07,30.195,2.144,30.448,30.826,28.808
 2024-08-14 20:06:53,30.195,2.018,30.448,30.952,28.681
 2024-08-14 20:12:17,30.069,2.144,30.321,31.079,28.555
 2024-08-14 20:24:08,30.195,2.144,30.574,31.205,28.681
 2024-08-14 21:57:42,29.564,2.018,30.574,31.079,28.808
 2024-08-14 22:06:27,29.817,2.27,30.448,30.952,28.934
 2024-08-14 22:15:43,29.943,2.018,29.817,27.168,28.051
 2024-08-14 22:59:21,29.817,2.27,29.943,28.177,29.06
 2024-08-14 23:00:54,29.943,0.504,29.817,28.051,29.186
 2024-08-14 23:59:04,29.817,0.378,30.321,28.555,30.574
 2024-08-15 00:34:21,29.943,0.126,30.448,31.331,30.7
 2024-08-15 00:39:53,29.817,0.505,30.574,31.583,30.574
 2024-08-15 00:49:55,29.438,0.379,28.051,31.331,30.7
 2024-08-15 01:16:18,29.564,0.505,28.808,31.079,30.826
 2024-08-15 01:16:41,29.691,0.379,28.934,30.826,30.7
 2024-08-15 01:17:20,29.943,0.505,30.574,30.952,30.826
 2024-08-15 02:04:58,30.069,0.379,30.7,30.826,30.952
 2024-08-15 02:26:05,28.051,0.505,30.574,30.7,30.826
 2024-08-15 02:41:47,28.808,0.379,30.7,30.574,30.826
 2024-08-15 06:59:44,28.934,0.505,30.826,30.321,30.7
 2024-08-15 06:59:52,30.448,0.505,30.7,30.448,30.826
 2024-08-15 07:12:04,30.574,0.379,30.952,30.574,30.7
 2024-08-15 07:29:49,30.448,0.505,30.952,30.448,30.826
 2024-08-15 07:57:21,30.574,0.379,30.826,30.574,30.7
 2024-08-15 08:43:04,30.7,0.505,30.952,30.826,30.574
 2024-08-15 08:53:13,30.574,0.505,30.826,30.952,27.925
 2024-08-15 09:03:23,30.826,0.379,30.952,31.079,28.051
 2024-08-15 09:03:54,30.826,0.505,30.826,31.457,27.925
 2024-08-15 09:38:00,30.7,0.379,30.952,31.583,29.564
 2024-08-15 09:59:52,30.826,2.775,30.826,31.836,28.051
 2024-08-15 10:00:23,30.7,1.765,30.7,29.691,27.925
 2024-08-15 10:52:14,30.826,2.396,30.826,28.177,29.943
 2024-08-15 15:43:53,30.7,2.144,28.051,28.429,30.069
 2024-08-15 15:44:01,30.574,1.135,28.177,30.7,29.943
 2024-08-15 16:00:07,27.925,0,28.051,30.826,30.069
 2024-08-15 16:17:00,28.051,0.252,29.438,30.952,29.943
 2024-08-15 16:59:01,29.438,0.126,28.051,30.826,30.069
 2024-08-15 17:00:03,27.925,0.505,28.177,30.574,29.943
 2024-08-15 17:15:43,28.051,0.631,28.051,30.448,30.195
 2024-08-15 17:23:18,27.925,0.505,29.943,30.321,28.555
 2024-08-15 17:58:48,29.817,0.379,30.069,30.448,28.934
 2024-08-15 19:01:25,29.943,0.505,29.943,30.321,28.808
 2024-08-15 19:03:51,29.817,0.505,30.069,31.836,28.681
 2024-08-15 20:22:17,29.943,0.379,29.943,30.321,28.808
 2024-08-15 20:27:03,30.069,0.505,29.943,30.195,28.681
 2024-08-15 20:59:50,29.564,0.379,30.069,28.177,28.681
 2024-08-15 21:00:29,29.943,0.505,29.943,28.051,28.808
 2024-08-15 21:04:36,30.069,0.505,30.069,28.177,28.681
 2024-08-15 21:56:43,29.943,0.379,29.943,28.555,28.808
 2024-08-15 22:02:53,29.817,0.379,30.069,29.06,28.681
 2024-08-15 22:03:01,29.564,0.505,30.069,30.826,28.808
 2024-08-16 00:31:37,29.691,0.378,29.943,30.952,28.934
 2024-08-16 00:34:26,29.564,0.505,30.069,31.205,29.06
 2024-08-16 00:41:46,29.691,0.379,30.069,31.457,28.177
 2024-08-16 01:03:46,29.817,0.379,29.943,31.71,28.303
 2024-08-16 01:04:01,29.691,0.505,30.069,31.836,28.177
 2024-08-16 01:56:45,29.817,0.379,30.069,31.71,30.826
 2024-08-16 02:18:14,29.691,0.505,30.195,31.836,30.952
 2024-08-16 02:19:55,30.195,0.379,29.817,30.069,30.826
 2024-08-16 02:23:31,28.051,0.505,30.448,28.177,30.952
 2024-08-16 04:48:04,28.177,0.379,30.574,28.303,30.826
 2024-08-16 04:59:46,28.051,0.505,30.448,28.051,30.952
 2024-08-16 05:00:09,30.7,0.631,30.574,28.177,30.826
 2024-08-16 05:00:56,30.826,0.505,30.448,28.051,30.952
 2024-08-16 05:36:59,30.7,0.505,29.817,28.177,30.826
 2024-08-16 09:09:31,30.952,1.514,29.943,28.051,30.952
 2024-08-16 09:46:25,30.952,3.027,29.817,28.177,30.448
 2024-08-16 10:11:22,30.826,1.009,29.943,29.312,30.321
 2024-08-16 10:11:29,30.952,2.018,30.069,30.574,30.448
 2024-08-16 10:39:46,30.826,2.144,29.943,31.457,30.321
 2024-08-16 12:03:06,30.952,2.018,30.069,28.177,30.195
 2024-08-16 12:09:47,30.826,2.018,30.574,28.051,30.321
 2024-08-16 12:59:49,30.826,2.144,28.177,28.555,30.195
 2024-08-16 13:06:54,30.7,2.018,28.303,28.934,30.321
 2024-08-16 13:57:11,30.826,2.144,28.177,30.321,28.177
 2024-08-16 13:59:07,30.7,2.018,30.826,30.448,28.429
 2024-08-16 14:00:08,30.826,2.144,30.952,30.826,28.555
 2024-08-16 14:00:16,30.7,2.018,30.826,30.952,28.429
 2024-08-16 14:02:27,30.826,2.144,30.952,31.331,29.06
 2024-08-16 14:58:39,30.7,2.018,30.826,31.457,28.681
 2024-08-16 15:00:27,30.826,2.144,30.952,31.583,28.808
 2024-08-16 15:59:46,30.952,2.018,30.826,31.457,28.555
 2024-08-16 16:00:25,30.321,2.144,30.952,31.583,28.429
 2024-08-16 16:04:31,30.195,2.018,30.826,31.71,28.051
 2024-08-16 16:57:54,30.321,2.144,30.952,31.583,30.574
 2024-08-16 17:00:13,30.195,1.135,30.448,31.457,30.7
 2024-08-16 17:43:27,30.069,0.126,30.321,30.448,31.71
 2024-08-16 17:59:00,28.681,0,30.448,30.321,31.457
 2024-08-16 18:06:13,28.934,2.271,30.321,28.429,31.331
 2024-08-16 18:06:28,29.06,2.27,30.448,28.051,31.457
 2024-08-16 18:59:52,30.069,2.144,30.321,41.571,30.7
 2024-08-16 19:43:12,29.691,2.018,30.195,28.051,30.574
 2024-08-16 19:49:46,29.817,2.27,30.321,28.177,30.7
 2024-08-16 19:56:27,29.186,2.144,29.186,30.7,30.574
 2024-08-16 21:00:23,29.06,2.523,29.312,31.331,30.448
 2024-08-16 21:09:55,28.051,2.27,29.438,31.583,30.574
 2024-08-16 21:20:43,30.448,2.144,30.826,31.331,30.448
 2024-08-16 22:19:24,30.574,2.018,30.321,28.051,30.321
 2024-08-16 22:19:47,31.583,2.396,30.448,28.177,30.448
 2024-08-16 22:58:15,31.457,2.649,30.069,28.051,30.321
 2024-08-16 23:00:27,31.331,2.144,29.943,28.177,30.448
 2024-08-16 23:33:08,31.457,2.649,28.051,28.051,30.195
 2024-08-16 23:58:51,30.7,1.639,30.321,28.177,30.195
 2024-08-17 00:07:59,30.574,0.252,30.448,28.555,30.321
 2024-08-17 00:47:53,30.7,0.252,30.321,30.069,30.069
 2024-08-17 00:59:58,30.574,0.126,31.71,30.195,30.448
 2024-08-17 01:00:06,30.448,0.505,31.583,30.448,30.321
 2024-08-17 01:52:35,30.574,0.505,31.457,30.574,30.7
 2024-08-17 02:03:07,30.448,0.505,31.583,30.7,30.826
 2024-08-17 02:03:24,30.321,0.379,30.826,30.826,30.7
 2024-08-17 02:51:06,30.448,0.505,30.7,29.186,30.952
 2024-08-17 02:58:50,30.321,0.379,30.826,28.177,30.952
 2024-08-17 03:13:36,30.195,0.505,30.7,29.817,31.079
 2024-08-17 03:18:22,30.321,2.523,30.574,30.195,30.952
 2024-08-17 03:27:23,30.195,2.396,30.7,30.321,31.079
 2024-08-17 05:39:20,30.069,2.27,30.574,30.195,30.952
 2024-08-17 05:39:28,30.321,2.396,30.448,30.321,31.079
 2024-08-17 05:59:55,30.195,2.27,30.574,30.195,30.952
 2024-08-17 06:00:34,30.574,2.396,30.448,30.321,31.079
 2024-08-17 06:08:55,30.7,2.27,30.321,30.195,30.952
 2024-08-17 06:59:37,30.574,1.261,30.448,30.448,30.952
 2024-08-17 07:02:26,30.826,0,30.321,30.321,31.079
 2024-08-17 07:08:28,30.826,0.252,30.195,30.448,30.952
 2024-08-17 07:59:48,30.952,0.505,30.321,28.808,30.952
 2024-08-17 08:02:31,30.826,0.379,30.448,28.303,31.079
 2024-08-17 08:15:45,30.952,0.505,30.321,28.177,28.303
 2024-08-17 08:59:37,31.079,0.505,30.7,28.303,28.808
 2024-08-17 09:01:17,30.952,0.631,30.826,28.177,28.681
 2024-08-17 09:05:01,30.952,0.505,30.7,28.303,28.808
 2024-08-17 09:33:11,30.826,2.901,30.952,28.177,28.808
 2024-08-17 16:07:42,30.952,2.018,30.952,28.303,29.06
 2024-08-17 16:26:59,30.826,1.892,31.079,28.177,28.051
 2024-08-17 16:58:53,30.952,2.018,30.952,28.303,29.943
 2024-08-17 17:00:18,28.681,1.892,31.079,28.177,30.069
 2024-08-17 17:18:10,29.691,2.018,31.205,28.429,31.331
 2024-08-17 17:36:49,29.564,1.892,31.079,30.448,28.934
 2024-08-17 17:57:39,29.691,2.018,31.079,30.7,29.06
 2024-08-17 18:06:47,29.817,1.892,30.952,30.952,28.934
 2024-08-17 18:24:09,28.051,0.883,31.079,31.079,29.06
 2024-08-17 18:54:38,29.817,0,30.952,30.952,29.06
 2024-08-17 19:03:23,29.943,0.126,31.079,31.079,28.934
 2024-08-17 19:41:58,31.205,2.775,31.079,30.952,29.186
 2024-08-17 19:58:17,29.817,2.397,30.952,71.206,29.06
 2024-08-17 20:42:32,30.069,2.397,31.079,30.952,29.186
 2024-08-17 20:46:39,29.943,2.523,29.438,31.079,29.06
 2024-08-17 20:52:49,30.069,2.397,30.195,30.574,29.186
 2024-08-17 21:09:17,29.817,2.649,30.321,30.448,29.06
 2024-08-17 21:09:25,29.943,2.523,30.195,30.574,29.186
 2024-08-17 21:34:16,29.817,2.649,30.321,30.448,29.186
 2024-08-17 22:15:32,30.321,2.523,30.195,30.574,29.06
 2024-08-17 22:26:13,30.069,2.649,30.321,30.448,28.303
 2024-08-17 22:59:00,29.943,2.397,30.321,30.321,29.06
 2024-08-17 23:01:27,30.321,2.649,30.195,30.448,29.186
 2024-08-17 23:47:45,30.448,2.523,30.321,30.321,30.952
 2024-08-18 00:01:46,29.943,2.649,30.195,30.448,31.079
 2024-08-18 00:01:54,30.448,2.775,30.321,28.934,30.952
 2024-08-18 00:39:28,30.321,2.775,30.195,27.421,31.205
 2024-08-18 00:41:08,28.303,2.901,30.195,28.681,31.205
 2024-08-18 02:25:50,28.934,2.775,30.321,29.06,31.079
 2024-08-18 02:31:29,29.06,2.901,30.195,30.448,28.681
 2024-08-18 02:46:24,30.952,2.775,30.195,30.321,29.06
 2024-08-18 05:05:58,31.079,2.775,30.069,28.429,29.312
 2024-08-18 05:12:24,30.952,1.766,28.177,28.303,28.303
 2024-08-18 05:59:36,31.205,0.378,29.564,28.429,30.195
 2024-08-18 06:00:53,31.079,0.378,29.691,28.303,30.321
 2024-08-18 06:29:34,31.205,0.378,31.205,28.429,31.71
 2024-08-18 06:30:36,31.079,0.505,30.7,28.303,31.71
 2024-08-18 07:32:51,31.205,0.379,30.574,28.429,31.583
 2024-08-18 07:33:14,29.186,0.505,30.321,28.303,31.71
 2024-08-18 07:33:37,30.069,0.505,30.574,28.808,31.583
 2024-08-18 08:03:04,30.195,0.379,30.448,29.186,31.71
 2024-08-18 08:53:06,28.177,0.505,30.826,30.448,31.079
 2024-08-18 09:11:22,29.943,0.379,30.7,30.574,30.952
 2024-08-18 09:16:15,30.069,0.505,30.574,30.7,28.555
 2024-08-18 10:00:00,31.71,0.379,30.448,30.826,28.934
 2024-08-18 10:01:10,31.583,0.505,30.952,30.952,28.808
 2024-08-18 10:29:51,31.71,0.379,30.826,30.826,28.934
 2024-08-18 10:59:33,31.457,0.505,30.952,30.952,28.934
 2024-08-18 11:00:19,31.583,0.505,30.574,31.079,28.808
 2024-08-18 11:09:43,31.457,2.775,30.826,30.574,28.934
 2024-08-18 11:57:34,31.583,1.766,30.7,30.448,28.808
 2024-08-18 12:01:41,31.079,2.775,28.429,30.574,28.934
 2024-08-18 12:08:46,30.952,2.144,28.934,30.7,28.808
 2024-08-18 12:59:26,31.079,1.892,29.06,28.429,28.808
 2024-08-18 13:02:16,28.934,2.144,28.934,28.303,28.934
 2024-08-18 13:28:07,29.691,2.018,30.952,28.429,28.808
 2024-08-18 13:59:07,29.817,2.144,31.079,28.303,28.808
 2024-08-18 14:04:31,28.177,2.018,30.952,28.429,28.934
 2024-08-18 14:28:57,29.943,1.261,31.205,28.303,28.808
 2024-08-18 14:58:48,30.069,0.252,31.205,28.429,28.808
 2024-08-18 15:00:20,31.205,0.252,31.331,28.934,28.934
 2024-08-18 15:25:26,30.321,0.126,31.205,30.448,28.808
 2024-08-18 15:54:22,30.448,0,31.079,30.574,28.808
 2024-08-18 16:01:11,30.321,0.505,29.691,30.7,28.934
 2024-08-18 16:13:47,30.448,0.379,31.457,30.826,28.303
 2024-08-18 16:59:19,30.574,0.505,30.7,30.952,30.195
 2024-08-18 17:00:20,30.448,0.505,30.574,31.079,30.321
 2024-08-18 17:13:51,30.574,0.505,30.7,30.952,31.331
 2024-08-18 17:17:34,30.7,0.379,28.303,31.079,29.186
 2024-08-18 17:18:28,30.574,0.505,29.817,30.952,29.312
 2024-08-18 20:38:29,30.448,0.505,29.943,31.079,29.438
 2024-08-18 20:39:23,30.574,0.631,31.71,30.574,29.312
 2024-08-18 20:58:56,30.7,0.505,31.71,30.448,29.438
 2024-08-18 21:00:29,30.574,0.379,31.583,30.574,29.312
 2024-08-18 23:04:37,30.826,0.505,31.71,30.448,29.438
 2024-08-19 00:09:34,30.7,0.505,31.583,30.7,29.312
 2024-08-19 00:29:22,30.826,0.379,31.71,30.826,29.438
 2024-08-19 00:49:57,30.7,0.379,31.205,28.808,29.438
 2024-08-19 01:02:20,30.826,0.505,31.079,28.429,29.312
 2024-08-19 01:29:26,30.7,0.379,31.205,28.555,29.438
 2024-08-19 01:59:25,30.826,0.379,29.438,28.303,29.06
 2024-08-19 02:00:04,29.817,0.505,30.195,28.808,28.934
 2024-08-19 02:10:13,29.691,0.505,30.069,29.312,28.429
 2024-08-19 02:58:20,28.429,0.379,28.303,29.943,29.943
 2024-08-19 03:01:40,29.817,0.505,29.817,30.448,30.069
 2024-08-19 03:31:07,29.943,0.379,29.943,30.574,30.574
 2024-08-19 03:33:03,30.574,0.505,31.205,30.7,30.574
 2024-08-19 04:08:02,30.574,0.379,30.952,30.826,30.7
 2024-08-19 04:08:33,30.7,0.505,31.079,30.952,30.574
 2024-08-19 04:37:29,30.574,0.379,30.952,30.826,30.826
 2024-08-19 04:39:09,30.826,0.505,31.079,30.952,30.826
 2024-08-19 05:24:19,30.952,0.379,31.205,30.826,30.952
 2024-08-19 05:24:57,30.826,0.505,31.079,30.952,30.826
 2024-08-19 05:59:33,31.079,3.154,31.205,30.826,30.952
 2024-08-19 06:00:04,30.952,2.144,31.079,30.952,30.826
 2024-08-19 06:00:19,31.079,2.018,30.826,30.574,30.952
 2024-08-19 06:54:37,29.564,2.144,30.952,28.177,30.826
 2024-08-19 07:02:05,29.438,2.018,31.079,28.681,30.952
 2024-08-19 07:29:44,28.934,2.144,31.205,31.205,30.826
 2024-08-19 07:59:57,30.826,2.018,31.079,31.331,30.952
 2024-08-19 08:00:05,30.069,2.144,31.205,31.457,30.826
 2024-08-19 08:49:28,29.943,2.018,31.205,31.331,31.079
 2024-08-19 09:04:24,30.069,2.144,31.079,31.205,31.205
 2024-08-19 09:59:42,29.943,2.018,31.205,31.079,28.808
 2024-08-19 10:00:36,30.069,1.009,30.574,30.952,28.681
 2024-08-19 10:03:57,29.943,0.504,30.448,29.06,28.555
 2024-08-19 10:13:05,29.943,0.126,28.555,28.429,29.564
 2024-08-19 10:59:38,30.069,0.252,29.817,28.303,29.186
 2024-08-19 11:00:01,28.429,0.379,29.943,28.177,29.06
 2024-08-19 11:09:32,29.691,0.505,30.7,28.303,29.186
 2024-08-19 11:59:58,29.817,0.379,30.574,28.555,29.06
 2024-08-19 12:01:00,31.71,0.379,30.952,66.738,29.186
 2024-08-19 12:29:48,31.71,0.631,30.826,30.7,29.06
 2024-08-19 12:59:47,31.583,0.379,30.952,30.826,29.06
 2024-08-19 13:00:18,31.71,0.505,31.079,31.205,29.186
 2024-08-19 13:04:48,31.331,0.379,30.952,31.457,29.06
 2024-08-19 13:30:16,31.331,0.505,31.079,31.583,29.186
 2024-08-19 14:35:06,31.205,0.505,31.205,31.836,29.06
 2024-08-19 14:35:13,31.079,0.631,30.069,31.962,29.186
 2024-08-19 14:43:58,31.079,0.379,29.943,32.088,29.06
 2024-08-19 15:03:39,30.952,0.505,29.438,31.962,29.186
 2024-08-19 15:29:30,31.079,0.379,31.583,32.088,29.06
 2024-08-19 15:53:41,30.952,0.505,30.7,31.962,29.06
 2024-08-19 16:01:55,30.826,0.379,30.574,32.088,29.186
 2024-08-19 16:19:02,30.952,0.505,30.7,31.962,28.429
 2024-08-19 16:59:33,30.826,0.505,30.7,32.088,29.943
 2024-08-19 17:00:42,30.7,0.505,30.574,31.962,30.069
 2024-08-19 17:41:52,30.826,0.379,30.7,31.71,31.836
 2024-08-19 17:52:56,30.7,0.505,30.574,30.574,31.71
 2024-08-19 18:13:23,30.826,0.505,30.7,30.448,31.583
 2024-08-19 18:55:18,30.7,0.505,30.574,28.555,31.331
 2024-08-19 18:59:56,30.826,0.379,30.7,28.051,31.331
 2024-08-19 19:00:04,30.952,0.379,30.574,28.177,31.457
 2024-08-19 19:59:30,30.826,0.379,30.7,28.051,31.079
 2024-08-19 21:05:51,31.205,0.505,30.574,28.051,30.952
 2024-08-19 21:06:07,31.331,0.379,30.7,28.177,31.079
 2024-08-19 21:17:49,31.205,0.505,30.574,28.051,30.826
 2024-08-19 21:59:15,31.331,1.515,30.574,28.177,30.952
 2024-08-19 22:00:01,31.457,3.785,30.448,28.051,30.826
 2024-08-19 22:04:54,31.331,0.504,28.555,28.177,30.952
 2024-08-19 22:08:45,31.583,0.504,29.564,30.321,30.826
 2024-08-19 23:53:10,31.583,0.252,29.691,31.331,30.952
 2024-08-19 23:54:20,31.457,0.252,31.836,31.583,30.826
 2024-08-19 23:56:00,31.583,0.505,31.71,28.177,30.952
 2024-08-20 00:05:24,31.457,0.379,31.836,28.429,31.079
 2024-08-20 00:05:31,31.331,0.505,31.457,29.943,30.952
 2024-08-20 00:59:41,31.457,0.631,31.457,30.321,31.331
 2024-08-20 01:34:02,31.331,0.505,31.331,30.448,31.457
 2024-08-20 01:39:02,31.457,0.505,31.457,30.448,31.331
 2024-08-20 01:50:36,29.186,0.379,31.205,59.219,31.457
 2024-08-20 02:22:53,30.321,0.505,31.205,30.448,31.583
 2024-08-20 02:23:08,30.195,0.379,31.079,30.574,31.457
 2024-08-20 02:50:56,30.069,0.505,31.205,30.826,31.71
 2024-08-20 02:57:38,30.195,0.379,31.079,31.205,31.71
 2024-08-20 03:01:45,30.069,0.505,30.952,31.457,31.583
 2024-08-20 03:05:13,30.195,-1.01,31.079,31.583,31.71
 2024-08-20 03:39:18,30.069,0.505,30.952,31.71,31.583
 2024-08-20 05:13:43,30.195,1.892,30.826,31.836,31.457
 2024-08-20 05:21:11,30.195,3.027,30.952,31.71,31.583
 2024-08-20 05:58:45,30.069,2.397,30.826,28.051,31.583
 2024-08-20 06:01:04,30.195,2.271,30.952,28.051,31.457
 2024-08-20 06:29:52,30.069,2.018,30.826,28.177,31.583
 2024-08-20 06:56:06,30.195,2.018,30.952,28.051,31.457
 2024-08-20 07:00:36,30.069,2.144,31.079,28.177,31.583
 2024-08-20 07:02:55,30.195,2.271,30.952,28.051,31.457
 2024-08-20 08:43:39,30.069,2.144,31.205,28.177,31.331
 2024-08-20 08:48:09,30.195,2.271,31.205,28.051,28.808
 2024-08-20 08:57:32,28.555,2.144,31.331,28.177,29.438
 2024-08-20 09:00:30,28.681,2.523,31.205,28.051,29.312
 2024-08-20 09:04:14,31.71,2.397,31.457,28.177,29.186
 2024-08-20 10:18:34,31.836,2.523,31.457,28.429,29.312
 2024-08-20 10:29:45,31.962,2.397,31.583,30.321,29.186
 2024-08-20 10:59:58,31.71,2.523,31.457,31.205,29.312
 2024-08-20 11:00:44,31.583,2.523,31.71,28.051,29.186
 2024-08-20 11:02:56,31.205,0.252,31.71,28.303,29.312
 2024-08-20 11:59:54,31.079,0.378,31.583,28.177,29.312
 2024-08-20 12:00:02,31.205,0.126,31.71,28.303,29.186
 2024-08-20 12:00:25,30.952,0.505,31.583,28.177,29.312
 2024-08-20 12:59:58,31.079,0.505,31.71,28.177,29.312
 2024-08-20 13:00:06,30.826,0.379,31.583,28.051,29.186
 2024-08-20 13:29:56,30.952,0.379,31.457,28.177,29.312
 2024-08-20 13:51:32,30.826,0.505,31.583,28.051,29.312
 2024-08-20 15:18:28,30.952,0.505,31.457,28.177,29.186
 2024-08-20 15:48:35,31.079,0.379,29.691,30.069,29.564
 2024-08-20 15:57:50,30.952,0.505,31.079,30.7,28.555
 2024-08-20 16:12:22,31.079,0.379,30.952,30.952,28.681
 2024-08-20 16:57:39,30.952,0.505,30.574,30.826,31.836
 2024-08-20 17:01:54,31.079,0.379,30.7,28.934,31.962
 2024-08-20 17:29:33,30.952,0.505,30.574,28.051,32.088
 2024-08-20 17:59:47,31.331,1.893,30.7,28.177,31.71
 2024-08-20 18:05:19,31.331,4.037,30.7,28.555,31.583
 2024-08-20 18:05:27,31.457,1.009,30.574,29.186,31.71
 2024-08-20 18:38:53,31.331,2.018,28.808,31.457,31.331
 2024-08-20 18:41:35,31.836,2.144,28.681,31.331,31.331
 2024-08-20 19:04:14,31.962,2.018,31.71,31.205,31.205
 2024-08-20 19:07:42,31.836,2.27,31.836,31.079,31.331
 2024-08-20 19:51:49,32.215,2.144,31.71,30.952,31.079
 2024-08-20 20:10:52,32.215,2.144,32.088,28.177,30.952
 2024-08-20 20:14:28,32.341,2.144,31.836,28.303,31.079
 2024-08-20 20:54:59,32.215,2.27,31.71,28.177,30.826
 2024-08-20 20:56:23,32.341,2.144,31.836,28.303,30.952
 2024-08-20 21:09:23,32.215,2.27,31.331,28.177,30.826
 2024-08-20 21:45:38,32.341,2.144,31.205,28.177,31.079
 2024-08-20 21:48:05,28.681,2.27,31.331,28.303,31.079
 2024-08-20 22:55:47,28.808,2.144,31.079,30.952,30.952
 2024-08-20 22:55:55,28.681,2.27,31.079,31.079,31.079
 2024-08-20 23:00:56,31.079,2.144,30.952,31.205,30.952
 2024-08-20 23:27:27,31.205,2.27,31.079,31.331,31.079
 2024-08-21 00:09:24,31.079,2.144,30.952,31.205,31.205
 2024-08-21 00:34:14,31.331,2.27,31.079,31.331,31.457
 2024-08-21 00:37:20,31.457,2.144,30.952,30.952,31.457
 2024-08-21 01:23:40,30.952,2.018,31.079,30.574,31.583
 2024-08-21 01:23:48,31.079,-2.777,30.952,28.177,31.457
 2024-08-21 01:51:20,30.826,2.27,31.079,28.051,31.962
 2024-08-21 02:01:53,30.826,0,31.205,29.06,32.088
 2024-08-21 02:02:01,30.7,0.126,31.079,30.195,31.962
 2024-08-21 02:47:34,30.826,2.776,31.457,31.331,32.341
 2024-08-21 02:57:52,30.7,2.397,31.457,31.457,32.341
 2024-08-21 03:00:03,30.826,2.523,31.583,31.331,32.215
 2024-08-21 03:12:55,30.7,2.397,31.457,31.079,32.341
 2024-08-21 06:38:43,30.7,2.523,31.962,30.826,32.215
 2024-08-21 06:45:09,30.826,2.397,32.088,30.7,28.681
 2024-08-21 07:04:19,30.069,2.523,31.962,30.448,28.808
 2024-08-21 07:54:15,30.448,2.397,32.341,30.321,31.205
 2024-08-21 08:06:05,30.321,0.378,32.341,30.195,31.331
 2024-08-21 08:29:22,30.195,0.252,32.215,30.069,31.457
 2024-08-21 08:34:23,30.321,0.126,32.341,29.943,31.457
 2024-08-21 09:15:36,30.448,0.505,32.215,29.817,31.331
 2024-08-21 09:15:51,30.321,0.379,28.808,29.564,31.457
 2024-08-21 09:54:43,30.448,0.505,28.934,29.438,31.079
 2024-08-21 10:04:53,30.321,0.505,28.808,29.564,30.952
 2024-08-21 10:05:09,30.448,0.505,31.205,29.438,31.079
 2024-08-21 10:34:38,30.448,0.505,31.331,29.564,30.826
 2024-08-21 10:58:03,30.321,0.379,31.205,29.691,30.952
 2024-08-21 11:03:28,30.7,0.505,31.457,29.691,30.826
 2024-08-21 11:09:23,30.574,0.379,31.457,29.817,30.952
 2024-08-21 11:32:49,30.7,0.505,31.331,29.691,30.826
 2024-08-21 17:21:14,30.448,0.379,31.457,30.069,30.7
 2024-08-21 17:22:54,30.574,0.505,31.205,30.195,29.186
 2024-08-21 17:49:33,30.7,0.379,31.079,30.321,29.438
 2024-08-21 18:02:02,28.681,0.505,31.205,30.574,29.312
 2024-08-21 18:02:48,29.186,0.631,30.952,30.448,29.438
 2024-08-21 18:03:11,29.312,0.505,30.826,30.574,29.312
 2024-08-21 19:35:43,31.205,0.631,30.952,30.195,29.438
 2024-08-21 19:38:56,31.331,0.505,30.826,30.321,29.312
 2024-08-21 19:59:55,31.205,0.379,30.952,30.448,29.438
 2024-08-21 20:00:10,31.583,0.505,30.826,30.574,29.312
 2024-08-21 20:29:31,31.71,1.514,30.952,30.7,29.438
 2024-08-21 20:30:25,31.583,2.523,30.448,30.826,29.438
 2024-08-21 21:29:53,32.088,1.513,31.079,30.574,29.312
 2024-08-21 21:38:22,32.088,2.144,30.952,30.826,29.564
 2024-08-21 21:50:44,32.215,2.144,30.826,30.321,29.438
 2024-08-21 22:02:26,32.088,2.27,30.952,30.195,29.564
 2024-08-21 22:47:32,32.215,1.261,30.574,28.429,29.312
 2024-08-21 22:58:16,32.341,0,30.7,28.177,29.438
 2024-08-21 23:03:02,32.215,0.379,30.574,28.555,29.564
 2024-08-21 23:24:25,32.341,0.505,30.7,29.06,28.681
 2024-08-21 23:58:09,32.215,0.379,30.574,29.943,29.312
 2024-08-22 00:01:53,32.341,0.505,30.7,30.069,29.438
 2024-08-22 00:57:39,32.341,0.505,30.574,50.7,31.331
 2024-08-22 01:16:25,32.215,2.902,30.7,29.943,31.457
 2024-08-22 01:29:47,32.341,2.397,30.574,30.069,31.331
 2024-08-22 01:58:14,32.215,2.271,31.079,30.195,31.71
 2024-08-22 02:04:02,32.341,2.397,30.826,30.448,31.836
 2024-08-22 02:04:40,29.564,2.523,30.952,30.321,31.71
 2024-08-22 02:51:39,31.331,2.397,31.079,30.448,32.215
 2024-08-22 02:59:30,31.205,2.523,30.574,28.303,32.215
 2024-08-22 03:42:52,30.195,2.649,30.826,28.177,32.341
 2024-08-22 03:49:40,30.195,2.523,30.952,28.303,32.215
 2024-08-22 03:59:42,30.321,2.649,28.681,28.177,32.341
 2024-08-22 04:01:15,30.195,2.523,29.186,28.177,32.215
 2024-08-22 04:24:32,30.321,2.649,29.312,28.555,32.341
 2024-08-22 08:46:54,30.195,2.523,29.186,30.069,32.215
 2024-08-22 08:52:57,30.321,2.649,31.331,30.321,28.934
 2024-08-22 08:59:23,30.321,0.631,31.457,30.574,30.069
 2024-08-22 09:01:03,30.195,0.504,31.331,30.7,29.943
 2024-08-22 09:08:08,30.321,0.504,31.71,30.826,29.312
 2024-08-22 16:08:20,30.195,0.126,31.836,30.952,29.438
 2024-08-22 16:14:22,30.321,0.505,31.71,34.235,28.681
 2024-08-22 16:58:52,30.195,0.505,32.215,30.826,30.448
 2024-08-22 17:00:02,30.321,0.505,32.215,30.7,30.574
 2024-08-22 17:20:44,30.195,0.379,32.341,30.448,31.962
 2024-08-22 17:40:25,30.321,0.631,32.215,30.321,29.438
 2024-08-22 19:06:52,30.321,0.505,32.341,30.195,29.564
 2024-08-22 19:06:59,30.195,0.631,32.467,30.321,29.438
 2024-08-22 19:59:35,30.321,0.505,32.341,30.195,29.438
 2024-08-22 20:00:29,30.195,0.379,32.467,30.321,29.564
 2024-08-22 20:09:53,30.321,3.028,32.341,28.429,29.438
 2024-08-22 20:59:54,28.555,1.009,32.467,28.303,29.438
 2024-08-22 21:00:25,30.195,0.504,32.341,28.177,29.564
 2024-08-22 21:04:24,30.321,0.126,32.467,28.303,29.438
 2024-08-22 21:58:41,31.836,0.505,32.341,28.177,29.564
 2024-08-22 22:00:45,30.574,0.505,32.215,28.429,29.438
 2024-08-22 22:00:53,30.7,0.379,30.195,28.808,29.564
 2024-08-22 22:32:16,30.574,0.505,31.71,30.069,28.681
 2024-08-22 22:57:59,30.7,0.379,31.836,30.195,28.934
 2024-08-22 23:00:49,30.574,0.505,30.7,30.321,29.06
 2024-08-22 23:50:51,30.7,0.379,30.826,30.448,30.826
 2024-08-23 00:07:49,30.574,0.505,30.7,30.321,30.952
 2024-08-23 00:07:57,30.7,0.505,30.826,30.574,30.826
 2024-08-23 00:56:34,28.555,0.379,30.7,30.7,31.457
 2024-08-23 01:08:09,28.808,0.505,30.826,30.826,31.583
 2024-08-23 01:09:03,28.934,0.379,30.7,28.934,31.457
 2024-08-23 01:41:20,30.7,0.505,30.826,28.177,31.836
 2024-08-23 01:48:55,30.826,0.379,30.7,28.051,31.836
 2024-08-23 02:43:36,30.7,0.379,30.826,27.925,31.962
 2024-08-23 02:49:23,31.331,1.388,30.826,28.051,31.836
 2024-08-23 02:59:41,31.457,2.397,30.7,27.925,31.962
 2024-08-23 03:00:35,31.331,2.271,30.826,246,31.836
 2024-08-23 03:12:56,31.71,2.397,30.7,246,31.962
 2024-08-23 05:07:00,31.71,2.523,30.826,28.051,32.088
 2024-08-23 05:09:50,31.836,2.271,28.681,246,31.962
 2024-08-23 05:35:33,31.71,2.397,30.069,28.051,32.088
 2024-08-23 08:09:46,31.836,2.523,30.195,27.925,31.962
 2024-08-23 08:09:54,31.962,2.397,31.836,28.051,32.088
 2024-08-23 08:47:28,31.836,2.649,31.079,28.303,30.952
 2024-08-23 09:09:27,31.962,2.523,30.952,29.817,30.826
 2024-08-23 09:09:35,32.088,2.649,31.079,30.826,30.952
 2024-08-23 09:20:08,31.962,2.649,28.681,31.457,30.826
 2024-08-23 12:03:07,32.088,2.523,28.934,31.331,30.7
 2024-08-23 12:07:37,31.962,2.775,29.06,31.205,28.808
 2024-08-23 12:59:29,32.088,2.523,30.826,28.177,29.312
 2024-08-23 13:00:46,30.826,2.649,30.952,28.429,29.438
 2024-08-23 13:00:53,30.952,1.261,30.826,30.574,29.312
 2024-08-23 15:58:36,30.826,0.504,31.457,30.574,29.438
 2024-08-23 15:58:52,30.952,0.504,31.583,30.7,29.817
 2024-08-23 15:59:46,30.826,0.252,31.457,30.826,29.312
 2024-08-23 16:00:32,30.7,0.252,31.836,30.952,29.186
 2024-08-23 16:20:27,30.826,0.505,31.836,30.826,28.555
 2024-08-23 16:58:32,30.7,0.505,31.962,30.952,31.331
 2024-08-23 17:00:36,30.574,0.505,31.836,27.673,31.457
 2024-08-23 17:25:48,29.186,0.379,31.962,28.051,32.088
 2024-08-23 17:51:55,30.7,0.379,32.088,28.303,31.836
 2024-08-23 18:07:36,30.321,0.505,31.962,28.808,31.71
 2024-08-23 18:07:44,30.195,0.379,32.088,29.817,31.836
 2024-08-23 18:54:17,30.321,0.505,31.962,31.205,29.438
 2024-08-23 18:59:57,30.321,0.631,32.088,28.051,29.564
 2024-08-23 19:00:04,30.448,0.505,32.215,27.925,29.438
 2024-08-23 19:00:28,30.195,0.379,32.088,30.448,29.564
 2024-08-23 19:57:19,30.069,0.505,32.215,30.448,29.564
 2024-08-23 20:09:17,28.555,0.379,32.088,30.574,29.438
 2024-08-23 20:26:47,31.205,0.505,32.088,30.7,29.564
 2024-08-23 21:07:40,31.331,0.379,32.215,30.826,29.438
 2024-08-23 21:08:27,31.205,0.505,30.952,30.7,29.564
 2024-08-23 21:44:35,31.962,0.379,31.079,30.7,29.564
 2024-08-23 22:18:33,31.71,0.505,30.826,30.826,29.438
 2024-08-23 22:19:34,31.583,-26.229,30.952,30.7,29.564
 2024-08-23 22:46:35,31.71,2.649,30.826,30.826,29.564
 2024-08-23 23:11:01,30.448,0.505,30.952,30.7,29.438
 2024-08-23 23:29:25,30.574,0.378,30.826,30.826,29.564
 2024-08-23 23:59:23,30.448,0.252,30.7,30.826,29.438
 2024-08-24 00:01:58,30.574,0.505,29.691,30.7,29.564
 2024-08-24 00:28:28,30.7,0.379,31.331,30.574,29.438
 2024-08-24 00:57:23,30.574,1.892,30.952,30.195,29.438
 2024-08-24 01:01:00,30.7,2.018,30.826,28.303,29.564
 2024-08-24 01:47:17,30.574,2.523,28.681,27.925,28.681
 2024-08-24 02:10:26,30.7,2.397,31.079,28.051,28.808
 2024-08-24 02:53:23,30.7,2.523,31.205,29.06,30.574
 2024-08-24 03:03:20,30.826,2.397,32.088,30.321,30.7
 2024-08-24 03:03:27,30.7,2.649,31.836,31.079,30.574
 2024-08-24 03:52:43,30.826,2.523,31.71,28.051,30.952
 2024-08-24 03:58:15,30.7,2.649,31.836,27.925,30.952
 2024-08-24 04:09:26,30.826,2.775,30.952,28.051,31.079
 2024-08-24 04:09:34,28.555,0.378,31.079,29.06,30.952
 2024-08-24 04:28:05,28.681,0.252,31.205,29.817,31.205
 2024-08-24 04:33:44,30.574,0.126,31.079,30.448,31.205
 2024-08-24 08:50:05,30.7,0.505,31.205,30.448,31.079
 2024-08-24 08:56:54,30.574,0.379,31.079,30.574,28.681
 2024-08-24 09:04:52,30.826,0.505,31.205,30.7,28.555
 2024-08-24 09:59:40,30.826,0.379,31.079,30.826,30.574
 2024-08-24 10:16:08,30.952,0.505,31.205,29.06,30.7
 2024-08-24 10:16:15,30.826,0.379,31.079,27.547,30.574
 2024-08-24 10:20:45,31.079,0.505,31.205,27.799,30.7
 2024-08-24 12:31:52,31.205,0.505,31.079,27.925,30.826
 2024-08-24 12:51:17,31.079,0.379,31.205,27.799,30.7
 2024-08-24 13:01:27,31.205,0.505,31.079,27.925,30.826
 2024-08-24 13:16:22,31.079,0.631,31.205,27.799,30.7
 2024-08-24 13:57:39,31.205,0.505,31.079,27.925,30.7
 2024-08-24 16:35:32,28.681,0.379,31.205,27.799,30.826
 2024-08-24 16:36:02,28.555,0.505,31.079,27.925,30.7
 2024-08-24 16:53:40,30.448,0.379,30.952,27.799,30.952
 2024-08-24 17:03:20,30.574,0.505,28.681,27.799,31.079
 2024-08-24 17:05:54,30.7,0.379,28.808,27.925,29.312
 2024-08-24 17:37:32,30.7,0.505,28.681,28.429,29.564
 2024-08-24 20:07:59,30.574,0.379,30.574,28.051,29.691
 2024-08-24 20:14:39,30.7,0.505,30.7,28.177,29.564
 2024-08-24 20:59:56,30.574,0.505,30.574,28.051,29.564
 2024-08-24 21:03:02,30.826,2.523,30.952,28.303,29.691
 2024-08-24 21:03:56,30.826,1.892,30.952,29.312,29.564
 2024-08-24 21:25:01,30.952,2.018,31.079,29.312,29.691
 2024-08-24 22:21:14,30.195,2.271,30.952,29.943,29.564
 2024-08-24 22:21:37,30.574,2.397,31.205,30.321,29.691
 2024-08-24 23:47:17,30.7,2.523,31.205,30.448,29.564
 2024-08-24 23:47:33,30.574,2.397,31.331,30.574,29.691
 2024-08-25 00:29:52,30.7,2.523,29.06,30.7,29.564
 2024-08-25 00:30:07,30.574,2.649,28.934,28.934,29.691
 2024-08-25 00:57:08,30.826,2.523,28.681,24.27,29.564
 2024-08-25 01:02:01,30.7,2.775,30.448,28.051,29.691
 2024-08-25 01:59:46,30.826,2.649,30.574,27.925,28.681
 2024-08-25 01:59:54,30.7,2.775,30.448,28.051,28.808
 2024-08-25 02:01:26,30.826,2.775,30.7,28.051,28.681
 2024-08-25 02:59:13,30.952,2.649,30.826,27.925,30.952
 2024-08-25 03:02:49,30.826,0.378,30.7,28.051,31.079
 2024-08-25 03:02:56,30.952,0.504,30.826,28.555,30.952
 2024-08-25 03:27:00,30.826,0.126,30.7,31.079,31.331
 2024-08-25 04:05:58,30.952,0.379,30.826,31.331,31.457
 2024-08-25 04:06:52,30.826,0.505,30.826,31.205,31.331
 2024-08-25 04:15:06,30.952,0.631,30.7,28.051,31.457
 2024-08-25 08:03:24,30.7,0.505,30.826,27.925,31.331
 2024-08-25 08:25:08,30.826,0.505,30.826,28.051,31.457
 2024-08-25 08:54:51,30.952,0.379,30.7,27.925,31.457
 2024-08-25 09:21:53,28.808,0.505,30.826,28.051,31.331
 2024-08-25 09:22:08,28.681,0.379,30.826,27.925,31.457
 2024-08-25 09:44:39,30.826,0.505,30.7,27.925,31.079
 2024-08-25 09:45:10,30.952,0.379,30.826,28.051,31.079
 2024-08-25 10:18:05,31.331,0.505,30.7,27.925,30.952
 2024-08-25 10:22:43,31.331,0.379,30.826,28.051,31.079
 2024-08-25 10:44:12,31.457,0.631,30.7,27.925,30.952
 2024-08-25 12:23:08,31.331,0.631,30.952,28.051,30.826
 2024-08-25 12:23:16,31.457,0.505,31.079,28.555,30.952
 2024-08-25 12:59:48,31.331,0.379,30.574,31.331,30.826
 2024-08-25 13:00:03,31.457,0.505,31.205,31.457,30.952
 2024-08-25 13:26:10,31.331,0.379,31.079,31.205,30.826
 2024-08-25 13:34:55,31.457,0.505,31.205,31.079,30.826
 2024-08-25 16:33:49,30.952,0.379,31.079,30.952,30.7
 2024-08-25 16:42:42,30.826,0.505,31.205,30.826,29.186
 2024-08-25 17:02:46,30.952,0.379,31.331,28.177,29.312
 2024-08-25 17:02:54,30.826,0.505,31.205,28.303,29.186
 2024-08-25 17:44:42,30.952,2.649,31.331,28.177,30.826
 2024-08-25 18:28:41,30.826,2.145,31.205,28.177,30.7
 2024-08-25 18:39:45,30.7,2.271,31.331,28.429,29.438
 2024-08-25 19:44:58,29.06,2.397,31.205,30.069,29.564
 2024-08-25 19:47:40,29.186,2.523,31.331,30.448,29.691
 2024-08-25 20:44:31,29.312,2.397,31.205,30.574,29.817
 2024-08-25 20:44:46,29.186,2.523,31.079,30.7,29.691
 2024-08-25 21:00:20,30.826,2.397,30.952,30.952,29.817
 2024-08-25 21:00:28,30.7,2.523,31.205,31.079,29.691
 2024-08-25 21:59:30,30.826,2.397,29.186,30.574,29.691
 2024-08-25 22:00:01,30.321,2.523,29.06,30.448,29.817
 2024-08-25 22:29:05,30.321,2.523,28.808,30.321,29.691
 2024-08-25 22:59:50,30.448,1.514,30.826,30.448,29.691
 2024-08-25 22:59:57,30.826,0.252,30.952,30.7,29.817
 2024-08-25 23:02:09,30.952,0.126,31.457,28.934,29.691
 2024-08-25 23:59:54,30.826,0.505,31.331,28.555,29.691
 2024-08-26 00:00:02,30.952,0.379,31.457,28.051,29.817
 2024-08-26 00:09:56,30.826,0.505,31.331,28.177,29.691
 2024-08-26 00:59:33,30.952,0.379,31.583,31.205,29.691
 2024-08-26 01:00:51,30.826,0.505,31.583,31.079,29.817
 2024-08-26 01:29:57,30.952,0.379,31.457,30.952,28.808
 2024-08-26 01:59:17,30.952,0.505,31.583,63.422,29.312
 2024-08-26 02:03:39,31.079,0.379,31.457,29.186,29.438
 2024-08-26 02:57:33,30.952,0.505,31.583,28.429,30.952
 2024-08-26 03:11:50,30.952,0.379,31.457,28.303,31.079
 2024-08-26 03:11:57,31.079,0.505,31.583,28.429,30.952
 2024-08-26 03:44:21,28.808,0.379,31.079,28.429,31.205
 2024-08-26 03:45:38,29.186,3.28,30.952,28.808,31.205
 2024-08-26 04:14:50,29.312,2.397,31.079,30.195,31.331
 2024-08-26 04:14:58,30.826,2.271,30.952,30.321,31.205
 2024-08-26 04:19:28,30.952,2.144,31.079,30.574,31.331
 2024-08-26 08:08:45,30.826,2.144,30.952,30.7,31.457
 2024-08-26 08:09:46,31.205,2.271,30.826,30.826,31.331
 2024-08-26 08:46:19,31.331,2.144,30.952,30.952,31.457
 2024-08-26 09:26:14,31.205,2.271,30.826,52.987,31.331
 2024-08-26 09:43:51,31.205,2.144,30.952,30.952,31.079
 2024-08-26 10:09:43,31.331,2.271,30.952,30.574,30.952
 2024-08-26 10:09:51,31.205,1.261,30.826,30.448,31.079
 2024-08-26 10:20:31,31.205,0.504,30.952,30.321,30.952
 2024-08-26 13:07:05,31.331,0.504,29.186,30.448,30.826
 2024-08-26 13:07:13,31.205,0,29.312,30.321,30.952
 2024-08-26 14:26:32,31.331,0.126,29.438,28.429,30.826
 2024-08-26 14:26:40,31.457,0.379,30.952,28.303,30.952
 2024-08-26 14:59:51,30.952,0.631,30.826,28.429,30.826
 2024-08-26 14:59:59,30.826,0.505,30.952,28.303,30.952
 2024-08-26 15:00:45,30.952,0.379,30.574,28.429,30.826
 2024-08-26 15:59:24,30.826,0.505,30.574,28.303,30.952
 2024-08-26 16:00:03,30.952,0.379,30.7,28.681,30.826
 2024-08-26 16:00:41,30.826,2.65,30.574,29.06,30.952
 2024-08-26 16:45:12,30.952,1.64,31.331,30.195,30.952
 2024-08-26 17:00:38,30.826,2.145,31.205,30.321,31.079
 2024-08-26 17:11:41,30.952,1.892,31.331,30.448,31.205
 2024-08-26 17:23:39,31.079,2.144,31.205,30.448,29.438
 2024-08-26 17:59:55,30.321,2.271,31.331,30.574,29.438
 2024-08-26 18:00:03,30.321,2.144,31.205,30.7,29.564
 2024-08-26 18:00:19,30.448,2.271,31.331,30.826,29.438
 2024-08-26 18:37:14,30.321,2.144,31.331,30.952,29.691
 2024-08-26 19:17:37,30.826,2.018,31.205,29.438,29.817
 2024-08-26 19:19:10,30.952,1.892,31.331,27.925,29.691
 2024-08-26 19:55:46,30.826,2.271,31.331,28.051,29.817
 2024-08-26 20:02:12,30.952,2.018,31.205,28.177,29.691
 2024-08-26 20:23:52,30.826,2.397,31.331,28.303,29.817
 2024-08-26 20:31:43,30.952,1.261,31.205,29.06,29.817
 2024-08-26 23:32:08,31.079,0.504,31.331,30.069,29.691
 2024-08-26 23:32:15,30.952,0.504,28.934,31.583,29.817
 2024-08-27 00:06:20,30.952,0.126,29.186,31.457,29.691
 2024-08-27 00:27:18,31.079,0.252,29.312,31.331,29.817
 2024-08-27 00:44:54,30.952,0.505,30.952,31.205,28.808
 2024-08-27 00:57:15,31.079,0.379,31.079,31.079,28.934
 2024-08-27 01:03:03,30.952,0.505,30.952,30.952,29.06
 2024-08-27 01:56:35,31.079,0.631,31.205,30.826,30.952
 2024-08-27 02:06:52,28.808,0.379,31.205,30.7,31.079
 2024-08-27 02:07:00,28.934,0.379,31.331,30.574,30.952
 2024-08-27 02:30:00,28.808,0.505,31.205,30.574,31.205
 2024-08-27 02:33:44,30.826,0.379,31.331,30.826,31.205
 2024-08-27 03:09:38,30.952,0.505,31.457,30.952,31.331
 2024-08-27 03:09:45,30.826,0.379,31.331,31.079,31.205
 2024-08-27 03:36:31,31.205,0.505,31.457,31.205,31.457
 2024-08-27 03:43:28,31.205,0.379,31.331,31.331,31.457
 2024-08-27 09:30:01,31.331,0.505,31.457,31.205,31.331
 2024-08-27 09:49:47,31.205,0.379,31.331,30.952,31.079
 2024-08-27 10:13:22,31.331,0.505,31.457,30.7,30.952
 2024-08-27 10:28:33,31.457,0.379,31.583,30.574,31.079
 2024-08-27 10:48:38,31.331,0.505,31.079,30.448,30.952
 2024-08-27 12:45:07,31.331,0.379,30.952,30.321,30.826
 2024-08-27 12:45:15,31.457,0.505,31.079,30.448,30.952
 2024-08-27 13:43:18,31.331,0.379,30.952,30.321,30.826
 2024-08-27 13:49:13,31.457,0.505,31.079,30.448,30.952
 2024-08-27 14:06:59,31.331,0.631,30.952,30.321,30.826
 2024-08-27 14:07:07,31.457,0.505,31.079,28.808,30.952
 2024-08-27 14:59:52,31.457,0.631,30.7,28.429,30.952
 2024-08-27 15:00:46,31.331,0.505,31.331,28.303,30.826
 2024-08-27 15:04:46,31.457,0.379,30.7,43.978,30.952
 2024-08-27 15:56:07,31.457,0.505,30.826,28.303,30.826
 2024-08-27 16:52:30,31.331,0.379,31.331,28.555,30.952
 2024-08-27 16:59:58,31.457,2.775,31.205,29.943,30.826
 2024-08-27 17:00:13,30.952,1.766,31.331,30.321,30.952
 2024-08-27 17:41:40,31.079,2.523,31.205,30.574,31.205
 2024-08-27 17:57:20,30.952,2.018,31.331,30.7,29.438
 2024-08-27 17:59:15,30.826,2.144,28.934,30.826,29.564
 2024-08-27 18:00:25,30.952,2.144,29.06,30.952,29.691
 2024-08-27 18:02:05,30.826,2.018,30.952,29.438,29.817
 2024-08-27 18:26:33,30.952,2.27,31.079,27.925,29.691
 2024-08-27 18:26:41,30.826,2.144,30.952,28.303,29.817
 2024-08-27 18:43:01,30.826,2.27,31.205,28.177,29.691
 2024-08-27 22:42:05,30.952,2.144,31.205,28.303,29.564
 2024-08-27 22:44:31,31.205,1.135,31.331,28.177,29.691
 2024-08-27 23:09:53,30.321,0,31.205,30.195,29.564
 2024-08-27 23:17:44,30.448,0.252,31.457,31.079,28.808
 2024-08-27 23:59:33,30.574,0.379,31.457,31.583,29.817
 2024-08-28 00:01:37,30.7,2.776,31.583,28.303,29.943
 2024-08-28 00:59:09,30.574,2.397,31.457,28.429,31.079
 2024-08-28 01:02:07,30.7,2.271,31.583,28.303,30.952
 2024-08-28 01:39:18,30.826,2.397,31.457,28.429,31.205
 2024-08-28 01:39:57,30.7,2.271,31.457,28.303,31.205
 2024-08-28 02:02:36,30.826,2.397,31.583,28.429,31.331
 2024-08-28 02:02:43,30.7,2.271,31.457,28.303,31.205
 2024-08-28 02:12:15,30.826,2.397,31.457,28.429,31.331
 2024-08-28 04:48:04,30.826,2.271,31.583,28.303,31.457
 2024-08-28 04:49:29,30.7,2.523,31.457,28.429,31.331
 2024-08-28 04:59:24,30.826,1.514,31.457,28.303,31.457
 2024-08-28 04:59:47,30.826,0.504,31.583,28.429,31.331
 2024-08-28 05:14:35,30.7,0.126,31.079,28.808,31.457
 2024-08-28 07:35:54,28.808,0.379,30.952,31.079,31.331
 2024-08-28 07:41:57,29.564,0.379,31.079,31.205,28.808
 2024-08-28 07:57:00,29.691,0.379,30.952,31.331,29.438
 2024-08-28 12:55:45,30.952,0.379,31.079,31.205,29.691
 2024-08-28 12:55:52,31.079,0.505,30.952,31.331,29.817
 2024-08-28 12:59:28,30.952,0.379,31.079,31.205,28.934
 2024-08-28 13:01:01,31.205,0.505,31.205,31.331,28.808
 2024-08-28 13:04:07,31.331,0.379,30.7,30.826,28.681
 2024-08-28 13:58:50,31.205,0.505,30.826,30.7,31.583
 2024-08-28 14:01:24,31.331,0.379,30.952,30.574,31.71
 2024-08-28 14:01:32,31.205,0.505,31.331,30.448,31.583
 2024-08-28 14:07:58,31.331,0.505,31.205,30.574,31.836
 2024-08-28 14:59:03,31.457,0.379,31.331,30.448,31.71
 2024-08-28 15:00:05,31.331,0.505,31.205,30.574,31.836
 2024-08-28 15:56:35,31.331,0.379,31.079,30.448,31.457
 2024-08-28 15:58:08,31.457,0.505,28.808,30.574,31.583
 2024-08-28 15:59:41,29.312,0.379,29.564,30.826,31.457
 2024-08-28 15:59:56,30.448,0.505,29.691,28.934,31.583
 2024-08-28 16:53:45,30.321,0.379,31.079,28.429,29.564
 2024-08-28 16:59:01,30.448,0.505,30.952,28.555,29.691
 2024-08-28 17:18:58,30.321,3.155,31.205,28.429,29.564
 2024-08-28 17:27:05,30.448,2.144,31.205,28.555,29.438
 2024-08-28 17:56:42,30.321,2.27,31.331,28.429,29.564
 2024-08-28 18:02:06,30.321,2.144,31.205,28.555,29.438
 2024-08-28 18:11:15,30.448,2.27,31.331,28.429,29.564
 2024-08-28 18:53:28,30.321,2.144,31.457,28.934,29.564
 2024-08-28 19:10:43,30.448,2.27,31.331,30.7,29.438
 2024-08-28 19:20:22,30.321,2.144,31.457,30.826,29.564
 2024-08-28 19:48:34,30.448,2.27,31.331,30.952,29.438
 2024-08-28 20:06:58,29.438,2.144,31.457,31.079,29.312
 2024-08-28 20:40:33,29.312,2.27,31.457,31.205,29.564
 2024-08-28 20:57:48,28.681,2.144,31.331,31.079,29.438
 2024-08-28 21:04:06,31.457,2.27,29.817,31.205,29.564
 2024-08-28 21:56:37,31.583,2.144,31.583,31.079,28.808
 2024-08-28 22:17:13,31.836,2.27,31.205,31.205,28.934
 2024-08-28 22:17:21,31.71,2.144,31.079,31.079,28.808
 2024-08-28 22:58:55,31.583,1.135,31.205,31.205,31.205
 2024-08-28 23:08:03,31.71,0,31.079,28.303,31.331
 2024-08-28 23:09:13,31.457,0.126,30.952,28.808,31.205
 2024-08-28 23:56:19,31.457,1.136,30.195,29.312,31.71
 2024-08-29 00:23:05,31.331,2.397,30.069,30.574,31.836
 2024-08-29 00:29:31,31.457,2.271,28.808,31.331,31.71
 2024-08-29 00:54:37,30.448,2.397,31.457,28.429,31.962
 2024-08-29 01:00:48,30.7,2.271,31.583,28.303,32.088
 2024-08-29 01:00:55,30.574,2.397,31.457,28.429,31.962
 2024-08-29 01:32:58,30.195,2.523,31.836,28.429,32.467
 2024-08-29 01:36:19,30.448,2.397,31.71,28.303,32.467
 2024-08-29 02:14:02,30.321,2.523,31.836,28.555,32.593
 2024-08-29 02:29:29,30.574,2.397,31.583,30.069,32.467
 2024-08-29 02:59:36,30.574,2.523,31.583,30.448,32.593
 2024-08-29 02:59:43,30.448,2.523,31.457,30.7,32.467
 2024-08-29 03:04:37,30.7,2.397,31.583,30.826,32.593
 2024-08-29 03:31:00,30.195,2.523,30.952,30.952,32.467
 2024-08-29 09:05:51,30.321,2.523,31.205,31.079,32.341
 2024-08-29 09:06:06,30.195,2.27,31.079,30.826,32.467
 2024-08-29 09:52:49,30.574,2.271,31.205,30.574,31.079
 2024-08-29 10:13:55,30.448,2.27,30.826,30.826,30.952
 2024-08-29 10:14:02,30.574,2.397,30.952,30.952,31.079
 2024-08-29 10:30:38,30.7,2.27,30.826,27.925,30.952
 2024-08-29 11:45:54,28.808,2.27,31.205,28.303,30.826
 2024-08-29 11:46:09,28.681,1.261,31.079,28.555,30.952
 2024-08-29 11:59:32,31.079,0,31.205,31.205,29.817
 2024-08-29 11:59:40,31.205,0.379,30.574,31.71,29.691
 2024-08-29 12:04:02,31.079,0.505,30.448,28.429,28.808
 2024-08-29 12:15:21,31.583,0.379,31.079,28.555,29.312
 2024-08-29 14:05:21,31.71,0.505,30.826,28.429,29.312
 2024-08-29 15:56:39,31.583,0.379,30.7,28.555,29.438
 2024-08-29 15:56:47,31.962,0.631,31.079,29.312,29.691
 2024-08-29 15:59:14,31.836,0.505,29.186,29.943,29.06
 2024-08-29 16:00:00,32.467,1.64,29.06,30.826,28.934
 2024-08-29 16:02:27,32.341,2.649,28.808,30.952,28.681
 2024-08-29 16:57:07,32.467,1.64,31.079,31.079,31.457
 2024-08-29 16:59:34,32.341,2.27,31.205,31.205,31.583
 2024-08-29 17:15:47,32.467,2.144,31.079,28.555,32.088
 2024-08-29 17:59:33,32.341,2.27,31.71,28.429,29.438
 2024-08-29 17:59:41,32.341,2.144,31.836,28.303,29.564
 2024-08-29 18:29:31,32.467,0.378,31.71,28.429,29.438
 2024-08-29 18:51:24,32.341,0.378,31.962,28.808,29.564
 2024-08-29 19:10:49,32.215,0.378,32.088,29.312,29.438
 2024-08-29 19:16:29,31.079,0,31.962,32.088,29.564
 2024-08-29 19:51:44,30.952,0.505,32.467,31.962,29.438
 2024-08-29 20:11:33,31.079,0.379,32.467,31.836,29.564
 2024-08-29 20:18:53,30.826,0.505,32.593,31.962,29.438
 2024-08-29 20:24:40,30.826,0.379,32.467,31.457,29.564
 2024-08-29 21:53:50,30.952,0.505,32.593,31.331,29.438
 2024-08-29 21:58:44,30.448,0.379,32.467,31.205,28.808
 2024-08-29 22:01:18,30.321,2.649,32.593,31.079,28.681
 2024-08-29 22:58:34,29.186,2.144,32.467,31.205,30.574
 2024-08-29 23:04:21,30.7,2.018,32.593,31.079,30.7
 2024-08-29 23:04:37,30.195,2.144,32.467,30.952,30.574
 2024-08-29 23:42:57,30.195,2.018,32.467,30.826,30.952
 2024-08-29 23:58:16,30.321,2.271,32.341,31.079,30.952
 2024-08-30 00:00:00,30.195,2.144,32.467,31.205,30.952
 2024-08-30 00:00:43,30.321,2.271,31.079,29.312,30.826
 2024-08-30 00:27:44,29.691,2.144,31.205,28.681,30.952
 2024-08-30 00:57:35,29.564,2.271,31.079,28.555,30.952
 2024-08-30 01:08:31,28.555,2.523,31.205,28.681,31.079
 2024-08-30 01:08:39,31.331,1.387,30.952,28.555,30.952
 2024-08-30 01:48:01,31.457,1.387,30.952,28.681,31.331
 2024-08-30 01:59:05,31.962,0.504,30.826,29.691,31.331
 2024-08-30 02:00:39,30.448,0,29.691,30.195,31.205
 2024-08-30 02:49:32,30.574,0.252,31.331,30.7,31.836
 2024-08-30 03:02:47,30.448,0.379,30.826,30.826,31.962
 2024-08-30 03:03:33,30.574,0.505,30.826,30.952,31.836
 2024-08-30 03:27:37,30.574,0.505,30.7,31.079,32.088
 2024-08-30 04:17:40,30.448,0.379,30.448,31.205,32.215
 2024-08-30 04:29:30,30.574,0.631,30.321,29.438,32.088
 2024-08-30 04:59:28,30.448,-18.864,28.681,28.429,32.088
 2024-08-30 04:59:36,30.574,0.505,31.331,28.681,32.215
 2024-08-30 05:01:32,30.448,0.631,31.457,29.186,32.088
 2024-08-30 05:19:17,30.7,0.379,30.952,31.583,32.215
 2024-08-30 08:16:11,30.574,0.505,31.205,31.457,32.088
 2024-08-30 08:21:36,29.06,0.757,31.079,30.826,28.934
 2024-08-30 08:37:33,28.934,2.145,31.205,29.186,29.312
 2024-08-30 11:23:17,28.681,2.144,31.205,29.312,29.438
 2024-08-30 11:23:25,30.448,2.27,31.079,30.7,29.312
 2024-08-30 12:06:54,30.574,2.397,31.205,30.826,29.438
 2024-08-30 12:07:02,30.448,0.378,30.826,29.312,29.312
 2024-08-30 13:13:25,30.826,0.378,30.952,28.934,29.438
 2024-08-30 13:13:33,30.826,0,30.826,28.429,29.312
 2024-08-30 15:58:23,30.952,0.505,31.205,28.555,29.438
 2024-08-30 15:58:39,30.826,0.379,31.079,28.429,29.817
 2024-08-30 15:59:33,31.205,0.505,31.205,31.205,29.312
 2024-08-30 16:00:27,31.205,-12.649,29.691,31.836,29.186
 2024-08-30 16:04:03,31.331,0.505,29.564,32.088,28.681
 2024-08-30 16:57:50,31.205,0.379,28.808,31.962,31.331
 2024-08-30 16:59:46,31.836,0.379,30.448,31.836,31.457
 2024-08-30 17:05:10,31.962,0.505,30.574,31.583,31.836
 2024-08-30 17:08:54,31.836,0.379,30.952,31.457,29.438
 2024-08-30 17:47:07,32.088,0.505,30.952,31.331,29.564
 2024-08-30 18:17:44,32.088,0.379,30.952,31.205,29.438
 2024-08-30 18:29:04,32.215,0.505,31.079,31.079,29.564
 2024-08-30 18:31:46,32.088,0.379,30.952,30.952,29.564
 2024-08-30 20:23:10,31.962,0.505,31.331,31.079,29.438
 2024-08-30 20:29:05,29.438,0.631,31.331,31.205,29.564
 2024-08-30 20:59:03,30.195,0.379,31.457,31.457,29.564
 2024-08-30 20:59:42,30.321,0.505,31.331,31.71,29.438
 2024-08-30 21:29:17,30.195,0.379,31.836,31.962,29.564
 2024-08-30 21:59:23,30.321,0.505,31.962,32.088,29.564
 2024-08-30 21:59:54,30.195,0.505,31.836,32.215,29.438
 2024-08-30 22:00:17,30.321,0.378,32.215,30.448,29.564
 2024-08-30 22:59:36,30.321,0.505,32.088,28.681,29.438
 2024-08-30 23:00:15,30.195,0.378,32.215,28.429,29.564
 2024-08-30 23:29:35,30.321,0.378,32.088,28.555,29.438
 2024-08-30 23:59:34,30.195,0.505,32.215,28.808,29.438
 2024-08-31 00:00:00,28.555,0.378,32.341,29.312,29.438
 2024-08-31 00:00:04,31.205,0.505,32.215,31.836,29.564
 2024-08-31 00:28:53,31.331,0.378,32.215,31.71,29.312
 2024-08-31 00:52:41,31.583,0.505,32.341,31.583,29.312
 2024-08-31 01:04:08,30.448,0.378,30.069,31.457,29.438
 2024-08-31 01:59:20,30.574,0.505,30.826,31.205,28.934
 2024-08-31 02:00:14,30.7,0.378,30.7,31.079,28.808
 2024-08-31 02:09:15,30.574,0.505,28.681,30.952,28.555
 2024-08-31 02:58:39,30.7,0.378,31.079,31.079,30.826
 2024-08-31 03:01:36,30.574,0.505,31.205,30.952,30.952
 2024-08-31 03:31:12,30.7,0.505,31.583,30.826,31.457
 2024-08-31 03:50:37,30.574,0.505,30.952,30.952,31.457
 2024-08-31 04:06:04,30.7,0.505,31.079,31.205,31.331
 2024-08-31 04:07:21,30.7,0.505,30.952,31.331,31.457
 2024-08-31 06:03:24,30.574,0.379,31.079,31.457,31.331
 2024-08-31 06:08:48,30.7,0.379,30.952,31.836,31.457
 2024-08-31 06:30:42,30.7,0.505,31.079,32.088,31.331
 2024-08-31 07:02:13,30.574,0.379,30.952,32.088,31.205
 2024-08-31 07:08:16,30.321,0.505,31.079,32.215,28.681
 2024-08-31 07:19:43,30.321,0.379,30.952,32.088,29.312
 2024-08-31 16:24:56,30.448,0.505,30.952,32.215,29.564
 2024-08-31 16:25:04,29.438,0.505,30.952,32.088,29.691
 2024-08-31 16:34:58,29.312,0.379,31.079,30.069,28.555
 2024-08-31 16:58:37,28.555,0.505,30.574,29.817,29.06
 2024-08-31 17:01:11,30.574,0.379,30.7,29.691,29.186
 2024-08-31 17:01:27,30.7,0.379,30.826,29.564,29.06
 2024-08-31 17:41:57,31.331,0.505,30.195,29.438,31.962
 2024-08-31 17:56:59,31.331,0.631,30.069,29.312,31.836
 2024-08-31 18:05:28,31.457,0.505,28.681,29.186,31.71
 2024-08-31 18:44:18,31.331,0.379,30.574,29.06,31.457
 2024-08-31 19:13:22,31.457,0.631,30.7,28.934,31.331
 2024-08-31 19:13:53,31.331,0.379,31.457,29.06,31.457
 2024-08-31 19:52:28,31.457,0.505,31.457,28.934,29.312
 2024-08-31 19:52:35,31.331,0.505,31.331,29.06,29.438
 2024-08-31 20:29:29,31.205,0.379,31.457,27.547,29.312
 2024-08-31 20:29:45,31.331,0.505,31.331,26.79,29.438
 2024-08-31 20:57:08,31.205,0.379,31.205,27.295,29.438
 2024-08-31 21:01:07,31.331,0.505,29.817,27.421,29.564
 2024-08-31 21:24:16,29.186,0.379,31.331,27.547,29.438
 2024-08-31 21:36:59,30.321,2.523,30.952,27.421,29.438
 2024-08-31 22:04:00,30.195,0.378,30.826,27.547,29.564
 2024-08-31 22:59:17,30.321,0.252,30.952,27.421,29.312
 2024-08-31 22:59:25,30.195,0.126,30.826,27.547,29.438
 2024-08-31 23:00:34,30.321,0.505,30.952,27.799,29.312
 2024-08-31 23:04:56,30.195,0.379,30.826,29.312,29.564
 2024-08-31 23:55:21,30.321,0.505,30.952,29.817,28.681
 2024-09-01 00:00:00,28.555,0.505,30.826,30.069,28.681
 2024-09-01 00:14:39,28.934,0.505,30.7,30.195,28.808
 2024-09-01 00:15:02,29.06,0.379,28.681,30.448,28.681
 2024-09-01 00:57:51,28.934,1.766,28.934,30.826,31.331
 2024-09-01 01:01:42,31.962,1.892,29.06,30.952,31.457
 2024-09-01 01:01:57,31.836,2.018,31.962,31.079,31.331
 2024-09-01 01:22:16,31.71,2.271,31.836,30.952,31.71
 2024-09-01 02:06:38,31.836,2.144,31.962,30.826,31.836
 2024-09-01 02:08:49,31.331,2.523,31.457,30.7,31.71
 2024-09-01 02:12:41,31.457,1.514,31.331,28.681,31.836
 2024-09-01 03:25:43,30.321,1.514,30.7,26.538,31.71
 2024-09-01 03:29:04,30.448,0.504,30.826,26.664,31.836
 2024-09-01 03:51:42,30.195,0.504,30.574,26.538,31.71
 2024-09-01 04:11:30,30.448,0.126,30.826,26.664,31.836
 2024-09-01 04:53:40,30.321,0.379,30.952,27.168,31.331
 2024-09-01 05:01:23,30.574,0.505,30.7,29.06,31.205
 2024-09-01 05:06:23,30.448,0.379,30.826,29.943,28.934
 2024-09-01 05:59:06,30.574,0.379,30.952,30.195,29.312
 2024-09-01 06:13:15,30.7,0.505,30.826,27.042,29.438
 2024-09-01 06:13:30,30.321,0.631,31.079,27.295,29.943
 2024-09-01 06:19:41,30.321,0.505,30.826,29.438,28.681
 2024-09-01 06:59:02,30.448,0.379,30.952,29.564,29.691
 2024-09-01 07:00:34,30.7,0.505,31.079,29.817,29.817
 2024-09-01 07:34:23,28.681,0.379,28.934,29.943,31.836
 2024-09-01 07:37:36,28.681,0.631,28.934,30.069,31.836
 2024-09-01 09:14:25,28.808,0.379,28.808,30.448,31.71
 2024-09-01 09:14:32,31.205,0.505,31.205,30.574,31.836
 2024-09-01 09:54:08,31.331,0.379,31.331,30.7,31.205
 2024-09-01 10:14:50,31.205,0.505,31.71,30.826,31.079
 2024-09-01 10:15:21,31.71,0.379,31.836,30.7,31.205
 2024-09-01 10:55:21,31.583,0.505,31.71,29.06,30.826
 2024-09-01 10:59:28,31.71,-23.303,31.836,26.79,30.952
 2024-09-01 10:59:51,31.583,2.523,31.71,26.538,30.826
 2024-09-01 11:04:29,31.836,2.144,31.836,26.79,30.952
 2024-09-01 11:36:23,31.71,2.271,31.71,29.564,30.7
 2024-09-01 11:43:58,31.583,2.397,31.836,29.817,30.7
 2024-09-01 12:07:30,31.71,2.271,31.331,29.691,30.574
 2024-09-01 12:07:38,31.583,2.397,31.205,29.564,30.7
 2024-09-01 12:51:20,31.71,1.387,29.817,29.438,30.448
 2024-09-01 12:59:34,31.205,0.252,31.331,29.691,30.574
 2024-09-01 12:59:42,31.331,0.252,30.952,27.673,30.448
 2024-09-01 13:34:48,31.205,0.505,30.826,26.79,30.321
 2024-09-01 13:42:31,31.331,0.379,30.952,26.916,30.321
 2024-09-01 14:09:15,29.312,0.505,28.681,26.79,30.195
 2024-09-01 14:09:31,30.321,0.505,29.438,26.664,30.321
 2024-09-01 14:45:00,30.448,0.505,29.564,26.79,29.943
 2024-09-01 14:51:18,28.555,0.379,31.836,26.664,30.069
 2024-09-01 15:47:45,29.438,0.505,31.71,26.79,29.943
 2024-09-01 15:48:47,29.564,0.505,31.836,27.673,30.069
 2024-09-01 15:59:04,31.836,0.379,31.205,28.429,29.943
 2024-09-01 15:59:43,31.71,0.505,31.331,29.186,30.069
 2024-09-01 16:28:54,31.836,0.379,31.205,29.312,29.943
 2024-09-01 16:34:57,31.71,0.505,31.331,29.438,29.943
 2024-09-01 17:07:05,31.836,0.379,30.952,29.564,30.069
 2024-09-01 17:07:13,31.205,0.505,30.952,29.817,29.943
 2024-09-01 17:58:31,31.079,0.379,30.826,30.069,30.069
 2024-09-01 18:00:50,31.205,0.505,30.952,30.321,29.943
 2024-09-01 18:19:07,30.826,0.379,30.7,30.448,30.069
 2024-09-01 19:37:32,30.7,0.505,30.7,30.321,29.943
 2024-09-01 19:37:40,30.826,0.379,30.574,30.448,30.069
 2024-09-01 19:46:17,30.574,0.505,30.7,28.934,29.943
 2024-09-01 20:46:50,30.574,0.379,30.574,26.538,30.069
 2024-09-01 20:47:36,30.448,2.649,30.448,26.286,29.943
 2024-09-01 20:59:03,30.574,2.649,30.574,26.79,30.069
 2024-09-01 21:00:12,30.448,2.144,30.321,28.934,29.943
 2024-09-01 21:28:06,30.321,1.892,30.321,29.564,30.069
 2024-09-01 21:54:58,30.448,2.018,30.195,29.438,30.069
 2024-09-01 22:01:24,30.195,246,30.321,29.312,29.943
 2024-09-01 22:16:50,30.195,246,30.069,29.186,30.069
 2024-09-01 23:26:01,30.069,2.144,30.195,29.06,30.195
 2024-09-01 23:29:06,29.943,246,30.069,29.312,30.069
 2024-09-01 23:57:54,30.069,2.144,29.943,27.799,30.195
 2024-09-02 00:00:00,29.943,2.27,30.069,26.286,30.195
 2024-09-02 00:45:43,30.069,2.144,30.069,26.412,30.069
 2024-09-02 00:47:39,29.943,1.261,29.943,26.286,30.195
 2024-09-02 01:51:10,30.069,0,30.069,30.195,30.069
 2024-09-02 01:55:48,29.943,0.126,30.195,26.412,30.321
 2024-09-02 02:00:41,29.817,0.505,29.943,27.799,30.448
 2024-09-02 02:49:10,29.943,0.505,29.943,28.177,30.7
 2024-09-02 03:04:51,30.069,0.631,30.069,28.808,30.826
 2024-09-02 03:04:59,29.943,0.631,29.943,28.934,30.7
 2024-09-02 03:54:13,30.069,2.776,30.069,29.06,30.826
 2024-09-02 04:00:31,29.943,2.271,29.943,29.186,30.952
 2024-09-02 04:11:27,30.069,2.397,30.069,29.312,31.079
 2024-09-02 04:40:23,30.069,2.018,30.195,28.934,30.7
 2024-09-02 04:41:01,30.195,2.144,30.069,28.808,30.7
 2024-09-02 05:37:04,30.069,0.504,30.195,28.555,30.826
 2024-09-02 05:37:20,30.321,0.504,30.195,28.429,30.7
 2024-09-02 05:51:29,30.195,0.252,30.321,28.555,30.952
 2024-09-02 06:13:51,30.7,0.252,30.448,28.808,31.079
 2024-09-02 06:14:37,30.574,0.126,30.7,28.934,30.952
 2024-09-02 06:23:37,30.7,0.505,30.7,31.583,31.079
 2024-09-02 07:37:11,30.574,0.505,30.826,26.16,31.205
 2024-09-02 07:37:18,30.826,0.379,30.7,26.286,31.079
 2024-09-02 07:40:23,30.826,0.505,30.952,28.934,31.205
 2024-09-02 09:33:39,30.952,0.505,30.826,29.438,31.079
 2024-09-02 09:33:47,30.574,0.379,30.952,29.312,31.205
 2024-09-02 09:58:05,30.7,0.505,31.079,29.186,30.7
 2024-09-02 10:40:38,30.574,0.379,30.7,29.06,30.574
 2024-09-02 10:40:46,30.826,0.505,30.826,28.934,30.7
 2024-09-02 10:57:52,30.952,0.379,30.952,28.429,30.574
 2024-09-02 12:08:36,30.826,0.505,31.079,26.412,30.7
 2024-09-02 12:29:26,30.952,0.379,30.952,26.286,30.574
 2024-09-02 12:59:31,31.079,0.505,31.079,26.412,30.7
 2024-09-02 12:59:39,30.952,0.379,31.205,26.286,30.574
 2024-09-02 13:03:46,31.079,0.505,31.079,26.412,30.7
 2024-09-02 13:59:33,31.205,0.379,31.205,26.286,30.7
 2024-09-02 13:59:41,31.079,0.505,31.079,26.286,30.574
 2024-09-02 14:07:24,31.205,0.379,30.826,26.412,30.7
 2024-09-02 14:30:02,31.079,0.379,30.7,29.312,28.681
 2024-09-02 14:55:38,31.205,0.631,30.826,29.564,28.934
 2024-09-02 15:00:38,30.7,2.902,30.7,30.069,29.06
 2024-09-02 15:45:00,30.574,2.649,30.574,30.195,30.448
 2024-09-02 16:10:12,30.7,2.018,30.7,30.448,30.574
 2024-09-02 16:10:27,30.574,1.513,30.574,30.574,30.448
 2024-09-02 16:38:52,30.448,0.126,28.681,30.448,30.574
 2024-09-02 17:04:58,28.555,0.126,28.934,30.574,30.7
 2024-09-02 17:18:20,28.808,2.524,29.06,28.934,30.826
 2024-09-02 18:17:59,28.934,2.27,30.448,28.808,30.7
 2024-09-02 18:19:55,30.321,2.397,30.574,28.681,29.312
 2024-09-02 18:48:13,30.448,2.144,30.448,28.808,29.438
 2024-09-02 19:06:05,30.321,1.892,30.574,28.681,29.312
 2024-09-02 19:28:28,30.574,2.144,30.7,28.934,29.438
 2024-09-02 19:47:52,30.448,2.523,30.952,29.06,29.438
 2024-09-02 21:08:52,30.574,0.378,30.952,29.312,29.564
 2024-09-02 23:50:38,30.448,0.505,30.826,29.564,29.438
 2024-09-02 23:58:28,30.826,0.505,30.952,26.16,28.681
 2024-09-03 00:00:00,30.826,0.505,30.448,26.034,28.681
 2024-09-03 00:16:44,30.7,0.505,30.826,26.16,28.808
 2024-09-03 00:16:51,30.826,0.379,30.7,26.034,28.681
 2024-09-03 00:56:58,30.069,0.505,30.826,26.16,30.574
 2024-09-03 01:03:24,30.321,0.379,30.7,26.034,30.7
 2024-09-03 01:04:10,30.195,0.505,30.826,26.16,30.574
 2024-09-03 01:59:27,30.321,0.379,30.7,26.79,31.079
 2024-09-03 02:20:26,30.069,0.505,30.826,27.799,31.205
 2024-09-03 02:20:33,30.195,0.379,30.952,29.438,31.079
 2024-09-03 02:51:25,30.321,0.505,31.079,29.312,31.331
 2024-09-03 02:59:07,30.195,0.379,30.952,29.186,31.331
 2024-09-03 03:07:21,30.448,0.379,31.079,29.06,31.205
 2024-09-03 03:07:29,30.321,0.505,30.952,29.312,31.331
 2024-09-03 09:06:27,30.448,1.64,31.079,29.438,31.457
 2024-09-03 09:56:29,30.321,0.505,29.186,26.286,30.826
 2024-09-03 10:47:16,30.7,0.631,29.06,26.412,30.7
 2024-09-03 10:56:01,30.826,0.505,29.186,26.286,30.826
 2024-09-03 11:04:07,28.808,0.379,28.808,26.412,30.7
 2024-09-03 11:04:14,28.808,0.505,30.448,26.286,30.826
 2024-09-03 11:30:21,28.681,0.379,30.574,26.412,30.7
 2024-09-03 16:57:41,30.448,1.766,30.448,26.286,30.574
 2024-09-03 16:59:22,30.574,2.775,31.079,26.412,29.186
 2024-09-03 17:01:10,30.952,1.766,31.079,26.286,29.312
 2024-09-03 17:08:29,30.952,2.018,31.205,27.042,29.564
 2024-09-03 17:31:39,31.079,2.144,31.079,27.673,29.438
 2024-09-03 19:27:52,30.952,2.018,31.331,28.555,29.564
 2024-09-03 19:28:00,31.205,2.144,31.331,28.681,29.438
 2024-09-03 21:23:36,31.205,2.018,31.457,28.934,29.312
 2024-09-03 21:29:46,31.331,2.144,31.331,29.06,28.681
 2024-09-03 21:57:49,31.205,1.135,31.457,28.934,29.06
 2024-09-03 22:01:01,31.331,0.252,31.331,29.06,29.186
 2024-09-03 22:59:10,31.205,0.252,31.331,28.934,30.7
 2024-09-03 22:59:41,31.331,-0.126,31.457,29.06,30.574
 2024-09-03 23:56:25,31.205,2.524,31.331,28.934,30.952
 2024-09-04 00:00:00,31.331,2.27,31.457,29.06,30.952
 2024-09-04 00:20:52,31.205,2.27,31.331,29.06,31.079
 2024-09-04 00:21:30,30.826,2.144,31.457,29.186,30.952
 2024-09-04 00:34:46,30.7,1.892,30.952,28.555,31.079
 2024-09-04 01:04:22,30.826,2.018,30.826,28.429,31.205
 2024-09-04 01:09:31,30.7,2.144,30.952,26.664,31.079
 2024-09-04 01:14:32,30.574,2.018,30.826,26.034,31.205
 2024-09-04 02:50:37,30.7,2.144,30.7,26.034,31.331
 2024-09-04 02:54:37,30.574,2.018,30.826,26.16,31.205
 2024-09-04 02:59:22,30.7,2.523,30.7,26.034,31.331
 2024-09-04 02:59:38,30.574,1.513,30.826,26.16,31.205
 2024-09-04 03:00:01,30.574,0.252,30.7,26.034,31.331
 2024-09-04 03:59:27,30.7,0.252,30.574,26.16,31.331
 2024-09-04 03:59:58,30.574,0.252,30.448,28.429,31.205
 2024-09-04 04:27:38,30.7,0.505,30.321,28.808,31.331
 2024-09-04 04:56:58,30.069,0.379,30.952,26.286,31.331
 2024-09-04 04:59:40,30.195,0.379,30.826,26.412,31.205
 2024-09-04 05:28:36,30.574,0.505,30.952,26.286,31.331
 2024-09-04 05:57:10,30.448,0.505,30.826,26.412,31.331
 2024-09-04 06:03:43,30.574,0.505,30.952,26.286,31.205
 2024-09-04 06:29:19,30.448,0.379,30.826,26.664,31.331
 2024-09-04 06:57:14,30.574,3.28,30.952,28.429,31.331
 2024-09-04 07:00:35,30.7,1.261,30.952,28.555,31.205
 2024-09-04 07:26:19,28.681,2.27,30.826,28.681,31.331
 2024-09-04 07:56:33,28.934,2.396,30.952,28.808,31.331
 2024-09-04 08:02:12,29.06,2.144,30.826,28.934,31.205
 2024-09-04 08:29:30,30.574,2.27,30.952,29.06,31.331
 2024-09-04 08:50:20,30.7,2.144,28.681,27.168,28.808
 2024-09-04 08:58:57,30.574,2.27,28.934,26.16,29.438
 2024-09-04 09:01:40,30.826,2.144,29.06,26.034,29.312
 2024-09-04 09:05:39,30.826,2.144,30.7,26.16,29.186
 2024-09-04 10:35:52,30.952,2.27,30.574,26.79,246
 2024-09-05 00:00:00,30.826,2.144,30.7,27.673,246
 2024-09-05 14:05:38,31.079,2.27,30.574,29.564,29.312
 2024-09-05 14:06:34,31.079,1.513,30.952,27.547,29.186
 2024-09-05 14:07:16,31.205,0.252,30.952,26.286,246
 2024-09-05 14:52:35,31.079,0.126,31.079,26.16,29.312
 2024-09-05 15:01:20,31.205,2.144,30.952,26.286,29.186
 2024-09-05 15:01:27,31.079,1.892,31.079,26.16,29.312
 2024-09-05 15:50:11,29.186,2.018,31.205,26.286,29.312
 2024-09-05 16:08:58,30.448,2.523,31.079,27.042,29.438
 2024-09-05 16:15:39,30.321,2.649,31.331,27.799,28.555
 2024-09-05 16:58:43,29.943,2.523,31.205,28.555,30.195
 2024-09-05 17:00:16,246,2.649,31.331,28.681,30.321
 2024-09-05 17:29:19,246,1.514,31.205,28.934,31.962
 2024-09-05 17:59:01,30.195,2.649,31.205,28.808,31.71
 2024-09-05 18:00:10,246,2.649,31.331,28.934,31.836
 2024-09-05 18:24:59,30.195,1.766,31.205,28.808,29.438
 2024-09-05 21:52:07,30.321,0.126,31.331,28.934,29.564
 2024-09-05 21:58:48,30.195,0.126,31.205,61.638,29.438
 2024-09-05 22:00:52,30.321,0.379,29.817,28.934,29.564
 2024-09-05 22:36:52,28.429,0.505,31.205,29.06,28.681
 2024-09-05 22:59:06,29.943,0.505,31.079,28.808,28.808
 2024-09-05 23:02:27,30.069,0.505,30.448,28.429,28.934
 2024-09-05 23:53:29,31.836,0.631,30.574,28.303,31.079
 2024-09-06 00:00:00,31.71,2.649,30.448,26.664,31.079
 2024-09-06 00:01:04,31.583,1.64,246,26.034,31.205
 2024-09-06 00:01:27,31.71,5.168,246,26.16,31.079
 2024-09-06 00:27:48,30.448,1.387,30.826,26.412,31.331
 2024-09-06 00:47:21,30.574,2.27,246,26.16,31.331
 2024-09-06 01:08:41,30.448,2.397,30.826,26.034,31.457
 2024-09-06 01:08:49,30.574,2.27,30.7,26.16,31.331
 2024-09-06 01:17:41,30.7,2.397,30.826,26.034,31.457
 2024-09-06 03:30:45,30.574,2.27,28.681,26.286,31.331
 2024-09-06 03:58:54,30.7,2.397,29.943,26.664,31.457
 2024-09-06 04:00:42,28.555,0.252,30.069,28.177,31.331
 2024-09-06 04:08:10,28.681,0.378,31.962,28.303,31.457
 2024-09-06 04:59:19,28.808,0.126,31.836,28.555,31.457
 2024-09-06 05:00:21,31.079,0.505,31.71,28.681,31.331
 2024-09-06 05:29:32,30.952,0.252,31.836,28.934,31.457
 2024-09-06 05:59:22,31.079,0.379,30.952,28.808,31.331
 2024-09-06 05:59:45,30.952,0.505,30.952,27.168,31.457
 2024-09-06 06:00:31,30.952,0.631,31.079,25.782,31.331
 2024-09-06 06:58:53,31.205,0.505,30.952,25.908,31.457
 2024-09-06 07:22:32,31.331,2.524,31.079,28.555,31.331
 2024-09-06 07:22:40,31.205,2.523,30.952,29.186,31.457
 2024-09-06 07:59:18,31.457,2.27,31.079,29.438,31.331
 2024-09-06 07:59:49,31.331,2.397,31.079,25.908,31.457
 2024-09-06 08:48:17,31.457,2.27,30.952,26.034,28.808
 2024-09-06 08:57:55,31.331,2.397,31.079,25.908,29.438
 2024-09-06 09:00:37,31.331,2.27,31.079,26.16,29.312
 2024-09-06 09:00:52,31.205,2.397,30.952,26.538,29.438
 2024-09-06 09:25:49,29.312,2.27,28.681,28.051,29.186
 2024-09-06 09:49:43,30.448,2.144,28.808,28.177,29.186
 2024-09-06 10:51:04,30.321,2.27,28.934,28.303,29.312
 2024-09-06 10:51:19,30.069,2.144,31.079,28.429,29.186
 2024-09-06 13:37:17,30.195,2.27,31.079,28.555,29.312
 2024-09-06 13:37:24,28.555,1.261,31.205,28.429,29.186
 2024-09-06 16:15:09,29.312,0.504,31.079,28.555,29.312
 2024-09-06 16:15:24,29.438,-0.126,31.331,28.429,29.564
 2024-09-06 16:23:15,31.583,0.126,31.331,28.555,28.555
 2024-09-06 16:59:00,30.321,0.379,31.457,28.808,29.564
 2024-09-06 17:00:09,30.448,0.505,31.331,28.555,29.691
 2024-09-06 17:30:29,30.069,0.505,31.457,28.177,31.71
 2024-09-06 17:54:08,29.943,0.505,31.331,28.051,29.312
 2024-09-06 18:23:04,30.069,0.379,31.457,27.925,29.186
 2024-09-06 18:23:58,29.943,0.505,29.817,28.051,29.312
 2024-09-06 18:56:22,30.321,2.649,31.205,28.303,29.186
 2024-09-06 19:05:14,29.312,2.018,31.079,26.664,29.06
 2024-09-06 19:12:10,30.826,1.892,30.574,25.908,29.186
 2024-09-06 21:13:30,30.826,2.018,30.574,25.782,29.312
 2024-09-06 23:55:13,30.952,2.271,30.7,25.656,30.952
 2024-09-07 00:00:00,30.826,2.523,30.574,26.034,30.952
 2024-09-07 00:12:03,31.205,1.514,30.7,27.421,31.079
 2024-09-07 00:17:43,31.079,0.504,30.574,27.547,30.952
 2024-09-07 00:40:59,31.205,0.504,30.448,27.799,31.205
 2024-09-07 00:43:02,31.079,0.252,28.681,28.051,31.205
 2024-09-07 09:22:32,31.205,0.252,29.312,28.177,31.079
 2024-09-07 09:22:47,31.205,0.505,29.438,28.429,31.205
 2024-09-07 09:42:58,31.079,0.379,31.71,28.681,30.7
 2024-09-07 10:30:32,31.205,0.505,30.952,28.808,30.574
 2024-09-07 10:56:30,31.205,0.505,30.826,28.934,30.7
 2024-09-07 10:59:20,31.079,0.505,30.952,29.06,30.574
 2024-09-07 11:08:12,31.205,0.379,30.448,29.186,30.7
 2024-09-07 11:20:25,31.205,0.379,30.321,29.06,30.574
 2024-09-07 12:01:49,31.079,0.631,30.448,29.186,30.448
 2024-09-07 12:05:25,31.205,0.505,30.195,27.799,28.681
 2024-09-07 12:59:57,31.205,0.631,30.321,25.656,29.06
 2024-09-07 13:00:05,31.079,0.379,29.312,25.404,29.186
 2024-09-07 13:09:51,31.205,0.505,30.952,25.53,29.06
 2024-09-07 13:58:04,31.079,0.379,30.952,25.908,29.06
 2024-09-07 14:00:15,30.952,0.505,31.079,25.404,29.186
 2024-09-07 14:09:53,31.079,0.379,30.952,25.782,29.06
 2024-09-07 14:49:06,30.574,0.505,31.205,27.421,29.186
 2024-09-07 15:12:22,30.448,0.505,31.205,28.429,29.06
 2024-09-07 15:12:29,28.934,1.64,31.331,25.404,29.186
 2024-09-07 16:14:11,30.7,2.649,31.205,25.53,29.06
 2024-09-07 16:25:07,29.943,-50,31.205,25.404,28.429
 2024-09-07 16:59:34,30.069,2.397,31.331,25.278,29.564
 2024-09-07 17:00:44,29.943,2.018,31.205,25.404,29.691
 2024-09-07 17:25:32,30.069,2.144,31.205,27.673,31.583
 2024-09-07 17:38:00,29.943,2.018,31.079,27.799,29.312
 2024-09-07 18:48:44,30.069,1.009,31.205,28.303,29.186
 2024-09-07 19:16:30,29.943,0.504,30.7,28.429,29.06
 2024-09-07 19:28:19,30.069,0.126,30.574,28.555,29.186
 2024-09-07 19:59:34,29.943,0.379,30.7,28.429,29.186
 2024-09-07 20:00:12,30.069,0.379,30.574,28.555,29.06
 2024-09-07 20:29:23,28.429,0.505,30.7,25.278,29.186
 2024-09-07 20:59:36,29.312,0.505,29.438,25.152,29.06
 2024-09-07 20:59:59,29.438,0.505,31.331,25.53,29.186
 2024-09-07 21:29:56,31.457,0.379,30.574,27.421,29.06
 2024-09-07 21:35:36,30.321,-1.515,30.448,28.429,29.312
 2024-09-07 22:01:34,30.448,2.649,28.555,28.934,29.186
 2024-09-07 22:07:21,30.069,2.145,29.312,28.808,28.555
 2024-09-07 22:58:24,29.943,2.271,29.438,28.934,30.069
 2024-09-07 23:00:43,30.069,2.397,31.457,28.429,30.195
 2024-09-07 23:48:55,29.943,2.271,30.826,28.681,30.952
 2024-09-08 00:00:00,30.069,2.397,30.7,28.808,30.952
 2024-09-08 00:02:25,29.943,2.523,30.448,28.303,31.079
 2024-09-08 00:04:20,30.448,2.397,30.321,28.177,30.952
 2024-09-08 00:43:25,30.321,2.523,30.448,27.925,31.205
 2024-09-08 00:47:47,28.429,1.514,30.195,27.799,31.205
 2024-09-08 01:10:09,29.943,-26.086,30.321,26.286,31.331
 2024-09-08 01:10:17,30.069,0.378,30.195,25.026,31.205
 2024-09-08 01:14:16,29.943,0.378,30.321,25.152,31.331
 2024-09-08 08:16:21,30.952,0.252,30.195,25.026,31.205
 2024-09-08 08:29:36,30.952,0.505,30.826,25.278,31.331
 2024-09-08 08:59:33,31.079,0.379,30.7,26.79,28.555
 2024-09-08 09:01:36,30.952,0.505,30.826,27.925,28.681
 2024-09-08 09:05:28,31.205,0.505,28.555,25.152,29.438
 2024-09-08 09:58:56,31.079,0.505,29.943,25.026,29.06
 2024-09-08 10:00:06,31.205,0.505,30.069,25.152,29.186
 2024-09-08 10:28:08,31.079,0.379,30.952,25.026,29.06
 2024-09-08 10:58:26,31.205,0.505,30.952,24.9,29.06
 2024-09-08 11:01:39,31.331,0.379,31.079,25.026,29.186
 2024-09-08 11:29:49,31.205,0.505,30.952,25.026,29.06
 2024-09-08 11:59:08,31.331,0.379,31.205,25.53,29.186
 2024-09-08 12:01:12,31.205,0.505,31.205,27.673,29.06
 2024-09-08 12:18:25,31.331,0.631,31.331,27.925,29.186
 2024-09-08 12:59:03,31.205,0.505,31.205,28.051,29.186
 2024-09-08 13:26:48,31.331,0.379,31.331,28.177,29.06
 2024-09-08 13:27:04,31.205,0.505,31.205,28.051,29.186
 2024-09-08 13:50:26,31.205,0.379,29.817,25.026,29.186
 2024-09-08 14:19:45,31.079,0.505,29.691,24.774,29.06
 2024-09-08 14:29:47,29.06,0.379,29.564,24.9,29.186
 2024-09-08 14:57:40,29.186,-41.019,31.205,24.774,29.186
 2024-09-08 15:08:05,30.574,0.505,30.7,22.885,29.06
 2024-09-08 15:09:45,30.069,0.505,30.574,25.53,29.186
 2024-09-08 15:55:54,30.195,1.766,28.429,26.412,29.186
 2024-09-08 16:05:25,30.069,2.901,28.555,52.86,29.06
 2024-09-08 16:29:20,30.069,2.145,28.681,28.303,29.564
 2024-09-08 16:35:30,30.195,2.271,30.826,28.429,28.429
 2024-09-08 16:58:38,30.069,2.397,30.574,27.799,28.681
 2024-09-08 17:01:28,30.069,2.523,30.7,27.673,28.808
 2024-09-08 17:13:02,30.195,1.514,30.574,27.547,28.681
 2024-09-08 17:17:17,30.069,0.378,31.079,27.421,29.438
 2024-09-08 17:59:28,30.195,0.504,30.952,27.547,29.312
 2024-09-08 17:59:59,28.303,0.252,31.079,25.908,29.186
 2024-09-08 18:47:56,28.555,0.505,30.952,24.774,29.438
 2024-09-08 22:12:20,28.681,-16.955,31.079,24.648,29.312
 2024-09-08 22:25:35,28.555,0.379,30.952,24.774,29.438
 2024-09-08 22:59:39,30.321,0.505,31.079,24.648,29.186
 2024-09-08 23:00:25,30.069,0.505,31.079,24.774,29.06
 2024-09-08 23:05:42,30.195,0.505,30.952,24.648,28.555
 2024-09-08 23:59:49,30.069,0.379,31.079,24.774,30.195
 2024-09-09 00:00:00,30.574,0.505,30.952,24.648,30.195
 2024-09-09 00:00:04,30.7,0.505,31.079,24.774,30.069
 2024-09-09 00:42:14,30.574,0.505,30.826,25.278,30.826
 2024-09-09 00:48:40,30.7,1.767,30.826,27.042,30.826
 2024-09-09 01:19:31,30.574,2.776,30.7,24.9,30.952
 2024-09-09 01:19:54,30.7,1.766,28.681,24.774,30.826
 2024-09-09 01:52:18,30.195,2.775,29.943,24.9,31.205
 2024-09-09 01:59:30,30.069,2.144,29.943,24.774,31.079
 2024-09-09 02:00:17,28.555,2.271,30.069,24.774,31.205
