{
    "tagnames": [
        "3370-02-AI096",
        "3370-02-G-MODE",
        "3370-02-P-MODE",
        "3370-02-AI097"
    ],
    "target_tagnames": [
        "3370-02-AI096",
        "3370-02-G-MODE",
        "3370-02-P-MODE",
        "3370-02-AI097"
    ],
    "data_params": {
        "sampling_interval_seconds": 5,
        "durations": [
            {
                "start": "2023-11-25 00:20:45.473",
                "end": "2024-05-13 15:57:33.435"
            },
            {
                "start": "2024-05-15 02:38:46.717",
                "end": "2024-05-28 08:36:38.473"
            },
            {
                "start": "2024-07-13 11:42:17.404",
                "end": "2024-09-04 00:00:00.000"
            }
        ]
    },
    "model_params": {
        "window_size": 8,
        "scaler_type": "MinMaxScaler",
        "optimizer_type": "ADAM"
    },
    "hyper_params": {
        "num_epochs": 300,
        "batch_size": 1024,
        "learning_rate": 0.001,
        "early_stop_patience": 9223372036854775807
    }
}