{
    "tagnames": [
        "3370-02-EXC-MAI007",
        "3370-02-EXC-MAI008",
        "3370-02-EXC-MAI009",
        "3370-02-EXC-MAI010",
        "3370-02-EXC-MAI012",
        "3370-02-EXC-MAI013",
        "3370-02-EXC-MAI014",
        "3370-02-EXC-MAI015",
        "3370-02-EXC-MAI016",
        "3370-02-EXC-MAI017",
        "3370-02-GEN-AI055",
        "3370-02-GEN-AI056"
    ],
    "target_tagnames": [
        "3370-02-EXC-MAI007",
        "3370-02-EXC-MAI008",
        "3370-02-EXC-MAI009",
        "3370-02-EXC-MAI010",
        "3370-02-EXC-MAI012",
        "3370-02-EXC-MAI013",
        "3370-02-EXC-MAI014",
        "3370-02-EXC-MAI015",
        "3370-02-EXC-MAI016",
        "3370-02-EXC-MAI017",
        "3370-02-GEN-AI055",
        "3370-02-GEN-AI056"
    ],
    "data_params": {
        "sampling_interval_seconds": 5,
        "durations": [
            {
                "start": "2023-11-24 23:59:55",
                "end": "2024-06-29 23:59:52"
            }
        ]
    },
    "model_params": {
        "window_size": 8,
        "scaler_type": "MinMaxScaler",
        "optimizer_type": "ADAM"
    },
    "hyper_params": {
        "num_epochs": 300,
        "batch_size": 1024,
        "learning_rate": 0.001,
        "early_stop_patience": 9223372036854775807
    }
}