{
    "tagnames": [
        "3370-02-G-MODE",
        "3370-02-GEN-AI001",
        "3370-02-GEN-AI002",
        "3370-02-GEN-AI003",
        "3370-02-GEN-AI004",
        "3370-02-GEN-AI013",
        "3370-02-GEN-AI014",
        "3370-02-GEN-AI011",
        "3370-02-GEN-AI015",
        "3370-02-GEN-AI016",
        "3370-02-GEN-AI018",
        "3370-02-GEN-AI005",
        "3370-02-GEN-AI006",
        "3370-02-GEN-AI007",
        "3370-02-GEN-AI008",
        "3370-02-GEN-AI009",
        "3370-02-GEN-AI010",
        "3370-02-GEN-AI017",
        "3370-02-P-MODE"
    ],
    "target_tagnames": [
        "3370-02-G-MODE",
        "3370-02-GEN-AI001",
        "3370-02-GEN-AI002",
        "3370-02-GEN-AI003",
        "3370-02-GEN-AI004",
        "3370-02-GEN-AI013",
        "3370-02-GEN-AI014",
        "3370-02-GEN-AI011",
        "3370-02-GEN-AI015",
        "3370-02-GEN-AI016",
        "3370-02-GEN-AI018",
        "3370-02-GEN-AI005",
        "3370-02-GEN-AI006",
        "3370-02-GEN-AI007",
        "3370-02-GEN-AI008",
        "3370-02-GEN-AI009",
        "3370-02-GEN-AI010",
        "3370-02-GEN-AI017",
        "3370-02-P-MODE"
    ],
    "data_params": {
        "sampling_interval_seconds": 5,
        "durations": [
            {
                "start": "2023-11-25 00:00:02.486",
                "end": "2024-05-14 06:24:43.969"
            },
            {
                "start": "2024-05-15 08:25:38.931",
                "end": "2024-05-28 11:30:04.580"
            },
            {
                "start": "2024-07-16 20:38:28.396",
                "end": "2024-09-04 00:00:00.000"
            }
        ]
    },
    "model_params": {
        "window_size": 8,
        "scaler_type": "MinMaxScaler",
        "optimizer_type": "ADAM"
    },
    "hyper_params": {
        "num_epochs": 300,
        "batch_size": 1024,
        "learning_rate": 0.001,
        "early_stop_patience": 9223372036854775807
    }
}