{
    "tagnames": [
        "3370-01-AI007",
        "3370-01-AI008",
        "3370-01-AI009",
        "3370-01-AI013",
        "3370-01-AI014",
        "3370-01-AI015",
        "3370-01-AI063",
        "3370-01-AI064",
        "3370-01-AI065",
        "3370-01-AI066",
        "3370-01-AI066-5",
        "3370-01-AI064-3",
        "3370-01-P-MODE",
        "3370-01-G-MODE"
    ],
    "target_tagnames": [
        "3370-01-AI007",
        "3370-01-AI008",
        "3370-01-AI009",
        "3370-01-AI013",
        "3370-01-AI014",
        "3370-01-AI015",
        "3370-01-AI063",
        "3370-01-AI064",
        "3370-01-AI065",
        "3370-01-AI066",
        "3370-01-AI066-5",
        "3370-01-AI064-3",
        "3370-01-P-MODE",
        "3370-01-G-MODE"
    ],
    "data_params": {
        "sampling_interval_seconds": 5,
        "durations": [
            {
                "start": "2023-11-25 00:00:25",
                "end": "2024-02-24 00:00:00"
            }
        ]
    },
    "model_params": {
        "window_size": 8,
        "scaler_type": "MinMaxScaler",
        "optimizer_type": "ADAM"
    },
    "hyper_params": {
        "num_epochs": 300,
        "batch_size": 1024,
        "learning_rate": 0.001,
        "early_stop_patience": 9223372036854775807
    }
}