{
    "tagnames": [
        "3370-01-AI066-5",
        "3370-01-AI064-3"
    ],
    "target_tagnames": [
        "3370-01-AI066-5",
        "3370-01-AI064-3"
    ],
    "data_params": {
        "sampling_interval_seconds": 5,
        "durations": [
            {
                "start": "2023-11-25 00:00:02",
                "end": "2024-01-23 23:59:59"
            }
        ]
    },
    "model_params": {
        "window_size": 8,
        "scaler_type": "MinMaxScaler",
        "optimizer_type": "ADAM"
    },
    "hyper_params": {
        "num_epochs": 10,
        "batch_size": 1024,
        "learning_rate": 0.001,
        "early_stop_patience": 9223372036854775807
    }
}