{
    "tagnames": [
        "3370-20-COMP-C-LCP-AI001",
        "3370-20-COMP-A-LCP-AI001",
        "3370-20-COMP-A-LCP-AI002",
        "3370-20-COMP-A-LCP-AI003",
        "3370-20-COMP-B-LCP-AI001",
        "3370-20-COMP-B-LCP-AI002",
        "3370-20-COMP-B-LCP-AI003",
        "3370-20-COMP-C-LCP-AI002",
        "3370-20-COMP-C-LCP-AI003",
        "3370-20-E2F21",
        "3370-20-E2F22",
        "3370-20-E2F23",
        "3370-20-E2F25",
        "3370-20-E2F26",
        "3370-20-E2F27",
        "3370-20-E2F29",
        "3370-20-E2F30",
        "3370-20-E2F31"
    ],
    "target_tagnames": [
        "3370-20-COMP-C-LCP-AI001",
        "3370-20-COMP-A-LCP-AI001",
        "3370-20-COMP-A-LCP-AI002",
        "3370-20-COMP-A-LCP-AI003",
        "3370-20-COMP-B-LCP-AI001",
        "3370-20-COMP-B-LCP-AI002",
        "3370-20-COMP-B-LCP-AI003",
        "3370-20-COMP-C-LCP-AI002",
        "3370-20-COMP-C-LCP-AI003",
        "3370-20-E2F21",
        "3370-20-E2F22",
        "3370-20-E2F23",
        "3370-20-E2F25",
        "3370-20-E2F26",
        "3370-20-E2F27",
        "3370-20-E2F29",
        "3370-20-E2F30",
        "3370-20-E2F31"
    ],
    "data_params": {
        "sampling_interval_seconds": 5,
        "durations": [
            {
                "start": "2023-11-25 00:00:10.466",
                "end": "2024-05-14 03:31:17.862"
            },
            {
                "start": "2024-05-15 02:38:46.717",
                "end": "2024-06-13 00:23:12.366"
            },
            {
                "start": "2024-06-14 11:04:25.648",
                "end": "2024-09-03 23:59:53.885"
            }
        ]
    },
    "model_params": {
        "window_size": 8,
        "scaler_type": "MinMaxScaler",
        "optimizer_type": "ADAM"
    },
    "hyper_params": {
        "num_epochs": 300,
        "batch_size": 1024,
        "learning_rate": 0.001,
        "early_stop_patience": 9223372036854775807
    }
}