{
    "tagnames": [
        "3370-02-AI035",
        "3370-02-AI036",
        "3370-02-AI037",
        "3370-02-G-MODE",
        "3370-02-P-MODE",
        "3370-02-PT-SHAFTSEAL-LCP-AI01"
    ],
    "target_tagnames": [
        "3370-02-AI035",
        "3370-02-AI036",
        "3370-02-AI037",
        "3370-02-G-MODE",
        "3370-02-P-MODE",
        "3370-02-PT-SHAFTSEAL-LCP-AI01"
    ],
    "data_params": {
        "sampling_interval_seconds": 5,
        "durations": [
            {
                "start": "2023-11-25 00:00:02.486",
                "end": "2024-05-13 22:11:52.276"
            },
            {
                "start": "2024-05-14 22:42:11.585",
                "end": "2024-05-28 02:49:20.667"
            },
            {
                "start": "2024-07-12 20:39:45.697",
                "end": "2024-08-08 00:00:00.000"
            }
        ]
    },
    "model_params": {
        "window_size": 8,
        "scaler_type": "MinMaxScaler",
        "optimizer_type": "ADAM"
    },
    "hyper_params": {
        "num_epochs": 300,
        "batch_size": 1024,
        "learning_rate": 0.001,
        "early_stop_patience": 9223372036854775807
    }
}