{
    "tagnames": [
        "3370-01-G-MODE",
        "3370-01-P-MODE",
        "3370-01-AI081",
        "3370-01-AI082",
        "3370-01-AI083",
        "3370-01-AI084",
        "3370-01-AI085"
    ],
    "target_tagnames": [
        "3370-01-G-MODE",
        "3370-01-P-MODE",
        "3370-01-AI081",
        "3370-01-AI082",
        "3370-01-AI083",
        "3370-01-AI084",
        "3370-01-AI085"
    ],
    "data_params": {
        "sampling_interval_seconds": 5,
        "durations": [
            {
                "start": "2023-11-25 00:00:10.466",
                "end": "2024-05-14 03:31:17.862"
            },
            {
                "start": "2024-05-15 05:32:12.824",
                "end": "2024-06-13 03:16:38.473"
            },
            {
                "start": "2024-06-13 23:30:41.221",
                "end": "2024-09-04 00:00:00.000"
            }
        ]
    },
    "model_params": {
        "window_size": 8,
        "scaler_type": "MinMaxScaler",
        "optimizer_type": "ADAM"
    },
    "hyper_params": {
        "num_epochs": 300,
        "batch_size": 1024,
        "learning_rate": 0.001,
        "early_stop_patience": 9223372036854775807
    }
}