{
    "tagnames": [
        "3370-01-AI026",
        "3370-01-AI027",
        "3370-01-AI028",
        "3370-01-DTGATE-AI002",
        "3370-01-AI025",
        "3370-01-AI024",
        "3370-01-AI029",
        "3370-01-AI078-1",
        "3370-01-G-MODE",
        "3370-01-AI079",
        "3370-01-P-MODE"
    ],
    "target_tagnames": [
        "3370-01-AI026",
        "3370-01-AI027",
        "3370-01-AI028",
        "3370-01-DTGATE-AI002",
        "3370-01-AI025",
        "3370-01-AI024",
        "3370-01-AI029",
        "3370-01-AI078-1",
        "3370-01-G-MODE",
        "3370-01-AI079",
        "3370-01-P-MODE"
    ],
    "data_params": {
        "sampling_interval_seconds": 5,
        "durations": [
            {
                "start": "2023-11-25 00:00:02.486",
                "end": "2023-12-20 04:07:56.335"
            },
            {
                "start": "2023-12-21 09:02:17.404",
                "end": "2023-12-26 04:39:41.679"
            },
            {
                "start": "2023-12-27 12:27:28.854",
                "end": "2024-05-14 03:31:17.862"
            },
            {
                "start": "2024-05-15 08:25:38.931",
                "end": "2024-06-13 03:16:38.473"
            },
            {
                "start": "2024-06-14 08:10:59.541",
                "end": "2024-06-26 23:41:40.763"
            },
            {
                "start": "2024-07-09 12:18:55.877",
                "end": "2024-08-29 19:42:17.404"
            },
            {
                "start": "2024-08-30 21:43:12.366",
                "end": "2024-09-01 19:58:10.076"
            },
            {
                "start": "2024-09-03 03:45:57.251",
                "end": "2024-09-04 00:00:00.000"
            }
        ]
    },
    "model_params": {
        "window_size": 8,
        "scaler_type": "MinMaxScaler",
        "optimizer_type": "ADAM"
    },
    "hyper_params": {
        "num_epochs": 300,
        "batch_size": 1024,
        "learning_rate": 0.001,
        "early_stop_patience": 9223372036854775807
    }
}