{
    "tagnames": [
        "3370-02-G-MODE",
        "3370-02-P-MODE",
        "3370-02-AI215",
        "3370-02-AI216",
        "3370-02-AI217"
    ],
    "target_tagnames": [
        "3370-02-G-MODE",
        "3370-02-P-MODE",
        "3370-02-AI215",
        "3370-02-AI216",
        "3370-02-AI217"
    ],
    "data_params": {
        "sampling_interval_seconds": 5,
        "durations": [
            {
                "start": "2023-11-25 00:00:05.489",
                "end": "2024-05-14 03:31:17.862"
            },
            {
                "start": "2024-05-15 05:32:12.824",
                "end": "2024-05-28 14:23:30.687"
            },
            {
                "start": "2024-07-14 02:09:27.938",
                "end": "2024-09-04 00:00:00.000"
            }
        ]
    },
    "model_params": {
        "window_size": 8,
        "scaler_type": "MinMaxScaler",
        "optimizer_type": "ADAM"
    },
    "hyper_params": {
        "num_epochs": 300,
        "batch_size": 1024,
        "learning_rate": 0.001,
        "early_stop_patience": 9223372036854775807
    }
}